group_id,primary,source,reference,jesus_words,title,pullquote,core_message,context,parallels_refs,notes
1000,Y,Matthew,Matthew 3:15,Let it be so now; it is proper for us to do this to fulfill all righteousness.”,The Baptism of Jesus,The Messiah steps into John's water. The one who needs nothing chooses solidarity with those who need everything.,Jesus enters John's immersion not to be cleansed of sin but to align himself publicly with the renewal movement calling Israel back to God.,"John's immersion in the Jordan was not a symbol. It was the entry ritual of a renewal movement — the wilderness community fulfilling Isaiah 40:3, preparing the way of the Lord. When Jesus walks into that water, he is doing something specific and political. He is publicly identifying with John, with the Nazarene / Essene / Ebionim stream, and with the covenant renewal they represent. John protests because he sees the hierarchy backwards. Jesus corrects him: this is what right alignment looks like. Righteousness — *tzedakah* in Hebrew — is not moral perfection. It is right relationship, right standing, doing what the moment requires. And this moment requires that the teacher take his place among those already turning back to God.

Mark, the earliest gospel, gives no protest and no explanation — Jesus simply comes and is immersed. Matthew adds this exchange to answer a problem the later church had already begun to feel: if Jesus is sinless, why did he need John's immersion? The answer he supplies is not doctrinal but relational. Baptism in living water had already replaced the altar in the wilderness community — prayer, repentance, and immersion were the way sins were dealt with, without a drop of blood. Jesus steps into that stream and endorses it with his own body. The heavens open on a man who has just publicly refused the temple economy and cast his lot with the movement in the desert.

The Gospel of the Ebionites, preserved by Epiphanius (*Panarion* 30.13.7-8), gives the exchange in near-identical form: *Suffer it; for thus it is fitting that everything should be fulfilled.* Same voice, same framing — an early independent witness that this scene traveled with the earliest Jewish-Christian community around James.",Matthew 3:15 | Q 3:21–22 | Hebrews 2:1–2; Hebrews 3:2–4 | Ebionites Panarion 30.13.7-8,
1000,N,Ebionites,Gospel of the Ebionites (Panarion 30.13.7-8),Suffer it; for thus it is fitting that everything should be fulfilled.,The Baptism of Jesus,The Messiah steps into John's water. The one who needs nothing chooses solidarity with those who need everything.,Jesus enters John's immersion not to be cleansed of sin but to align himself publicly with the renewal movement calling Israel back to God.,"John's immersion in the Jordan was not a symbol. It was the entry ritual of a renewal movement — the wilderness community fulfilling Isaiah 40:3, preparing the way of the Lord. When Jesus walks into that water, he is doing something specific and political. He is publicly identifying with John, with the Nazarene / Essene / Ebionim stream, and with the covenant renewal they represent. John protests because he sees the hierarchy backwards. Jesus corrects him: this is what right alignment looks like. Righteousness — *tzedakah* in Hebrew — is not moral perfection. It is right relationship, right standing, doing what the moment requires. And this moment requires that the teacher take his place among those already turning back to God.

Mark, the earliest gospel, gives no protest and no explanation — Jesus simply comes and is immersed. Matthew adds this exchange to answer a problem the later church had already begun to feel: if Jesus is sinless, why did he need John's immersion? The answer he supplies is not doctrinal but relational. Baptism in living water had already replaced the altar in the wilderness community — prayer, repentance, and immersion were the way sins were dealt with, without a drop of blood. Jesus steps into that stream and endorses it with his own body. The heavens open on a man who has just publicly refused the temple economy and cast his lot with the movement in the desert.

The Gospel of the Ebionites, preserved by Epiphanius (*Panarion* 30.13.7-8), gives the exchange in near-identical form: *Suffer it; for thus it is fitting that everything should be fulfilled.* Same voice, same framing — an early independent witness that this scene traveled with the earliest Jewish-Christian community around James.",Matthew 3:15 | Q 3:21–22 | Hebrews 2:1–2; Hebrews 3:2–4,"Epiphanius, Panarion 30.13.7-8"
1001,Y,Matthew,Matthew 4:4-10,"It is written: ‘Man shall not live on bread alone, but on every word that comes from the mouth of God.’ It is also written: ‘Do not put the Lord your God to the test.’ Away from me, Satan! For it is written: ‘Worship the Lord your God and serve him only.’”",Jesus is Tempted,"The devil in the desert is the ego. Each temptation targets lack, attachment, and control. Jesus answers each with trust.",Jesus's wilderness temptation is an allegory of the ego confronted and overcome by complete trust in God.,"Before Jesus spoke a single public word, he endured forty days alone in the Palestinian desert — an ordeal most people in the ancient world simply wouldn't survive. This wasn't accidental. It appears to have been a deliberate initiation ritual, likely connected to his community among the Nazarenes, designed to forge something in him through suffering and solitude.

Tellingly, the Gospel of Mark — the earliest gospel — doesn't record the temptation dialogue at all. No witness was present. Nobody could have known what Jesus said. The detailed conversation with ""the devil"" in Matthew and Luke is therefore best understood as a later theological narrative, an allegory encoding Jesus's inner experience.

The ""devil"" in this story represents the ego — HaSatan, the adversary, the accuser within. Each temptation targets a core ego-belief: lack, attachment, and the need for control. Jesus overcomes each by trusting in the eternal nature of God.",Matthew 4:4-10; Luke 4:4-27 | Thomas 31 | Q 4:1–13,
1001,N,Luke,Luke 4:4-27,"It is written: ‘Man shall not live on bread alone.’ It is written: ‘Worship the Lord your God and serve him only.’ It is said: ‘Do not put the Lord your God to the test.’ The Spirit of the Lord is on me, because he has anointed me to proclaim good news to the poor. He has sent me to proclaim freedom for the prisoners and recovery of sight for the blind, to set the oppressed free, to proclaim the year of the Lord’s favor. Today the scripture is fulfilled in your hearing. Surely you will quote this proverb to me: ‘Physician, heal yourself!’ And you will tell me, ‘Do here in your hometown what we have heard that you did in Capernaum.’ Truly I tell you, no prophet is accepted in his hometown. I assure you that there were many widows in Israel in Elijah’s time, when the sky was shut for three and a half years and there was a severe famine throughout the land. Yet Elijah was not sent to any of them, but to a widow in Zarephath in the region of Sidon. And there were many in Israel with leprosy in the time of Elisha the prophet, yet not one of them was cleansed – only Naaman the Syrian.”",Jesus is Tempted,"The devil in the desert is the ego. Each temptation targets lack, attachment, and control. Jesus answers each with trust.",Jesus's wilderness temptation is an allegory of the ego confronted and overcome by complete trust in God.,"Before Jesus spoke a single public word, he endured forty days alone in the Palestinian desert — an ordeal most people in the ancient world simply wouldn't survive. This wasn't accidental. It appears to have been a deliberate initiation ritual, likely connected to his community among the Nazarenes, designed to forge something in him through suffering and solitude.

Tellingly, the Gospel of Mark — the earliest gospel — doesn't record the temptation dialogue at all. No witness was present. Nobody could have known what Jesus said. The detailed conversation with ""the devil"" in Matthew and Luke is therefore best understood as a later theological narrative, an allegory encoding Jesus's inner experience.

The ""devil"" in this story represents the ego — HaSatan, the adversary, the accuser within. Each temptation targets a core ego-belief: lack, attachment, and the need for control. Jesus overcomes each by trusting in the eternal nature of God.",Matthew 4:4-10; Luke 4:4-27 | Thomas 31 | Q 4:1–13,
1002,Y,Matthew,Matthew 4:17,"Repent, for the kingdom of heaven has come near.”",The Kingdom Has Come Near,Turn — and you are already inside it. The kingdom is not a place you go. It is a reality you enter by facing the right direction.,Jesus's opening message is that the kingdom of God is present and available now to anyone willing to turn their whole heart toward it.,"This one sentence is the whole gospel of Jesus in miniature, and it is the message he opens his ministry with. *Metanoia* — the Greek word translated repent — does not mean feel guilty, do penance, or say a sinner's prayer. It means a transformation of consciousness, a turning of the mind and heart. And the kingdom of heaven has not arrived on a schedule you missed. It has come near. It is at hand. When you turn, you are in it. The prodigal son didn't need to earn his way back — the moment he turned around, the father was already there. Jesus is not announcing a future rescue. He is announcing that the reality of God is already breaking through, and the only thing separating anyone from it is the direction they are facing.

Matthew phrases it kingdom of *heaven*; Mark and Luke say kingdom of *God*. Matthew's Jewish audience avoided writing the divine name, so heaven is a reverent substitute — the two phrases mean the same thing. And Jesus picks up John's line word for word (Mt 3:2). He does not distance himself from his teacher; he takes up his message and carries it forward. The kingdom Jesus preaches is the one Thomas 113 makes explicit — spread out upon the earth, and people do not see it. Turn, and you see it. That is the entire invitation.",Matthew 4:17,
1003,Y,Matthew,Matthew 4:19,"Come, follow me and I will send you out to fish for people.”",Fishers of People,Drop the nets you know. Take up the net that gathers hearts. The invitation is not to a job. It is to a life.,Jesus calls his first disciples out of their trade and into the work of gathering people into the kingdom.,"The invitation is stark and immediate. No credentials required. No theology exam. Just a call to leave what you know and follow. And what Peter and Andrew leave is not incidental — it is their livelihood, their family business, their identity. This is the *aparneomai*, the self-disowning, that Jesus will name later. Discipleship begins the moment you unhook your identity from what you own and what you do. The Greek verb *deute* — come — is continuous. It is not a one-time altar call. It is a way of walking that begins with a single step and never quite ends.

The phrase fishers of people echoes Jeremiah 16:16, where God promises to send fishers to gather Israel back from exile. Jesus is not inventing a metaphor. He is stepping into a prophetic image the fishermen would have known from the synagogue. The wilderness community around him already spoke of gathering the lost sheep of Israel back into the covenant. Jesus is not building a religion or recruiting for an institution that does not yet exist. He is calling ordinary working people to join a renewal movement — the same movement John was preparing the way for. The talmid becomes like the rabbi. And this rabbi's first move is to invite Galilean fishermen into a work most rabbis would have thought them unfit for.",Matthew 4:19,
1004,Y,Matthew,Matthew 5:3-12,"Blessed are the poor in spirit, for theirs is the kingdom of heaven. Blessed are those who morn, for they will be comforted. Blessed are the meek, for they will inherit the earth. Blessed are those who hunger and thirst for righteousness, for they will be filled. Blessed are the merciful, for they will be shown mercy. Blessed are the pure in heart, for they will see God. Blessed are the peacemakers, for they will be called children of God. Blessed are those who are persecuted because of righteousness, for theirs is the kingdom of heaven. Blessed are you when people insult you, persecute you and falsely say all kinds of evil against you because of me. Rejoice and be glad, because great is your reward in heaven, for in the same way they persecuted the prophets who were before you.”",The Beatitudes,The Beatitudes aren't wall art. They're a portrait of the community Jesus was already living inside.,"The Beatitudes describe the character of people already inside the kingdom, embodying heaven's reality on earth.","The Sermon on the Mount is where Jesus lays out his most concentrated teaching — and he opens it not with rules, but with blessings. Each beatitude describes a character quality, and promises that living this way puts you inside the kingdom of God.
This wasn't abstract theology. Jesus was speaking directly to his community — the Ebionim, the poor ones — people who were already living in voluntary poverty, sharing everything, and being persecuted for it. ""Blessed are the poor in spirit"" and ""blessed are the meek"" weren't inspirational phrases on a wall. They were a direct affirmation of how his community was actually living.
Each beatitude is also a reflection of heaven's nature. In heaven there is no lack, so we help the needy. In heaven there are no enemies, so we make peace. In heaven there is no judgment, so we show mercy. Jesus wasn't just handing out compliments — he was painting a picture of what God's reality looks like, and calling his followers to embody it here on earth.
The closing beatitudes about persecution are particularly pointed. Jesus's Nazarene community was being rejected by mainstream Judaism and living on the margins of society. Blessing those who are persecuted for righteousness wasn't just comfort — it was validation. You're not losing. You're walking the narrow road.
The entire Sermon on the Mount, and the Beatitudes especially, represent the ""Edenic ideal"" — the kingdom of heaven made visible through how people treat each other. Not a future reward system, but a present way of being.","Matthew 5:3-12 | Thomas 54, 68, 69 | Q 6:20–26",
1005,Y,Matthew,Matthew 5:13-16,"You are the salt of the earth. But if the salt loses its saltiness, how can it be made salty again? It is no longer good for anything, except to be thrown out and trampled underfoot. You are the light of the world. A town built on a hill cannot be hidden. Neither do people light a lamp and put it under a bowl. Instead, they put it on its stand, and it gives light to everyone in the house. In the same way, let your light shine before others, that they may see your good deeds and glorify your Father in heaven.”",Salt and Light,You are the light. Not Him. You. The kingdom isn't what you believe. It's what you do.,Ordinary people are the mechanism by which God's kingdom becomes visible on earth.,"Right after the Beatitudes, Jesus makes a bold declaration: you are the salt of the earth and the light of the world. Not Him. You.
He's telling ordinary people — fishermen, peasants, the poor ones of his community — that they are the mechanism through which God's kingdom becomes visible on earth. A lamp doesn't get lit and then hidden under a bowl. Light is meant to be seen. 
We are expressions of God. The same love and compassion God pours into us, we are called to pour into each other. Our care for one another isn't separate from God's care for us — it is God's care, flowing through human hands.
Jesus is saying the kingdom isn't what you believe. It's what you do. Let people see it.","Matthew 5:13-16 | Thomas 32, 77 | Q 11:33; Q 14:34–35",
1006,Y,Matthew,Matthew 5:17-20,"Do not think that I have come to abolish the Law or the Prophets; I have not come to abolish them but to fulfill them. For truly I tell you, until heaven and earth disappear, not the smallest letter, nor the least stroke of a pen, will by any means disappear from the Law until everything is accomplished. Therefore anyone who sets aside one of the least of these commands and teaches others accordingly will be called least in the kingdom of heaven, but whoever practices and teaches these commands will be called great in the kingdom of heaven. For I tell you that unless your righteousness surpasses that of the Pharisees and the teachers of the law, you will certainly not enter the kingdom of heaven.”",Law & Prophets,Jesus said not one letter of the law will pass. Paul said Christ is the end of the law. Both can't be right.,Jesus upholds the Ten Commandments reduced to loving God and neighbor as the eternal law.,"The 'law' Jesus refers to are the ten commandments. That was it. Simple. Eternal. Rooted in God's own nature. Jesus championed these laws as the path to eternal life and reduced them to their purest form: love God with all your heart, love your neighbor as yourself. Everything else, he said, hangs on these two. This is the law Jesus says will never pass away. 

This is significant because Paul calls the Ten Commandments themselves ""the ministry of death carved in letters on stone."" Jesus said whoever knows and ignores even the least commandment will be called least in the kingdom of heaven.  

Paul writes in Romans 10:4 that Christ is the end of the law - as Jesus, himself, specifically says he did not come to end the law. Paul says the law is abolished, but Jesus says not one letter will disappear from the law until heaven and earth themselves pass away. For the record. Heaven and earth are still here.

This is one of many instances where Paul contradicts Jesus. Paul never met Jesus. Paul never preached any teachings of Jesus.  Both cannot both be right. You have to decide who you will follow.",Matthew 5:17-20 | Thomas 11 | Q 16:16–17,
1007,Y,Matthew,Matthew 5:21-26,"You have heard that it was said to the people long ago, ‘You shall not murder, and anyone who murders will be subject to judgement.’ But I tell you that anyone who is angry with a brother or sister will be subject to judgment. Again, anyone who says to a brother or sister, ‘Raca’ is answerable to the court. And anyone who says, ‘You Fool!’ Will be in danger of the fire of hell. Therefore, if you are offering your gift at the altar and there remember that your brother or sister has something against you, leave your gift there in front of the altar. First go and be reconciled to them; then come and offer your gift. Settle your matters quickly with your adversary who is taking you to court. Do it while you are still together on the way, or your adversary may hand you over to the judge, and the judge may hand you over to the officer, and you may be thrown into prison. Truly I tell you, you will not get out until you have paid the past penny.”",Anger is Murder,The commandment doesn't start at the knife. It starts in the room where you called someone a fool.,"Jesus internalizes the commandment against murder to include contempt, insult, and unreconciled anger toward another person.","Jesus does not soften the sixth commandment. He deepens it. Murder does not begin with a weapon. It begins in the heart, in the moment you strip a person of their dignity — call them Raca (empty-headed), call them a fool, hold contempt for them, refuse to see them as a brother or sister made in the image of God. The commandment against killing was always about protecting the sacredness of another human being. Jesus traces the violation back to its source. Every act of violence begins as a private judgment. Deal with it there, before it grows. Reconciliation is not a nice add-on. It is more urgent than worship — leave your gift at the altar. Go find the person. Set it right. Then come back. God is not interested in your sacrifice while your brother is still bleeding from what you did to him.

This is one of the six antitheses in the Sermon on the Mount — you have heard it said, but I say to you. Jesus is not overturning the Torah. He is doing what the prophets always did: pushing past the letter to the intent. The scribes had built centuries of case law around when killing counted and when it didn't. Jesus cuts through all of it with one move — the whole law is love of God and love of neighbor, and contempt is where love is already broken. The word *Gehenna*, translated hell, is the burning trash valley outside Jerusalem — a hell-on-earth image for a life consumed by its own bitterness. Settle it now. Every day you carry the grudge, the fire gets bigger.",Matthew 5:21-26 | Q 12:58–59,
1008,Y,Matthew,Matthew 5:27-30,"You have heard that it was said, ‘You shall not commit adultery.’ But I tell you that anyone who looks at a woman lustfully has already committed adultery with her in his heart. If your right eye causes you to stumble, gouge it out and throw it away. It is better for you to lose one part of your body than for your whole body be thrown into hell. And if your right hand causes you to stumble, cut it off and throw it away. It is better for you to lose one part of your body than for your whole body to go into hell.”",Adultery and Lust,The eye is the gateway. What you look at shapes what you think. What you think shapes who you become.,What you allow into your mind through what you look at forms who you become.,"The hyperbolic language about cutting off hands and gouging out eyes isn't literal. It's Jesus using dramatic emphasis to make a point about how seriously we should take what we allow into our minds. The eye is the gateway. What you look at shapes what you think. What you think shapes who you become.
Keep your eyes single — focused on God — and your whole body will be full of light.",Matthew 5:27-30,
1009,Y,Matthew,Matthew 5:31-32,"It has been said, ‘Anyone who divorces his wife must give her a certificate of divorce.’ But I tell you that anyone who divorces his wife, except for sexual immorality, makes her the victim of adultery, and anyone who marries a divorced woman commits adultery.”",Adultery,All four gospels record this one. Near-identical wording across independent sources is how you know it's bedrock.,"The teaching on divorce is preserved in all four gospels, marking it as a bedrock saying of Jesus.","This teaching appears in all four gospels — Matthew, Mark, Luke, and John all record it. That matters more than it might seem. The gospel writers worked from different sources and tradition. Only around ten percent of parallel passages appear in all four gospels - and near-identical wording is even more rare — which is precisely why scholars treat it as significant.",Matthew 5:31-32; Matthew 19:4-12; Mark 10:3-12 | Q 16:18,
1009,N,Matthew,Matthew 19:4-12,"Haven’t you read, that at the beginning the Creator ‘made them male and female’ and said, ‘For this reason a man will leave his father and mother and be united to his wife, and the two will become one flesh’? So they are no longer two, but one flesh. Therefore what God has joined together, let no one separate. Moses permitted you to divorce your wives because your hearts were hard. But it was not this way from the beginning. I tell you that anyone who divorces his wife, except for sexual immorality, and marries another woman commits adultery. Not everyone can accept this word, but only those to whom it has been given. For there are eunuchs who were born that way, and there are eunuchs who have been made eunuchs by others - and there are those who choose to live like eunuchs for the sake of the kingdom of heaven. The one who can accept this should accept it.”",Adultery,All four gospels record this one. Near-identical wording across independent sources is how you know it's bedrock.,"The teaching on divorce is preserved in all four gospels, marking it as a bedrock saying of Jesus.","This teaching appears in all four gospels — Matthew, Mark, Luke, and John all record it. That matters more than it might seem. The gospel writers worked from different sources and tradition. Only around ten percent of parallel passages appear in all four gospels - and near-identical wording is even more rare — which is precisely why scholars treat it as significant.",Matthew 5:31-32; Matthew 19:4-12; Mark 10:3-12 | Q 16:18,
1009,N,Mark,Mark 10:3-12,"What did Moses command you? It was because your hearts were hard that Moses wrote you this law. But at the beginning of creation God ‘made them male and female.’ For this reason a man will leave his father and mother and be united to his wife, and the two will become one flesh. Therefore what God has joined together, let no one separate. Anyone who divorces his wife and marries another woman commits adultery against her. And if she divorces her husband and marries another man, she commits adultery.”",Adultery,All four gospels record this one. Near-identical wording across independent sources is how you know it's bedrock.,"The teaching on divorce is preserved in all four gospels, marking it as a bedrock saying of Jesus.","This teaching appears in all four gospels — Matthew, Mark, Luke, and John all record it. That matters more than it might seem. The gospel writers worked from different sources and tradition. Only around ten percent of parallel passages appear in all four gospels - and near-identical wording is even more rare — which is precisely why scholars treat it as significant.",Matthew 5:31-32; Matthew 19:4-12; Mark 10:3-12 | Q 16:18,
1010,Y,Matthew,Matthew 5:33-37,"Again, you have heard that it was said to the people long ago, ‘Do not break your oath, but fulfill to the Lord the vows you have made.’ But I tell you, do not swear an oath at all: either by heaven, for it is God’s throne; or by the earth, for it is his footstool; or by Jerusalem, for it is the city of the Great King. And do not swear by your head, for you cannot make even one hair white or black. All you need to say is simply ‘Yes’ or ‘No’; anything beyond this comes from the evil one.”",Oaths,A person of truth simply speaks. No oath required. The one who keeps swearing is already telling you something.,"In the kingdom, truth stands on its own and needs no oath to reinforce it.","This is an Edenic ideal — in the kingdom of heaven there is only truth. Nobody needs to swear by God that they're telling the truth, because truth simply is. It stands on its own. It doesn't need decoration or reinforcement or an oath to make it credible. When you are telling the truth, you don't need to convince anyone. The truth defends itself.

Interestingly, Paul repeatedly swears before God in his letters — ""Before God, I am not lying"" (Galatians 1:20, 2 Corinthians 11:31, Romans 9:1). He protests his honesty so insistently that it becomes a pattern. Jesus says the person who constantly swears they're not lying is already telling you something. A person of truth simply speaks. No oath required.

There's also something deeper here about power and control. Every oath Jesus dismisses — heaven, earth, Jerusalem, your own head — points to the same thing: you don't actually control any of it. The compulsion to swear oaths comes from ego, from the need to project certainty and authority over things that ultimately belong to God. Let go of that. Speak plainly. Mean what you say. In the kingdom of heaven, your truth is enough.",Matthew 5:33-37,
1011,Y,Matthew,Matthew 5:38-42,"You have heard that it was said, ‘Eye for Eye, and tooth for tooth.’ But I tell you, do not resist an evil person. If anyone slaps you on the right cheek, turn to them the other cheek also. And if anyone wants to sue you and take your shirt, hand over your coat as well. If anyone forces you to go one mile, go with them two miles. Give to the one who asks you, and do not turn away from the one who wants to borrow from you.”",Revenge,Every act of revenge generates another. Someone has to stop the cycle. Jesus says that someone is you.,Non-retaliation is a deliberate strategy to break the momentum of revenge.,"The principle of retributive justice — you hurt me, I hurt you back equally — had been embedded in Jewish law for centuries. It even felt fair. Proportional revenge looks like justice. But Jesus saw exactly where it leads. As Gandhi later put it, an eye for an eye makes the whole world blind. 

Jesus's alternative is radical: don't resist the evil person. Turn the other cheek. Give more than is demanded of you. Go the extra mile. These aren't passive suggestions — they are a deliberate strategy to break the momentum of retaliation. Every act of revenge generates another. Someone has to stop. Jesus says that someone is you.

That is not weakness. In Jesus's framework, it is the most powerful thing a human being can do.",Matthew 5:38-42 | Thomas 95 | Q 6:27–30; Q 6:35,
1012,Y,Matthew,Matthew 5:43-48,"You have heard that it was said, ‘Love your neighbor and hate your enemy.’ But I tell you, love your enemies and pray for those who persecute you, that you may be children of your father in heaven. He causes his sun to rise on the evil and the good, and sends rain on the righteous and the unrighteous. If you love those who love you, what reward will you get? Are not even the tax collectors doing that? And if you greet only your own people, what are you doing more than others? Do not even pagans do that? Be perfect, therefore, as your heavenly Father is perfect.”",Love your Enemies,Telos doesn't mean flawless. It means fully grown. You were made for this. You can get there. Now grow.,"Being perfect as the Father is perfect means growing into the full human capacity for unconditional, universal compassion.","Jesus has just commanded his followers to love their enemies, bless those who curse them, and pray for those who persecute them. Now he gives the reason — and it is rooted entirely in the nature of God.
God makes the sun rise on the evil and the good. God sends rain on the righteous and the unrighteous. God's love doesn't check your credentials before it shines on you. It is unconditional, universal, indiscriminate. So if you only love people who love you back — so what? Even tax collectors do that. There is no virtue in loving those who are easy to love. Anyone can do that.
The measure of love is what you do with the people who are hardest to love. That is where God's nature becomes visible through a human life.
Then comes the closing line — be perfect, as your heavenly Father is perfect. And here is where most readers stop, intimidated by a standard that seems impossibly high.
But the Greek word is telos — and it doesn't mean sinless or morally flawless. It means fully developed. Complete. Arrived at your intended end. The word describes an adult in contrast to a child — someone who has grown into the fullness of what they were designed to be.
Luke's version of the same saying unlocks it further. Luke doesn't use perfect — he uses oiktirmōn, from the root oikteiro — compassionate, merciful, moved in your gut by another person's suffering. Not a principle. Not a rule. A felt, visceral response to human pain. Luke tells you exactly what telos looks like in practice — it looks like that.
This also echoes Hosea 6:6 — I desire mercy, not sacrifice — the verse Jesus himself quoted twice. The Hebrew word there is hesed — loving kindness, gut-level compassion, covenant faithfulness toward all people. Jesus is restoring that ancient standard and placing it at the summit of human possibility.
Put it all together and the picture is breathtaking. You were made in the image of a God whose love is unconditional and universal. That capacity is already in you. Telos is not an impossible demand — it is an invitation to grow into the fullness of what you were created to be. Not to become God, but to fully and completely attain the measure of compassion that a human being was always intended to embody.
This is not a threat. It is the most hopeful thing Jesus ever said. You were made for this. You can get there. Now grow.","Matthew 5:43-48; Luke 6:27-36 | Thomas 95 | Q 6:27–30; Q 6:31–32, 34; Q 6:35; Q 6:36 | Oxy 1224 6:1–2",
1012,N,Luke,Luke 6:27-36,"But to you who are listening I say: Love your enemies, do good to those who hate you, bless those who curse you, pray for those who mistreat you. If someone slaps you on the cheek, turn to them the other also. If someone takes your coat, do not withhold your shirt from them. Give to everyone who asks you, and if anyone takes what belongs to you, do not demand it back. Do to others as you would have them do to you. If you love those who love you, what credit is that to you? Even sinners love those who love them. And if you do good to those who are good to you, what credit is that to you? Even sinners do that. And if you lend to those from whom you expect repayment, what credit is that to you? Even sinners lend to sinners, expecting to be repaid in full. But love your enemies, do good to them, and lend to them without expecting to get anything back. Then your reward will be great, and you will be children of the Most High, because he is kind to the ungrateful and wicked. Be merciful, just as your Father is merciful.”",Love your Enemies,Telos doesn't mean flawless. It means fully grown. You were made for this. You can get there. Now grow.,"Being perfect as the Father is perfect means growing into the full human capacity for unconditional, universal compassion.","Jesus has just commanded his followers to love their enemies, bless those who curse them, and pray for those who persecute them. Now he gives the reason — and it is rooted entirely in the nature of God.
God makes the sun rise on the evil and the good. God sends rain on the righteous and the unrighteous. God's love doesn't check your credentials before it shines on you. It is unconditional, universal, indiscriminate. So if you only love people who love you back — so what? Even tax collectors do that. There is no virtue in loving those who are easy to love. Anyone can do that.
The measure of love is what you do with the people who are hardest to love. That is where God's nature becomes visible through a human life.
Then comes the closing line — be perfect, as your heavenly Father is perfect. And here is where most readers stop, intimidated by a standard that seems impossibly high.
But the Greek word is telos — and it doesn't mean sinless or morally flawless. It means fully developed. Complete. Arrived at your intended end. The word describes an adult in contrast to a child — someone who has grown into the fullness of what they were designed to be.
Luke's version of the same saying unlocks it further. Luke doesn't use perfect — he uses oiktirmōn, from the root oikteiro — compassionate, merciful, moved in your gut by another person's suffering. Not a principle. Not a rule. A felt, visceral response to human pain. Luke tells you exactly what telos looks like in practice — it looks like that.
This also echoes Hosea 6:6 — I desire mercy, not sacrifice — the verse Jesus himself quoted twice. The Hebrew word there is hesed — loving kindness, gut-level compassion, covenant faithfulness toward all people. Jesus is restoring that ancient standard and placing it at the summit of human possibility.
Put it all together and the picture is breathtaking. You were made in the image of a God whose love is unconditional and universal. That capacity is already in you. Telos is not an impossible demand — it is an invitation to grow into the fullness of what you were created to be. Not to become God, but to fully and completely attain the measure of compassion that a human being was always intended to embody.
This is not a threat. It is the most hopeful thing Jesus ever said. You were made for this. You can get there. Now grow.","Matthew 5:43-48; Luke 6:27-36 | Thomas 95 | Q 6:27–30; Q 6:31–32, 34; Q 6:35; Q 6:36 | Oxy 1224 6:1–2",
1013,Y,Matthew,Matthew 6:1-4,"Be careful not to practice your righteousness in front of others to be seen by them. If you do, you will have no reward from your Father in heaven. So when you give to the needy, do not announce it with trumpets, as the hypocrites do in the synagogues and on the streets, to be honored by others. Truly I tell you, they have received their reward in full. But when you give to the needy, do not let your left hand know what your right hand is doing, so that your giving may be in secret. Then your Father, who sees what is done in secret, will reward you.”",Charity,Generosity as self-promotion isn't generosity. It's ego wearing a mask.,The intention behind an act of giving matters more than the act itself.,"This is Jesus going straight to the heart again. The act of giving isn't what matters most — the intention behind it is everything. A good work, by definition, has to come from a good heart. If your generosity is really just self-promotion in disguise — a way of building your reputation, your image, your sense of being a good person — then it isn't really generosity at all. It's ego wearing a mask.
Jesus illustrates this perfectly in the parable of the Pharisee and the tax collector in Luke 18:9-14. The Pharisee fasts, tithes, and prays loudly in the temple — a model citizen of religion. The tax collector can't even lift his eyes. He just bows his head and asks God to have mercy on him. Jesus says the tax collector goes home justified. The Pharisee does not.
The outward performance counted for nothing. The humble, honest heart counted for everything.
Jesus isn't discouraging good works. He's calling us to something far deeper — acts of love and generosity so pure, so free of self-interest, that we don't even need anyone to know about them. That is the standard. That is the narrow road.",Matthew 6:1-4 | Thomas 62,
1014,Y,Matthew,Matthew 6:5-15,"And when you pray, do not be like the hypocrites, for they love to pray standing in the synagogues and on the street corners to be seen by others. Truly I tell you, they have received their reward in full. But when you pray, go into your room, close the door, and pray to your Father, who is unseen. Then your Father, who sees what is done in secret, will reward you. And when you pray, do not keep on babbling like pagans, for they think they will be heard because of their many words. Do not be like them, for your Father knows what you need before you ask him. This, then, is how you should pray: ‘Our Father in heaven, hallowed be your name, your kingdom come, your will be done, on earth as it is in heaven. Give us today our daily bread. And forgive us our debts, as we also have forgiven our debtors. And lead us not into temptation, but deliver us from the evil one.’ For if you forgive other people when they sin against you, your heavenly Father will also forgive you. But if you do not forgive others their sins, your Father will not forgive your sins.”",Lord's Prayer,"Forgive as you are forgiven. The word is 'as' — same way, same measure. Unforgiveness is incompatible with the kingdom.","The Lord's Prayer is the whole gospel in miniature: bring heaven to earth now, and forgive as you are forgiven.","This prayer contains the entire gospel of Jesus in miniature — love God, bring heaven to earth, forgive as you are forgiven, trust God for your daily needs, and resist the pull of evil. Not a theological formula. A way of living.

It opens with our Father — not my Father. Communal. Inclusive. And the Father is in heaven. The kingdom of heaven, as Jesus said elsewhere, is within you and all around you. Heaven is the reality of God's nature made fully present.

Thy kingdom come, thy will be done — on earth as it is in heaven. This is the whole mission in one line. Not escape from earth into heaven after death. Not waiting for an apocalyptic rescue. The prayer is for heaven's reality — love, peace, forgiveness, wholeness — to break into this world, right now. The prayer is entirely in the present tense. 

Forgive us our trespasses as we forgive those who trespass against us. The qualifying word here is as — in the same way, in the same measure. Jesus then restates it in verses 14 and 15 to make sure nobody misses it: if you forgive others, you will be forgiven. If you don't, you won't. Forgiveness is not optional in the Jesus way. It is the mechanism by which we stay aligned with God's reality. You cannot hold unforgiveness in your heart and simultaneously be in the kingdom. The two are incompatible.

Fun fact: You may say after this: 'For thine is the kingdom, the power and the glory Forever. Amen.' was not recorded in the earliest Greek manuscripts so it is considered a scribal addition. However, the earliest manuscript of Jesus' teachings is The Didache (The Teaching of the 12 apostles) a mid 1st century text. It contains ""For thine is the power and the glory, forever"". The earliest, closest to source wins.",Matthew 6:5-15 | Q 11:2–4 | Nazoreans 3,
1015,Y,Matthew,Matthew 6:16-18,"When you fast, do not look somber as the hypocrites do, for they disfigure their faces to show others they are fasting. Truly I tell you, they have received their reward in full. But when you fast, put oil on your head and wash your face, so that it will not be obvious to others that you are fasting, but only to your Father, who is unseen; and your Father who sees what is done in secret, will reward you.”",Fasting,"Giving, prayer, fasting — three teachings, one point. Religious performance dressed as devotion is self-serving.",Fasting done for an audience has already received its full reward and carries no weight with God.,"At the Sermon on the Mount, Jesus has just taught that giving should be done quietly, without fanfare (Matthew 6:1-4), and that prayer should happen in secret rather than on street corners for everyone to admire (Matthew 6:5-8).

Now he applies the exact same principle to fasting — completing a trilogy of teachings that together make one unified point. Don't perform it. Don't whine about how hard it is so people can see you're suffering and admire you for your devotion. The person who fasts for an audience has already received everything they're going to get — the impressed glances of passersby. That's their reward in full.  Instead, let your fasting be between you and God alone.  

But the common lesson throughout all three teachings — giving, prayer, fasting — is this: intention is everything. Religious performance dressed up as devotion is self serving.  The act itself matters far less than what is driving it. A secret fast motivated by genuine love of God carries more weight than a public display of suffering designed to impress others.",Matthew 6:16-18,
1016,Y,Matthew,Matthew 6:19-24,"Do not store up for yourselves treasures on earth, where moths and vermin destroy, and where thieves break in and steal. But store up for yourselves treasures in heaven, where moths and vermin do not destroy, and where thieves do not break in and steal. For where your treasure is, there your heart will be also. The eye is the lamp of the body. If your eyes are healthy, your whole body will be full of light. But if your eyes are unhealthy, your whole body will be full of darkness. If then the light within you is darkness, how great is that darkness! No one can serve two masters. Either you will hate the one and love the other, or you will be devoted to the one and despise the other. You cannot serve both God and money.”",Treasure,What you treasure is your heart's true measure. Not what you say you believe. What you actually chase.,What you spend your time and energy pursuing reveals who you actually are.,"Jesus makes a simple and devastating observation: what you spend your time, energy, and heart pursuing tells you everything about who you actually are. Not who you think you are. Not what you say you believe. What you treasure.

But this teaching goes well beyond financial advice. For Jesus, ""treasure in heaven"" meant investing in the eternal — in love, forgiveness, service, and God's kingdom made present on earth. The parable of the hidden treasure and the pearl of great price say the same thing: when you truly see the value of the kingdom, you willingly let go of everything else to possess it. Not as deprivation, but as liberation.

Notably this teaching appears not only in Matthew but in Luke and the Gospel of Thomas — three independent traditions carrying the same message. The ego, is insatiable. No amount of worldly approval, wealth, or achievement ever fully satisfies. Jesus understood this perfectly. The only treasure that doesn't rust is the kind stored in the eternal. 

What you treasure is your heart's true measure. That single line contains the whole teaching.","Matthew 6:19-24 | Thomas 47, 76 | Q 11:34–35; Q 12:33–34; Q 16:13",
1017,Y,Matthew,Matthew 6:25-34,"Therefore, I tell you, do not worry about your life, what you will eat or drink; or about your body, what you will wear. Is not life more than food, and the body more than clothes? Look at the birds of the air; they do not sow or reap or store away in barns, and yet your heavenly Father feeds them. Are you not much more valuable than they? Can any one of you by worrying add a single hour to your life? And why do you worry about clothes? See how the flowers of the field grow. They do not labor or spin. Yet I tell you that not even Solomon in all his splendor was dressed like one of these. If that is how God clothes the grass of the field, which is here today and tomorrow is thrown into the fire, will he not much more clothe you – you of little faith? So do not worry, saying, ‘What shall we eat?’ or ‘What shall we drink?’ or ‘What shall we wear?’ For the pagans run after all these things, and your heavenly Father knows that you need them. But seek first his kingdom and his righteousness, and all these things will be given to you as well. Therefore do not worry about tomorrow, for tomorrow will worry about itself. Each day has enough trouble of its own.”",Don't Fret,Anxiety is ego telling you you're alone. Nature doesn't worry. Seek the kingdom first and let the rest follow.,"Anxiety is rooted in the ego's belief that you are alone, and radical trust in God's care dissolves it.","This is Jesus as natural theologian — reading the character of God directly from the created world. Nature doesn't worry. It simply lives, fully, in the present moment. And Jesus calls his followers to the same trust. The filing points something deeper here. Anxiety is rooted in ego — the belief that you are alone, that your survival depends entirely on your own effort, that God either doesn't exist or doesn't care. Jesus is dismantling that belief directly. A God who is all-knowing, all-present, and all-loving already knows what you need before you ask. Fretting doesn't add a single hour to your life. It just robs the present moment of its peace. The closing line is the key to everything: seek first the kingdom of God and his justice, and all these things will come to you. Don't chase the provisions — chase the kingdom. Align yourself with God's reality, live by God's law of love, and trust that the rest will follow. This is not passive fatalism. It is radical, active trust — the kind that frees you to love fully, give generously, and be completely present, because you are no longer consumed by fear of tomorrow.","Matthew 6:25-34; Luke 12:22-34 | Thomas 36, 76 | Q 12:22–31; Q 12:33–34",
1017,N,Luke,Luke 12:22-34,"Therefore I tell you, do not worry about your life, what you will eat; or about your body, what you will wear. For life is more than food, and the body more than clothes. Consider the ravens: they do not sow or reap; they have no storeroom or barn; yet God feeds them. And how much more valuable you are than birds! Who of you by worrying can add a single hour to your life? Since you cannot do this very little thing, why do you worry about the rest? Consider how the wildflowers grow. They do not labor or spin. Yet I tell you, not even Solomon in all his splendor was dressed like one of these. If that is how God clothes the grass of the field, which is here today, and tomorrow is thrown into the fire, how much more will he clothe you – you of little faith! And do not set your hart on what you will eat or drink; do not worry about it. For the pagan world runs after all such things, and your Father knows that you need them. But seek his kingdom, and these things will be given to you as well. Do not be afraid, little flock, for your Father has been pleased to give you the kingdom. Sell your possessions and give to the poor. Provide purses for yourselves that will not wear out, a treasure in heaven that will never fail, where no thief comes near, and no moth destroys. For where your treasure is, there your heart will be also.”",Don't Fret,Anxiety is ego telling you you're alone. Nature doesn't worry. Seek the kingdom first and let the rest follow.,"Anxiety is rooted in the ego's belief that you are alone, and radical trust in God's care dissolves it.","This is Jesus as natural theologian — reading the character of God directly from the created world. Nature doesn't worry. It simply lives, fully, in the present moment. And Jesus calls his followers to the same trust. The filing points something deeper here. Anxiety is rooted in ego — the belief that you are alone, that your survival depends entirely on your own effort, that God either doesn't exist or doesn't care. Jesus is dismantling that belief directly. A God who is all-knowing, all-present, and all-loving already knows what you need before you ask. Fretting doesn't add a single hour to your life. It just robs the present moment of its peace. The closing line is the key to everything: seek first the kingdom of God and his justice, and all these things will come to you. Don't chase the provisions — chase the kingdom. Align yourself with God's reality, live by God's law of love, and trust that the rest will follow. This is not passive fatalism. It is radical, active trust — the kind that frees you to love fully, give generously, and be completely present, because you are no longer consumed by fear of tomorrow.","Matthew 6:25-34; Luke 12:22-34 | Thomas 36, 76 | Q 12:22–31; Q 12:33–34",
1018,Y,Matthew,Matthew 7:1-6,"Do not judge, or you too will be judged. For in the same way you judge others, you will be judged, and with the measure you use, it will be measured to you. Why do you look at the speck of sawdust in your brother’s eye and pay no attention to the plank in your own eye? How can you say to your brother, ‘Let me take the speck out of your eye,’ when all the time there is a plank in your own eye? You hypocrite, first take the plank out of your own eye, and then you will see clearly to remove the speck from your brother’s eye. Do not give dogs what is sacred; do not throw your pearls to the pigs. If you do, they may trample them under their feet, and turn and tear you to pieces.”",Planks,The speck is the other person's fault. The plank is yours. Self-examination is the prerequisite for clear sight.,Judgment of others is impossible until you've honestly examined your own failures first.,"Jesus has just commanded his followers not to judge. Then he delivers an image that is deliberately absurd — a plank in someone's eye — because Jesus wanted it to land hard. It does!  The speck is figurative judgement of another when they have their own plank in their eye. Jesus said 'If you judge, then you will be judged'.  We all have a speck or a plank. Self-examination is the prerequisite for clear sight. A person who has genuinely wrestled with their own failures doesn't judge — they help. This passage appears in Matthew, Luke, Q, and the Gospel of Thomas so it is clearly an essential teaching of the Master.","Matthew 7:1-6; Luke 6:37-42 | Thomas 26, 34, 93 | Q 6:37–40; Q 6:41–42",
1018,N,Luke,Luke 6:37-42,"Do not judge, and you will not be judged. Do not condemn, and you will not be condemned. Forgive, and you will be forgiven. Give, and it will be given to you. A good measure, pressed down, shaken together and running over, will be poured into your lap. For with the measure you use, it will be measured to you. Can the blind lead the blind? Will they not both fall into a pit? The student is not above the teacher, but everyone who is fully trained will be like their teacher. Why do you look at the speck of sawdust in your brother’s eye and pay no attention to the plank in your own eye? How can you say to your brother, ‘Brother, let me take the speck out of your eye,’ when you yourself fail to see the plank in your own eye? You hypocrite, first take the plank out of your eye, and then you will see clearly to remove the speck from your brother’s eye.”",Planks,The speck is the other person's fault. The plank is yours. Self-examination is the prerequisite for clear sight.,Judgment of others is impossible until you've honestly examined your own failures first.,"Jesus has just commanded his followers not to judge. Then he delivers an image that is deliberately absurd — a plank in someone's eye — because Jesus wanted it to land hard. It does!  The speck is figurative judgement of another when they have their own plank in their eye. Jesus said 'If you judge, then you will be judged'.  We all have a speck or a plank. Self-examination is the prerequisite for clear sight. A person who has genuinely wrestled with their own failures doesn't judge — they help. This passage appears in Matthew, Luke, Q, and the Gospel of Thomas so it is clearly an essential teaching of the Master.","Matthew 7:1-6; Luke 6:37-42 | Thomas 26, 34, 93 | Q 6:37–40; Q 6:41–42",
1019,Y,Matthew,Matthew 7:7-12,"Ask and it will be given to you; seek and you will find; knock and the door will be opened to you. For everyone who asks receives; the one who seeks finds; and to the one who knocks, the door will be opened. Which of you, if your son asks for bread, will give him a stone? Or if he asks for a fish, will give him a snake? If you, then, though you are evil, know how to give good gifts to your children, how much more will your Father in heaven give good gifts to those who ask him! So in everything, do to others what you would have them do to you, for this sums up the Law and the Prophets.”",Good Father,God is not a reluctant judge to be talked into blessing you. God is a good Father whose default is generosity.,"God's default disposition toward you is generosity, not withholding.","Jesus had just said — ask and you will receive, seek and you will find. Anyone seeking the kingdom will find it. Period. Then Jesus equates this to something infinitely better than a father could give their own child.  

This is one of the most important teachings Jesus gave about who God actually is. Not a reluctant judge who has to be talked into blessing you. Not a distant deity requiring sacrifice and payment before he'll act on your behalf. A Father. A good one. One whose default setting is generosity, not withholding.

Jeremiah saw it too — ""For I know the plans I have for you, declares the Lord, plans to prosper you and not to harm you, plans to give you hope and a future"" (Jeremiah 29:11). God has always been this way. Jesus is showing us the God that was, is and is to come.","Matthew 7:7-12 | Thomas 2, 92, 94 | Q 11:9–13; Q 6:31–32, 34; Q 6:36",
1020,Y,Matthew,Matthew 7:13-14,"Enter through the narrow gate. For wide is the gate and broad is the road that leads to destruction, and many enter through it. But small is the gate and narrow the road that leads to life, and only a few find it.”",Narrow Gate,The wide road that feels safe is destruction. The narrow road that feels costly is life.,"The narrow road is the demanding path of love, forgiveness, and non-judgment that Jesus laid out in the Sermon on the Mount.","This teaching is ancient. Long before Jesus, the Hebrew tradition spoke of two ways — the way of life and the way of death. Deuteronomy put it plainly: choose life. The Essene communities that preceded Jesus built their entire way of life around it. The Didache — 'The Teaching of the 12 Apostles - is one of the oldest surviving Christian documents, likely predating most of the New Testament — opens with exactly this framework: ""There are two ways, one of life and one of death, and there is a great difference between the two ways."" Jesus wasn't introducing a new idea. He was restoring the oldest one.
The wide road is easy. It requires nothing of you. No inner transformation, no love of enemies, no forgiveness, no service, no letting go of ego and wealth and status. Just go along with the crowd. And according to Jesus — most people do.
The narrow road is hard. Not because God made it hard, but because the ego resists it at every turn. Loving your enemies is hard. Forgiving unconditionally is hard. Serving others before yourself is hard. Keeping your heart open when the world closes in — that is the narrow way. Few find it.
Jesus has just spent the entire Sermon on the Mount describing the narrow road in precise detail — love, forgiveness, non-judgment, generosity, prayer, humility, seeking the kingdom. That is the narrow gate. It's not a secret. It's not hidden. It's just genuinely demanding.
And there's a beautiful paradox buried here. The narrow road — completely open heart, love for all, even your enemies — sounds like the most inclusive path imaginable. But it's the one few choose. The wide road — judge who deserves love, exclude the unworthy, close your heart — feels exclusive and righteous. Jesus flips it entirely. The wide road that feels safe is destruction. The narrow road that feels costly is life.
This appears in Matthew, Luke, Q, and the Gospel of Thomas. Jesus clearly considered it one of his most essential teachings.",Matthew 7:13-14 | Q 13:24–27,
1021,Y,Matthew,Matthew 7:15-20,"Watch out for false prophets. They come to you in sheep’s clothing, but inwardly they are ferocious wolves. By their fruit you will recognize them. Do people pick grapes from thornbushes, or figs from thistles? Likewise, every good tree bears good fruit, but a bad tree bears bad fruit. A good tree cannot bear bad fruit, and a bad tree cannot bear good fruit. Every tree that does not bear good fruit is cut down and thrown into the fire. Thus, by their fruit you will recognize them.”",By Their Fruits,You don't need a theology degree. Look at what a teacher's message actually produces in people's lives.,You can identify false teachers by looking honestly at what their teaching produces in people's lives.,"Jesus has just described the narrow road. Now, immediately after, he issues a warning — watch out for people who will come along and make the wide road look like the narrow one. Wolves in sheep's clothing. Teachers who sound like they're speaking for God but whose fruit tells a different story.

The test he gives is disarmingly simple: you'll know them by what they produce. A rotten tree produces rotten fruit. You don't need a theology degree to apply this test. You just need to look honestly at what a person's teaching actually produces in people's lives.

Its unlimited in its application - from parents to pastors, politicians and even apostles. Regardless of what others say about them, does their teaching promote love, forgiveness, generosity?  Or does it produce fear, division, judgment, and exclusion?

Jesus trusted ordinary people to make this call. He didn't say wait for the experts to decide. He said look at the fruit. Anyone can do that.",Matthew 7:15-20 | Q 6:43–45,
1022,Y,Matthew,Matthew 7:21-23,"Not everyone who says to me, ‘Lord, Lord,’ will enter the kingdom of heaven, but only the one who does the will of my Father who is in heaven. Many will say to me on that day, ‘Lord, Lord, did we not prophesy in your name and in your name drive out the demons and, in your name, perform many miracles?’ Then I will tell them plainly, ‘I never knew you. Away from me, you evildoers!’”","Lord, Lord.",Jesus said many who call him Lord will be turned away. Paul says confess and believe and you're in. Both can't be right.,"Entry into the kingdom depends on actively doing the Father's will, not on confessing Jesus as Lord.","This is perhaps the most ignored teaching in all of Christianity — and arguably the most important.
Jesus is clear. Entry into the kingdom is determined by one thing alone: doing the will of the Father.

And what is the will of the Father? Jesus answers this directly and consistently every time he's asked. Follow the Law > Keep the commandments > Love God. Love others.  Feed the hungry. Clothe the naked. Care for the suffering. Whatever you do for the least of these, you do for me. The criterion never changes. It is always love — active, embodied, costly love for other human beings.

So why is this teaching so ignored? Because mainstream Christianity has chosen Paul over Jesus. Romans 10:9 — Paul's salvation teaching — is preached from the vast majority of American pulpits every Sunday: confess Jesus as Lord, believe in his resurrection, and you will be saved. Confess and believe. That's it. Nothing else required.

But Jesus explicitly says that confessing him as Lord will not get you in. He says it plainly. He says many will do exactly that — and be turned away. Not a few. Many. And he never once tells anyone to believe in his resurrection.

That word — many — should stop us cold. Jesus already told us that - many - travel the wide road that leads to destruction (Matt 7:13). Paul's gospel of easy believism is quite literally the broadest road there is. Confess, believe, and you're in. No transformation required. No enemies to love. No hungry to feed.

Jesus's gospel is simple but not easy: deny yourself, love your enemies, forgive everyone, serve the least of these. Paul's gospel asks nothing of your life. These are direct contradictions — and both cannot be right.",Matthew 7:21-23 | Q 13:24–27; Q 6:46–49,
1023,Y,Matthew,Matthew 7:24-27,"Therefore everyone who hears these words of mine and puts them into practice is like a wise man who built his house on the rock. The rain came down, the streams rose, and the winds blew and beat against that house; yet it did not fall, because it had its foundation on the rock. But everyone who hers these words of mine and does not put them into practice is like a foolish man who built his house on sand. The rain came down, the streams rose, and the winds blew and beat against that house, and it fell with a great crash.”",Built on Rock,The sand isn't rejecting Jesus. It's worshipping him while ignoring what he actually taught.,Only those who hear Jesus's teachings and actually do them build a life that will stand.,"Jesus closes the greatest sermon in history not with a theological statement but with a personal challenge directed at every single person who just heard it — including you.

Two kinds of people encounter his teachings. Those who hear and do what Jesus spent three chapters laying out: repent, seek, keep the commandments, love God & God's creation, forgive, don't judge, serve the least of these and be the light. That is the bedrock.

But, the sand isn't just outright rejection of Jesus. It can look very familiar: worshipping Jesus, going to church, memorizing Bible verses, wearing Jesus merch and believing that you believe the right things that will get you into heaven.

Jesus rejects that by saying: that house will fall.  He said it to the crowd on that hillside two thousand years ago. He is saying it to you today.",Matthew 7:24-27; Luke 6:46-49 | Thomas 36 | Q 12:22–31; Q 6:46–49,
1023,N,Luke,Luke 6:46-49,"Why do you call me, ‘Lord, Lord,’ and do not do what I say? As for everyone who comes to me and hears my words and puts them into practice, I will show you what they are like. They are like a man building a house, who dug down deep and laid the foundation on rock. When a flood came, the torrent struck that house but could not shake it, because it was well built. But the one who hears my words and does not put them into practice is like a man who built a house on the ground without a foundation. The moment the torrent struck that house, it collapsed and its destruction was complete.”",Built on Rock,The sand isn't rejecting Jesus. It's worshipping him while ignoring what he actually taught.,Only those who hear Jesus's teachings and actually do them build a life that will stand.,"Jesus closes the greatest sermon in history not with a theological statement but with a personal challenge directed at every single person who just heard it — including you.

Two kinds of people encounter his teachings. Those who hear and do what Jesus spent three chapters laying out: repent, seek, keep the commandments, love God & God's creation, forgive, don't judge, serve the least of these and be the light. That is the bedrock.

But, the sand isn't just outright rejection of Jesus. It can look very familiar: worshipping Jesus, going to church, memorizing Bible verses, wearing Jesus merch and believing that you believe the right things that will get you into heaven.

Jesus rejects that by saying: that house will fall.  He said it to the crowd on that hillside two thousand years ago. He is saying it to you today.",Matthew 7:24-27; Luke 6:46-49 | Thomas 36 | Q 12:22–31; Q 6:46–49,
1024,Y,Matthew,Matthew 8:3-4,"I am willing, be clean. See that you don’t tell anyone. But go, show yourself to the priest and offer the gift Moses commanded, as a testimony to them.”",I Am Willing,A leper reaches out. The rabbi reaches back. The rule said untouchable. Jesus said clean.,"Jesus heals a man with leprosy by touching him and declaring him clean, restoring both his body and his place in the community.","Under Leviticus 13-14, a person with leprosy was untouchable, exiled from the camp, required to call out unclean, unclean when anyone approached. Jesus does the one thing the law forbids and does it first. He touches the man. And the direction of contagion reverses — instead of Jesus becoming unclean, the man becomes clean. The kingdom does not spread uncleanness. It spreads wholeness. And it moves through contact, not distance. This is the pattern all through the healing stories: Jesus enters the space of the person the system has cast out, and the system's categories collapse. I am willing is three words that undo years of exile.

Then the instruction — go show yourself to the priest, offer the gift Moses commanded. Jesus is not attacking Torah here. He is sending the healed man through the proper channel for re-entry into the community, as a testimony to them — a public sign that God is moving in a way the temple system needs to see. But there is an edge to it too. The man is healed already, before any priest declares him so, before any sacrifice is offered. The healing came from a touch, not from the altar. The priest can only ratify what has already happened. Mark's version is the earliest and includes the note that Jesus was moved with compassion (some manuscripts, moved with anger — probably anger at the disease and the system that isolated its victims). Either way, the emotion is real. This is not a magic show. It is a rabbi undoing an exile with his hands.",Matthew 8:3-4; Mark 1:41-44; Luke 5:13-14 | Egerton 2:1–4,
1024,N,Mark,Mark 1:41-44,"I am willing, Be Clean! See that you don’t tell this to anyone. But go, show yourself to the priest and offer the sacrifices that Moses commanded for your cleansing, as a testimony to them.”",I Am Willing,A leper reaches out. The rabbi reaches back. The rule said untouchable. Jesus said clean.,"Jesus heals a man with leprosy by touching him and declaring him clean, restoring both his body and his place in the community.","Under Leviticus 13-14, a person with leprosy was untouchable, exiled from the camp, required to call out unclean, unclean when anyone approached. Jesus does the one thing the law forbids and does it first. He touches the man. And the direction of contagion reverses — instead of Jesus becoming unclean, the man becomes clean. The kingdom does not spread uncleanness. It spreads wholeness. And it moves through contact, not distance. This is the pattern all through the healing stories: Jesus enters the space of the person the system has cast out, and the system's categories collapse. I am willing is three words that undo years of exile.

Then the instruction — go show yourself to the priest, offer the gift Moses commanded. Jesus is not attacking Torah here. He is sending the healed man through the proper channel for re-entry into the community, as a testimony to them — a public sign that God is moving in a way the temple system needs to see. But there is an edge to it too. The man is healed already, before any priest declares him so, before any sacrifice is offered. The healing came from a touch, not from the altar. The priest can only ratify what has already happened. Mark's version is the earliest and includes the note that Jesus was moved with compassion (some manuscripts, moved with anger — probably anger at the disease and the system that isolated its victims). Either way, the emotion is real. This is not a magic show. It is a rabbi undoing an exile with his hands.",Matthew 8:3-4; Mark 1:41-44; Luke 5:13-14 | Egerton 2:1–4,
1024,N,Luke,Luke 5:13-14,"I am willing, Be Clean! Don’t tell anyone, but go, show yourself to the priest and offer the sacrifices that Moses commanded for your cleansing, as a testimony to them.”",I Am Willing,A leper reaches out. The rabbi reaches back. The rule said untouchable. Jesus said clean.,"Jesus heals a man with leprosy by touching him and declaring him clean, restoring both his body and his place in the community.","Under Leviticus 13-14, a person with leprosy was untouchable, exiled from the camp, required to call out unclean, unclean when anyone approached. Jesus does the one thing the law forbids and does it first. He touches the man. And the direction of contagion reverses — instead of Jesus becoming unclean, the man becomes clean. The kingdom does not spread uncleanness. It spreads wholeness. And it moves through contact, not distance. This is the pattern all through the healing stories: Jesus enters the space of the person the system has cast out, and the system's categories collapse. I am willing is three words that undo years of exile.

Then the instruction — go show yourself to the priest, offer the gift Moses commanded. Jesus is not attacking Torah here. He is sending the healed man through the proper channel for re-entry into the community, as a testimony to them — a public sign that God is moving in a way the temple system needs to see. But there is an edge to it too. The man is healed already, before any priest declares him so, before any sacrifice is offered. The healing came from a touch, not from the altar. The priest can only ratify what has already happened. Mark's version is the earliest and includes the note that Jesus was moved with compassion (some manuscripts, moved with anger — probably anger at the disease and the system that isolated its victims). Either way, the emotion is real. This is not a magic show. It is a rabbi undoing an exile with his hands.",Matthew 8:3-4; Mark 1:41-44; Luke 5:13-14 | Egerton 2:1–4,
1025,Y,Matthew,Matthew 8:7-13,"Shall I come to heal him? Truly I tell you, I have not found anyone in Israel with such great faith. I say to you that many will come from the east and the west, and will take their places at the feast with Abraham, Isaac, and Jacob in the kingdom of heaven. But the subjects of the kingdom will be thrown outside, into the darkness, where there will be weeping and gnashing of teeth. Go! Let it be done just as you believed it would.”",Faith of Soldier,Pistis isn't earned through religious participation. It's complete trust in God's word. A Roman soldier had it. Israel didn't.,"Faith is complete trust in the authority of God's word, and it belongs to anyone regardless of religious credentials.","The Greek word translated as ""faith"" throughout the gospels is pistis — and it doesn't mean intellectual belief. It means trust — the same word used when you trust a bridge to hold your weight. Settled. Complete. Not waiting to see.

The centurion demonstrates it perfectly. He doesn't confess a creed. He simply says — I understand how authority works. You speak and it happens. I trust that completely. So completely that he doesn't even need Jesus physically present. Just the word is enough. He asks once and goes home. The healing had already happened in his trust before Jesus spoke a word.

This is exactly the posture Jesus called for in Mark 11:24 — whatever you ask, believe that you have already received it, and it will be yours. And in Matthew 7:7 — ask and you will receive. Not maybe. Not if you're worthy enough. The verb tense is declarative. It's done.

The centurion is the living embodiment of the ask-seek-knock teaching. He asked with wholehearted, unshakeable confidence in the authority of Jesus's word — the same quality Jeremiah described centuries earlier as seeking God with all your heart and finding him.

Now consider who this man was. A Gentile. An occupying Roman soldier. He had never attended synagogue, never tithed, never participated in the religious system in any way. By every measure of the religious establishment, he was an outsider — as far from the kingdom as a person could be.
And Jesus turns to his Jewish audience — people who had just sat through the entire Sermon on the Mount — and says: I have not found trust like this in a single person in Israel.

Pistis is not earned through religious participation. It is a relational posture of complete trust in God's nature and God's word. The centurion had no credentials. He just trusted completely.
Jesus said that was enough. It always is.","Matthew 8:7-13; Luke 7:9 | Q 13:28–30; Q 7:1, 3; Q 7:6–9",
1025,N,Luke,Luke 7:9,I tell you; I have not found such great faith even in Israel.”,Faith of Soldier,Pistis isn't earned through religious participation. It's complete trust in God's word. A Roman soldier had it. Israel didn't.,"Faith is complete trust in the authority of God's word, and it belongs to anyone regardless of religious credentials.","The Greek word translated as ""faith"" throughout the gospels is pistis — and it doesn't mean intellectual belief. It means trust — the same word used when you trust a bridge to hold your weight. Settled. Complete. Not waiting to see.

The centurion demonstrates it perfectly. He doesn't confess a creed. He simply says — I understand how authority works. You speak and it happens. I trust that completely. So completely that he doesn't even need Jesus physically present. Just the word is enough. He asks once and goes home. The healing had already happened in his trust before Jesus spoke a word.

This is exactly the posture Jesus called for in Mark 11:24 — whatever you ask, believe that you have already received it, and it will be yours. And in Matthew 7:7 — ask and you will receive. Not maybe. Not if you're worthy enough. The verb tense is declarative. It's done.

The centurion is the living embodiment of the ask-seek-knock teaching. He asked with wholehearted, unshakeable confidence in the authority of Jesus's word — the same quality Jeremiah described centuries earlier as seeking God with all your heart and finding him.

Now consider who this man was. A Gentile. An occupying Roman soldier. He had never attended synagogue, never tithed, never participated in the religious system in any way. By every measure of the religious establishment, he was an outsider — as far from the kingdom as a person could be.
And Jesus turns to his Jewish audience — people who had just sat through the entire Sermon on the Mount — and says: I have not found trust like this in a single person in Israel.

Pistis is not earned through religious participation. It is a relational posture of complete trust in God's nature and God's word. The centurion had no credentials. He just trusted completely.
Jesus said that was enough. It always is.","Matthew 8:7-13; Luke 7:9 | Q 13:28–30; Q 7:1, 3; Q 7:6–9",
1026,Y,Matthew,Matthew 8:20-22,"Foxes have dens and birds have nests, but the Son of Man has no place to lay his head. Follow me, and let the dead bury their own dead.”",Let the Dead Bury the Dead,"The kingdom does not wait for a convenient life. It asks for the one you have, today, exactly as it stands.","Following Jesus requires a total commitment that takes priority over comfort, family obligation, and even the most sacred cultural duties.","Two would-be disciples come forward, and Jesus answers both with the same uncomfortable clarity. To the first: the Son of Man has no place to lay his head. The itinerant teacher owns nothing and offers nothing to those who join him. If you need a nest, this is not the road. To the second, who asks to first bury his father — one of the most sacred obligations in Jewish life, ranking above nearly every other duty in the Torah — Jesus says let the dead bury their own dead. The phrase is deliberately shocking. The spiritually dead can attend to the physically dead. If you have heard the call, that call is more urgent than the culture's holiest custom. Luke's version adds the third: no one who puts a hand to the plow and looks back is fit for service in the kingdom. Ploughing is present-tense work. The furrow only stays straight if your eyes stay forward.

This is the entry cost of the Nazarene / Ebionim community, put in three sharp images. The community was already known for radical dispossession — Acts 2:44-45 says they held everything in common, and 1QS 6 describes the same practice in the Dead Sea community. Ebionim means the poor ones. It was the name they gave themselves. Thomas 86 preserves the same saying with the same edge — foxes have holes, birds have nests, the human one has nowhere to lay his head. Jesus is not making converts to a belief system. He is inviting people into a way of life that costs everything they thought they had. That was the deal then, and the passage does not soften with time.",Matthew 8:20-22; Luke 9:58-62 | Thomas 86 | Q 9:57–62,
1026,N,Luke,Luke 9:58-62,"Foxes have dens and birds have nests, but the Son of Man has no place to lay his head. Follow Me. Let the dead bury their own dead, but you go and proclaim the kingdom of God. No one who puts a hand to the plow and looks back is fit for service in the kingdom of God.”",Let the Dead Bury the Dead,"The kingdom does not wait for a convenient life. It asks for the one you have, today, exactly as it stands.","Following Jesus requires a total commitment that takes priority over comfort, family obligation, and even the most sacred cultural duties.","Two would-be disciples come forward, and Jesus answers both with the same uncomfortable clarity. To the first: the Son of Man has no place to lay his head. The itinerant teacher owns nothing and offers nothing to those who join him. If you need a nest, this is not the road. To the second, who asks to first bury his father — one of the most sacred obligations in Jewish life, ranking above nearly every other duty in the Torah — Jesus says let the dead bury their own dead. The phrase is deliberately shocking. The spiritually dead can attend to the physically dead. If you have heard the call, that call is more urgent than the culture's holiest custom. Luke's version adds the third: no one who puts a hand to the plow and looks back is fit for service in the kingdom. Ploughing is present-tense work. The furrow only stays straight if your eyes stay forward.

This is the entry cost of the Nazarene / Ebionim community, put in three sharp images. The community was already known for radical dispossession — Acts 2:44-45 says they held everything in common, and 1QS 6 describes the same practice in the Dead Sea community. Ebionim means the poor ones. It was the name they gave themselves. Thomas 86 preserves the same saying with the same edge — foxes have holes, birds have nests, the human one has nowhere to lay his head. Jesus is not making converts to a belief system. He is inviting people into a way of life that costs everything they thought they had. That was the deal then, and the passage does not soften with time.",Matthew 8:20-22; Luke 9:58-62 | Thomas 86 | Q 9:57–62,
1027,Y,Matthew,Matthew 8:26,"You of little faith, why are you so afraid?”",Jesus Calms the Storm,Trust isn't what you have when everything is fine. It's what holds you when the boat is filling with water.,Trust is holding onto the truth of God's nature even when everything around you screams otherwise.,"And Jesus was asleep in the stern.
Not distracted. Not unaware. Asleep. On a cushion. In the middle of what his disciples believed was about to kill them all.
Mark records his words to the storm with blunt directness: Be quiet, shut up. The wind died. The water went flat. Then he turned to his disciples — Why are you such cowards? You still don't trust, do you?
The question wasn't rhetorical. It was the whole point. These men had watched Jesus heal the sick, cast out demons, and teach with an authority nobody had seen before. And when the storm hit, everything they had witnessed evaporated. The fear was bigger than the evidence.
This is the nature of pistis — trust — and why Jesus returned to it constantly. Trust isn't something you have when everything is fine. It's what holds you when the boat is filling with water and the wind is screaming and nothing feels certain. The invitation is to hold onto the truth of God's nature even when every part of your mind wants to doubt. Not because the storm disappears. But because you know who is in the boat.
Jesus wasn't indifferent to the danger. He was operating from a different level of reality entirely — one that understood God's nature so completely that the storm simply had no ultimate authority. That is where he was trying to take his disciples.",Matthew 8:26; Mark 4:35-40; Luke 8:22-25,
1027,N,Mark,Mark 4:35-40,Let us go over to the other side. Quiet! Be still! Why are you so afraid? Do you still have no faith?”,Jesus Calms the Storm,Trust isn't what you have when everything is fine. It's what holds you when the boat is filling with water.,Trust is holding onto the truth of God's nature even when everything around you screams otherwise.,"And Jesus was asleep in the stern.
Not distracted. Not unaware. Asleep. On a cushion. In the middle of what his disciples believed was about to kill them all.
Mark records his words to the storm with blunt directness: Be quiet, shut up. The wind died. The water went flat. Then he turned to his disciples — Why are you such cowards? You still don't trust, do you?
The question wasn't rhetorical. It was the whole point. These men had watched Jesus heal the sick, cast out demons, and teach with an authority nobody had seen before. And when the storm hit, everything they had witnessed evaporated. The fear was bigger than the evidence.
This is the nature of pistis — trust — and why Jesus returned to it constantly. Trust isn't something you have when everything is fine. It's what holds you when the boat is filling with water and the wind is screaming and nothing feels certain. The invitation is to hold onto the truth of God's nature even when every part of your mind wants to doubt. Not because the storm disappears. But because you know who is in the boat.
Jesus wasn't indifferent to the danger. He was operating from a different level of reality entirely — one that understood God's nature so completely that the storm simply had no ultimate authority. That is where he was trying to take his disciples.",Matthew 8:26; Mark 4:35-40; Luke 8:22-25,
1027,N,Luke,Luke 8:22-25,Let us go over to the other side of the lake. Where is your faith?”,Jesus Calms the Storm,Trust isn't what you have when everything is fine. It's what holds you when the boat is filling with water.,Trust is holding onto the truth of God's nature even when everything around you screams otherwise.,"And Jesus was asleep in the stern.
Not distracted. Not unaware. Asleep. On a cushion. In the middle of what his disciples believed was about to kill them all.
Mark records his words to the storm with blunt directness: Be quiet, shut up. The wind died. The water went flat. Then he turned to his disciples — Why are you such cowards? You still don't trust, do you?
The question wasn't rhetorical. It was the whole point. These men had watched Jesus heal the sick, cast out demons, and teach with an authority nobody had seen before. And when the storm hit, everything they had witnessed evaporated. The fear was bigger than the evidence.
This is the nature of pistis — trust — and why Jesus returned to it constantly. Trust isn't something you have when everything is fine. It's what holds you when the boat is filling with water and the wind is screaming and nothing feels certain. The invitation is to hold onto the truth of God's nature even when every part of your mind wants to doubt. Not because the storm disappears. But because you know who is in the boat.
Jesus wasn't indifferent to the danger. He was operating from a different level of reality entirely — one that understood God's nature so completely that the storm simply had no ultimate authority. That is where he was trying to take his disciples.",Matthew 8:26; Mark 4:35-40; Luke 8:22-25,
1028,Y,Matthew,Matthew 8:32,Go!”,Go,One word. The tormentors leave. What had held two men in chains is dismissed like it was never in charge.,"Jesus commands the demons out of the possessed men with a single word, exposing the powerlessness of what had terrorized them.","The demons ask permission. That is the detail worth sitting with. Whatever these voices were — Roman occupation trauma named Legion in Mark's version, or something more spiritual, or both — they arrive at Jesus already knowing they cannot stay. And the whole exchange takes one word. Go. In the Jesus Way reading, what he is confronting here is what *HaSatan* always is — the adversary, the accuser, the force that isolates a person from community and from themselves. These two men had been driven into the tombs, cut off from everyone, so violent no one could pass by. That is what accusation does to a person over time. It buries them alive. Jesus speaks one word and the whole architecture collapses.

Evil in Jesus's teaching is never a second power equal to God. It is privation — absence of good, absence of order, absence of love. When the source of love shows up in person, the vacuum has nothing to hold. That is why the exorcisms in the gospels are always brief. There is no theatrical struggle. God does not wrestle demons. Presence dispels them the way daylight dispels shadow. The tombs empty. Two men who were unreachable are seated in their right minds. And the townspeople — this is the part everyone forgets — ask Jesus to leave. Freedom is disruptive to the economy that had been feeding on chains. It usually is.",Matthew 8:32,
1029,Y,Matthew,Matthew 9:2-6,"Take heart, son; your sins are forgiven. Why do you entertain evil thoughts in your hearts? Which is easier: to say, ‘Your sins are forgiven,’ or to say, ‘Get up and walk’? But I want you to know that the Son of Man has authority on earth to forgive sins. Get up, take your mat and go home.”",Healed Paralytic,"No blood. No altar. No priest. No payment. The human one has authority to forgive sins right now, on earth.","Human beings have been given the authority to forgive sins directly, without sacrifice or priest.","When Jesus sees their pistis — their trust — he looks at the paralyzed man and declares: your sins are forgiven.
Not will be forgiven after a sacrifice. Not can be forgiven through the right religious process. Are forgiven. Right now. No blood. No altar. No priest. No payment.
The religious scholars erupt. Who can forgive sins except God? Jesus doesn't back down. He doubles down — and then says something that has been largely overlooked for two thousand years: the Son of Man has authority to forgive sins on earth.
Son of Man. In Aramaic — bar enasha — it simply means a human being. The human one. Not a unique divine title reserved for Jesus alone. A human being has this authority.
And Jesus taught this everywhere. Forgive and you will be forgiven. Forgive seventy times seven. When you stand in prayer forgive anyone you hold anything against. The unforgiving servant. The Lord's Prayer. Over and over — forgiveness is something humans do. God embedded this capacity inside every one of us. When you look at someone who wronged you and say I forgive you — you are exercising exactly the authority Jesus is describing here. That is a divine power placed inside human beings.
The Pharisees were scandalized because they had made forgiveness a temple transaction — something purchased through sacrifice, mediated by priests. Jesus was dismantling that entire system with one declaration. You don't need the temple. You don't need a priest. You don't need blood.
Paul wrote that without the shedding of blood there is no forgiveness. Jesus said the human one has the authority to forgive right now, on earth, in response to nothing more than a trusting heart. These two ideas cannot be reconciled. One requires a sacrifice. The other requires a human being willing to forgive.
You already have the authority. You always did.",Matthew 9:2-6; Mark 2:5-11; Luke 5:20-24,
1029,N,Mark,Mark 2:5-11,"Son, your sins are forgiven. Why are you thinking these things? Which is easier: to say to this paralyzed man, ‘Your sins are forgiven,’ or to say, ‘Get up, take your mat and walk’? But I want you to know that the Son of Man has authority on earth to forgive sins. I tell you, get up, take your mat, and go home.”",Healed Paralytic,"No blood. No altar. No priest. No payment. The human one has authority to forgive sins right now, on earth.","Human beings have been given the authority to forgive sins directly, without sacrifice or priest.","When Jesus sees their pistis — their trust — he looks at the paralyzed man and declares: your sins are forgiven.
Not will be forgiven after a sacrifice. Not can be forgiven through the right religious process. Are forgiven. Right now. No blood. No altar. No priest. No payment.
The religious scholars erupt. Who can forgive sins except God? Jesus doesn't back down. He doubles down — and then says something that has been largely overlooked for two thousand years: the Son of Man has authority to forgive sins on earth.
Son of Man. In Aramaic — bar enasha — it simply means a human being. The human one. Not a unique divine title reserved for Jesus alone. A human being has this authority.
And Jesus taught this everywhere. Forgive and you will be forgiven. Forgive seventy times seven. When you stand in prayer forgive anyone you hold anything against. The unforgiving servant. The Lord's Prayer. Over and over — forgiveness is something humans do. God embedded this capacity inside every one of us. When you look at someone who wronged you and say I forgive you — you are exercising exactly the authority Jesus is describing here. That is a divine power placed inside human beings.
The Pharisees were scandalized because they had made forgiveness a temple transaction — something purchased through sacrifice, mediated by priests. Jesus was dismantling that entire system with one declaration. You don't need the temple. You don't need a priest. You don't need blood.
Paul wrote that without the shedding of blood there is no forgiveness. Jesus said the human one has the authority to forgive right now, on earth, in response to nothing more than a trusting heart. These two ideas cannot be reconciled. One requires a sacrifice. The other requires a human being willing to forgive.
You already have the authority. You always did.",Matthew 9:2-6; Mark 2:5-11; Luke 5:20-24,
1029,N,Luke,Luke 5:20-24,"Friend, your sins are forgiven. Why are you thinking these things in your hearts? Which is easier: to say, ‘Your sins are forgiven,’ or to say, ‘Get up and walk’? But I want you to know that the Son of Man has authority on earth to forgive sins. I tell you, get up, take your mat and go home.”",Healed Paralytic,"No blood. No altar. No priest. No payment. The human one has authority to forgive sins right now, on earth.","Human beings have been given the authority to forgive sins directly, without sacrifice or priest.","When Jesus sees their pistis — their trust — he looks at the paralyzed man and declares: your sins are forgiven.
Not will be forgiven after a sacrifice. Not can be forgiven through the right religious process. Are forgiven. Right now. No blood. No altar. No priest. No payment.
The religious scholars erupt. Who can forgive sins except God? Jesus doesn't back down. He doubles down — and then says something that has been largely overlooked for two thousand years: the Son of Man has authority to forgive sins on earth.
Son of Man. In Aramaic — bar enasha — it simply means a human being. The human one. Not a unique divine title reserved for Jesus alone. A human being has this authority.
And Jesus taught this everywhere. Forgive and you will be forgiven. Forgive seventy times seven. When you stand in prayer forgive anyone you hold anything against. The unforgiving servant. The Lord's Prayer. Over and over — forgiveness is something humans do. God embedded this capacity inside every one of us. When you look at someone who wronged you and say I forgive you — you are exercising exactly the authority Jesus is describing here. That is a divine power placed inside human beings.
The Pharisees were scandalized because they had made forgiveness a temple transaction — something purchased through sacrifice, mediated by priests. Jesus was dismantling that entire system with one declaration. You don't need the temple. You don't need a priest. You don't need blood.
Paul wrote that without the shedding of blood there is no forgiveness. Jesus said the human one has the authority to forgive right now, on earth, in response to nothing more than a trusting heart. These two ideas cannot be reconciled. One requires a sacrifice. The other requires a human being willing to forgive.
You already have the authority. You always did.",Matthew 9:2-6; Mark 2:5-11; Luke 5:20-24,
1030,Y,Matthew,Matthew 9:9-13,"Follow me. It is not the healthy who need a doctor, but the sick. But go and learn what this means: ‘I desire mercy, not sacrifice.’ For I have not come to call the righteous, but sinners.”",Mercy Not Sacrifice,Jesus quotes Hosea to a room full of experts. God never wanted blood. Learn what that sentence actually means.,Jesus calls Matthew from his tax booth and defends eating with sinners by quoting Hosea's declaration that God desires mercy rather than sacrifice.,"A tax collector was the most despised figure in occupied Judea — a Jew collaborating with Rome, skimming his own people, ritually unclean by association. Jesus walks up to Matthew's booth, says follow me, and Matthew stands up and walks away from the whole apparatus. Then Jesus goes to dinner at his house with more tax collectors and sinners, and the Pharisees are scandalized. The doctor answer is the tender one — sick people need me, not the ones who already think they are well. But then Jesus hands them their homework: go and learn what this means — I desire mercy, not sacrifice. He is quoting Hosea 6:6. And he does not soften the assignment. Go and learn. You do not yet know what your own scriptures actually say.

This is one of two places Jesus quotes Hosea 6:6 in Matthew (the other is 12:7). He returns to it because it is load-bearing. The whole prophetic tradition — Isaiah 1, Jeremiah 7:22, Amos 5, Micah 6, Ps 40, Ps 51 — insists that God never wanted the sacrificial system. Mercy is what God wants. And here Jesus embodies it by eating with the people the sacrificial economy had written off. No blood is required. No temple ritual is invoked. Matthew's sins are forgiven the moment he stands up. This is the pattern all through Jesus's ministry — forgiveness flows through relationship and mercy, not through altars. Paul's later blood-atonement theology (Rom 3, Heb 9:22) has to be squared with this scene, and it cannot be. Jesus already told us which one wins. Go and learn what it means.",Matthew 9:9-13 | Oxy 1224 5:1–2,
1031,Y,Matthew,Matthew 9:15-17,"How can the guests of the bridegroom mourn while he is with them? The time will come when the bridegroom will be taken from them; then they will fast. No one sews a patch of unshrunk cloth on an old garment, for the patch will pull away from the garment, making the tear worse. Neither do people pour new wine into old wineskins. If they do, the skins will burst; the wine will run out and the wineskins will be ruined. No, they pour new wine into new wineskins, and both are preserved.”",New Wineskins,"The new wine of love, mercy, and direct access to God bursts every container the old religious system built.","The kingdom Jesus inaugurates cannot be poured into the old religious system of ritual, sacrifice, and hierarchy.","The question seems innocent enough — why don't your disciples fast? But Jesus announces that something fundamentally new has arrived — and that the old containers simply cannot hold it.
Jesus is describing his entire mission in two images. The kingdom he is inaugurating cannot be poured into the old religious system — its rituals, its sacrifices, its hierarchy, its rules built on fear, payment, and performance. The new wine of love, mercy, forgiveness, and direct access to God will burst those containers every time.
This appears in Matthew, Mark, Luke, and the Gospel of Thomas.","Matthew 9:15-17; Mark 2:19-22; Luke 5:34-39 | Thomas 47, 104",
1031,N,Mark,Mark 2:19-22,"How can the guest of the bridegroom fast while he is with them? They cannot, so long as they have him with them. But the time will come when the bridegroom will be taken from them, and on that day they will fast. No one sews a patch of unshrunk cloth on an old garment. Otherwise, the new piece will pull away from the old, making the tear worse. And no one pours new wine into old wineskins. Otherwise, the wine will burst the skins, and both the wine and the wineskins will be ruined. No, they pour new wine into new wineskins.”",New Wineskins,"The new wine of love, mercy, and direct access to God bursts every container the old religious system built.","The kingdom Jesus inaugurates cannot be poured into the old religious system of ritual, sacrifice, and hierarchy.","The question seems innocent enough — why don't your disciples fast? But Jesus announces that something fundamentally new has arrived — and that the old containers simply cannot hold it.
Jesus is describing his entire mission in two images. The kingdom he is inaugurating cannot be poured into the old religious system — its rituals, its sacrifices, its hierarchy, its rules built on fear, payment, and performance. The new wine of love, mercy, forgiveness, and direct access to God will burst those containers every time.
This appears in Matthew, Mark, Luke, and the Gospel of Thomas.","Matthew 9:15-17; Mark 2:19-22; Luke 5:34-39 | Thomas 47, 104",
1031,N,Luke,Luke 5:34-39,"Can you make the friends of the bridegroom fast while he is with them? But the time will come when the bridegroom will be taken from them; in those days they will fast. No one tears a piece out of a new garment to patch an old one. Otherwise, they will have torn the new garment, and the patch from the new will not match the old. And no one pours new wine into old wineskins. Otherwise, the new wine will burst the skins; the wine will run out and the wineskins will be ruined. No, new wine must be poured into new wineskins. And no one after drinking old wine wants the new, for they say, ‘The old is better.’”",New Wineskins,"The new wine of love, mercy, and direct access to God bursts every container the old religious system built.","The kingdom Jesus inaugurates cannot be poured into the old religious system of ritual, sacrifice, and hierarchy.","The question seems innocent enough — why don't your disciples fast? But Jesus announces that something fundamentally new has arrived — and that the old containers simply cannot hold it.
Jesus is describing his entire mission in two images. The kingdom he is inaugurating cannot be poured into the old religious system — its rituals, its sacrifices, its hierarchy, its rules built on fear, payment, and performance. The new wine of love, mercy, forgiveness, and direct access to God will burst those containers every time.
This appears in Matthew, Mark, Luke, and the Gospel of Thomas.","Matthew 9:15-17; Mark 2:19-22; Luke 5:34-39 | Thomas 47, 104",
1032,Y,Matthew,Matthew 9:22-24,"Take heart daughter, your faith has healed you. Go away. The girl is not dead but asleep.”",One Touch,The religious system excluded her for twelve years. Jesus restored her in a moment. Her trust did it — and he told her so.,"A woman excluded by the purity system was healed instantly through her own trust, without ritual or permission.","Under Levitical law, a woman with a chronic flow of blood was considered ritually unclean — not just physically ill, but socially and religiously excluded. For twelve years she had been untouchable. Anyone she touched became unclean. She couldn't enter the temple, couldn't participate in community worship, couldn't be embraced by her family. Mark adds the painful detail that she had spent everything she had on doctors and only gotten worse.
She didn't ask for an audience with Jesus. She didn't call out to him. She just pushed through the crowd, reached out, and touched the hem of his cloak.
That single act of pistis — quiet, desperate, completely trusting — was enough. She was healed instantly.
What Jesus says to her matters enormously: your trust has cured you. Not my power. Not my permission. Not a ritual, a sacrifice, or a priest. Her trust. He points the healing back to her own faith, just as he did with the blind men, just as he did with the centurion. The healing flows through the connection between her trust and his authority.
This also reveals something about who Jesus believed deserved access to God's healing. Not the ritually pure. Not the religiously credentialed. A woman who by the religious law of her day had no right to touch him at all — and he calls her daughter. He doesn't recoil. He doesn't correct her. He honors her.
The religious system had excluded her for twelve years. Jesus restored her in a moment.",Matthew 9:22-24; Mark 5:30-41; Luke 8:45-54,
1032,N,Mark,Mark 5:30-41,"Who touched my clothes? Who touched me? Daughter, your faith has healed you. Go in peace and be freed from your suffering. Don’t be afraid; just believe. Why all this commotion and wailing? This child is not dead but asleep. Talitha koum! Little girl, I say to you, get up!”",One Touch,The religious system excluded her for twelve years. Jesus restored her in a moment. Her trust did it — and he told her so.,"A woman excluded by the purity system was healed instantly through her own trust, without ritual or permission.","Under Levitical law, a woman with a chronic flow of blood was considered ritually unclean — not just physically ill, but socially and religiously excluded. For twelve years she had been untouchable. Anyone she touched became unclean. She couldn't enter the temple, couldn't participate in community worship, couldn't be embraced by her family. Mark adds the painful detail that she had spent everything she had on doctors and only gotten worse.
She didn't ask for an audience with Jesus. She didn't call out to him. She just pushed through the crowd, reached out, and touched the hem of his cloak.
That single act of pistis — quiet, desperate, completely trusting — was enough. She was healed instantly.
What Jesus says to her matters enormously: your trust has cured you. Not my power. Not my permission. Not a ritual, a sacrifice, or a priest. Her trust. He points the healing back to her own faith, just as he did with the blind men, just as he did with the centurion. The healing flows through the connection between her trust and his authority.
This also reveals something about who Jesus believed deserved access to God's healing. Not the ritually pure. Not the religiously credentialed. A woman who by the religious law of her day had no right to touch him at all — and he calls her daughter. He doesn't recoil. He doesn't correct her. He honors her.
The religious system had excluded her for twelve years. Jesus restored her in a moment.",Matthew 9:22-24; Mark 5:30-41; Luke 8:45-54,
1032,N,Luke,Luke 8:45-54,"Who touched me? Someone touched me; I know that power has gone out from me. Daughter, your faith has healed you. Go in peace. Don’t be afraid; just believe, and she will be healed. Stop wailing, she is not dead but asleep. My child, get up!”",One Touch,The religious system excluded her for twelve years. Jesus restored her in a moment. Her trust did it — and he told her so.,"A woman excluded by the purity system was healed instantly through her own trust, without ritual or permission.","Under Levitical law, a woman with a chronic flow of blood was considered ritually unclean — not just physically ill, but socially and religiously excluded. For twelve years she had been untouchable. Anyone she touched became unclean. She couldn't enter the temple, couldn't participate in community worship, couldn't be embraced by her family. Mark adds the painful detail that she had spent everything she had on doctors and only gotten worse.
She didn't ask for an audience with Jesus. She didn't call out to him. She just pushed through the crowd, reached out, and touched the hem of his cloak.
That single act of pistis — quiet, desperate, completely trusting — was enough. She was healed instantly.
What Jesus says to her matters enormously: your trust has cured you. Not my power. Not my permission. Not a ritual, a sacrifice, or a priest. Her trust. He points the healing back to her own faith, just as he did with the blind men, just as he did with the centurion. The healing flows through the connection between her trust and his authority.
This also reveals something about who Jesus believed deserved access to God's healing. Not the ritually pure. Not the religiously credentialed. A woman who by the religious law of her day had no right to touch him at all — and he calls her daughter. He doesn't recoil. He doesn't correct her. He honors her.
The religious system had excluded her for twelve years. Jesus restored her in a moment.",Matthew 9:22-24; Mark 5:30-41; Luke 8:45-54,
1033,Y,Matthew,Matthew 9:28-30,Do you believe that I am able to do this? According to your faith let it be done to you. See that no one knows about this.”,Healing The Blind,"Jesus points the miracle back to their trust, not his power. According to your trust — that's where the shift happens.",Healing flows through the meeting point of the person's trust and Jesus's authority.,"This is the pistis (trust) principle distilled to its purest form. Jesus doesn't lecture them. He doesn't ask about their theology. He doesn't require confession or ritual. He simply asks — do you trust? Their answer is yes. That's enough.
Notice what Jesus says after the healing — according to your trust. Not my power. Not my compassion. Your trust. Jesus consistently points the miracle back to the person's own faith rather than taking credit for it himself. The healing flows through a connection — his authority meeting their trust — and that meeting point is where something shifts.
This healing is also one of at least five specific accounts of Jesus restoring sight across the gospels — plus multiple summary references confirming it was a regular feature of his ministry. Interestingly, Isaiah 35:5 prophesied that when God's kingdom arrived, blind eyes would be opened.",Matthew 9:28-30 | Egerton 2:1–4,
1034,Y,Matthew,Matthew 9:37-38,"The harvest is plentiful but the workers are few. Ask the Lord of the harvest, therefore, to send out workers into his harvest field.”",The Harvest is Plentiful,The field is ready. The problem was never the field. It has always been the number of hands willing to work it.,"The people ready to receive the kingdom vastly outnumber the workers willing to bring it to them, so pray for more.","Jesus looks at the crowds — harassed, helpless, sheep without a shepherd, the text says just before this — and he does not diagnose their unbelief. He diagnoses the shortage of teachers. The harvest is plentiful. People are hungrier for God than the religious professionals ever noticed. What is missing is not the readiness of the crowd. It is the willingness of anyone to actually walk out into the field and get to work. The shepherds of Israel in Ezekiel 34 had been feeding themselves instead of the sheep. That is still the pattern Jesus is watching. And his prescription is unusual. He does not tell his disciples to go recruit. He tells them to pray — pray to the Lord of the harvest to send workers out. The work belongs to God. Your job is to ask, and then to notice when the answer is you.

This line sits right before the sending out of the Twelve, and it names the mission clearly. The kingdom does not spread by broadcast. It spreads by *talmidim* — students who have become like the rabbi, sent to do what the rabbi does. This is why Jesus never wrote a book, never built an institution, never centralized his teaching. The multiplication is person to person, in the field, in real time. Q preserves this saying alongside the sending of workers, which suggests it circulated as a unit — the diagnosis and the commission together. And the diagnosis has not changed. The field is still ready. The bottleneck has always been the workers.",Matthew 9:37-38 | Q 9:57–62 | Egerton 2:1–4,
1035,Y,Matthew,Matthew 10:5-42,"Do not go among the Gentiles or enter any town of the Samaritans. Go rather to the lost sheep of Israel. As you go, proclaim this message: ‘The kingdom of heaven has come near.’ Heal the sick, raise the dead, cleanse those who have leprosy, drive out demons. Freely you have received, freely give. Do not get any gold or silver or copper to take with you in your belts, no bag for the journey or extra shirt or sandals or a staff, for the worker is worth his keep. Whatever town or village you enter, search there for some worthy person and stay at their house until you leave. As you enter the home, give it your greeting. If the home is deserving, let your peace rest on it; if it is not, let your peace return to you. If anyone will not welcome you or listen to your words, leave that home or town and shake the dust off your feet. Truly I tell you, it will be more bearable for Sodom and Gomorrah on the day of judgement than for that town. I am sending you out like sheep among wolves. Therefore, be as shrewd as snakes and as innocent as doves. Be on your guard; you will be handed over to the local councils and be flogged in the synagogues. On my account you will be brought before governors and kings as witnesses to them and to the Gentiles. But when they arrest you, do not worry about what to say or how to say it. At that time you will be given what to say, for it will not be you speaking, but the Spirit of your Father speaking through you. Brother will betray brother to death, and a father his child; children will rebel against their parents and have them put to death. You will be hated by everyone because of me, but the one who stands firm to the end will be saved. When you are persecuted in one place, flee to another. Truly I tell you, you will not finish going through the towns of Israel before the Son of Man comes. The student is not above the teacher, nor a servant above his master. It is enough for students to be like their teachers, and servants like their masters. If the head of the house has been called Beelzebul, how much more the members of his household! So do not be afraid of them, for there is nothing concealed that will not be disclosed, or hidden that will not be made known. What I tell you in the dark, speak in the daylight; what is whispered in your ear, proclaim from the roofs. Do not be afraid of those who kill the body but cannot kill the soul. Rather, be afraid of the One who can destroy both soul and body in hell. Are not two sparrows sold for a penny? Yet not one of them will fall to the ground outside your Father’s care. And even the very hairs of your head are all numbered. So don’t be afraid; you are worth more than many sparrows. Whoever acknowledges me before others, I will also acknowledge before my Father in heaven. But whoever disowns me before others, I will disown before my Father in heaven. Do not suppose that I have come to bring peace to the earth, I did not come to bring peace, but a sword. For I have come to turn a man against his father, a daughter against her mother, a daughter-in-law against her mother-in-law. A man’s enemies will be the members of his own household. Anyone who loves their father or mother more than me is not worthy of me; anyone who loves their son or daughter more than me is not worthy of me. Whoever does not take up their cross and follow me is not worthy of me. Whoever finds their life will lose it, and whoever loses their life for my sake will find it. Anyone who welcomes you welcomes me, and anyone who welcomes me welcomes the one who sent me. Whoever welcomes a prophet as a prophet will receive a prophet’s reward, and whoever welcomes a righteous person as a righteous person will receive a righteous person’s reward. And if anyone gives even a cup of cold water to one of these little ones who is my disciple, truly I tell you, that person will certainly not lose their reward.”",Whom to Fear,Fear and trust cannot occupy the same space. The Father who counts your hairs has already chosen you.,"The one thing humans must transcend is fear, because fear and trust cannot coexist.","Fear is the opposite of trust. Jesus understood this completely — and this passage is one of his most direct attacks on fear as a way of living.
He begins with a distinction that cuts through all human anxiety: the worst that people can do to you is kill the body. That's it. They cannot touch the soul. And then he flips it — the only thing actually worth fearing is the one who has authority over both body and soul. Not Rome. Not the Pharisees. Not poverty or persecution or death. God alone holds that authority — and the entire rest of the passage makes clear that God's disposition toward you is not threat but love.
This is Jesus dismantling fear at its root. Fear operates on the assumption that you are alone, unnoticed, unprotected — that the universe is indifferent to your existence. Jesus says the opposite is true at every level. The God who holds everything in existence knows you specifically, values you completely, and is present with you always.
The one thing humans have to transcend above all else is fear. Not because life isn't hard — it is. Not because there are no real threats — there are. But because fear and trust cannot occupy the same space. You either trust in God's nature — all-knowing, all-loving, all-present — or you live in fear of everything else. Jesus is saying: choose trust. The Father who counts your hairs has already chosen you.

The Ebionite tradition preserves Jesus's charge to the Twelve in a stark, unmistakably Jewish form: *You, therefore, I will to be twelve apostles for a testimony unto Israel* (Epiphanius, *Panarion* 30.13.2-3). Twelve for the twelve tribes. Testimony to Israel — not to the empire, not to the Gentiles. It is the same mission Matthew 10 records at length, kept in one sentence by the community that never left it.","Matthew 10:5-42; Mark 6:8-11; Luke 9:3-5 | Thomas 10, 16, 33, 39, 82 | Q 12:2–3; Q 12:49, 51, 53; Q 12:4–7; Q 12:8–12; Q 14:26–27; Q 17:33; Q 6:37–40 | Ebionites Panarion 30.13.2-3",
1035,N,Mark,Mark 6:8-11,"Take nothing for the journey except a staff – no bread, no bag, no money in your belts. Wear sandals but not an extra shirt. Whenever you enter a house, stay there until you leave that town. And if any place will not welcome you or listen to you, leave that place and shake the dust off your feet as a testimony against them.”",Whom to Fear,Fear and trust cannot occupy the same space. The Father who counts your hairs has already chosen you.,"The one thing humans must transcend is fear, because fear and trust cannot coexist.","Fear is the opposite of trust. Jesus understood this completely — and this passage is one of his most direct attacks on fear as a way of living.
He begins with a distinction that cuts through all human anxiety: the worst that people can do to you is kill the body. That's it. They cannot touch the soul. And then he flips it — the only thing actually worth fearing is the one who has authority over both body and soul. Not Rome. Not the Pharisees. Not poverty or persecution or death. God alone holds that authority — and the entire rest of the passage makes clear that God's disposition toward you is not threat but love.
This is Jesus dismantling fear at its root. Fear operates on the assumption that you are alone, unnoticed, unprotected — that the universe is indifferent to your existence. Jesus says the opposite is true at every level. The God who holds everything in existence knows you specifically, values you completely, and is present with you always.
The one thing humans have to transcend above all else is fear. Not because life isn't hard — it is. Not because there are no real threats — there are. But because fear and trust cannot occupy the same space. You either trust in God's nature — all-knowing, all-loving, all-present — or you live in fear of everything else. Jesus is saying: choose trust. The Father who counts your hairs has already chosen you.

The Ebionite tradition preserves Jesus's charge to the Twelve in a stark, unmistakably Jewish form: *You, therefore, I will to be twelve apostles for a testimony unto Israel* (Epiphanius, *Panarion* 30.13.2-3). Twelve for the twelve tribes. Testimony to Israel — not to the empire, not to the Gentiles. It is the same mission Matthew 10 records at length, kept in one sentence by the community that never left it.","Matthew 10:5-42; Mark 6:8-11; Luke 9:3-5 | Thomas 10, 16, 33, 39, 82 | Q 12:2–3; Q 12:49, 51, 53; Q 12:4–7; Q 12:8–12; Q 14:26–27; Q 17:33; Q 6:37–40 | Ebionites Panarion 30.13.2-3",
1035,N,Luke,Luke 9:3-5,"Take nothing for the journey – no staff, no bag, no bread, no money, no extra shirt. Whatever house you enter, stay there until you leave that town. If people do not welcome you, leave their town and shake the dust off your feet as a testimony against them.”",Whom to Fear,Fear and trust cannot occupy the same space. The Father who counts your hairs has already chosen you.,"The one thing humans must transcend is fear, because fear and trust cannot coexist.","Fear is the opposite of trust. Jesus understood this completely — and this passage is one of his most direct attacks on fear as a way of living.
He begins with a distinction that cuts through all human anxiety: the worst that people can do to you is kill the body. That's it. They cannot touch the soul. And then he flips it — the only thing actually worth fearing is the one who has authority over both body and soul. Not Rome. Not the Pharisees. Not poverty or persecution or death. God alone holds that authority — and the entire rest of the passage makes clear that God's disposition toward you is not threat but love.
This is Jesus dismantling fear at its root. Fear operates on the assumption that you are alone, unnoticed, unprotected — that the universe is indifferent to your existence. Jesus says the opposite is true at every level. The God who holds everything in existence knows you specifically, values you completely, and is present with you always.
The one thing humans have to transcend above all else is fear. Not because life isn't hard — it is. Not because there are no real threats — there are. But because fear and trust cannot occupy the same space. You either trust in God's nature — all-knowing, all-loving, all-present — or you live in fear of everything else. Jesus is saying: choose trust. The Father who counts your hairs has already chosen you.

The Ebionite tradition preserves Jesus's charge to the Twelve in a stark, unmistakably Jewish form: *You, therefore, I will to be twelve apostles for a testimony unto Israel* (Epiphanius, *Panarion* 30.13.2-3). Twelve for the twelve tribes. Testimony to Israel — not to the empire, not to the Gentiles. It is the same mission Matthew 10 records at length, kept in one sentence by the community that never left it.","Matthew 10:5-42; Mark 6:8-11; Luke 9:3-5 | Thomas 10, 16, 33, 39, 82 | Q 12:2–3; Q 12:49, 51, 53; Q 12:4–7; Q 12:8–12; Q 14:26–27; Q 17:33; Q 6:37–40 | Ebionites Panarion 30.13.2-3",
1035,N,Ebionites,Gospel of the Ebionites (Panarion 30.13.2-3),"You, therefore, I will to be twelve apostles for a testimony unto Israel.",Whom to Fear,Fear and trust cannot occupy the same space. The Father who counts your hairs has already chosen you.,"The one thing humans must transcend is fear, because fear and trust cannot coexist.","Fear is the opposite of trust. Jesus understood this completely — and this passage is one of his most direct attacks on fear as a way of living.
He begins with a distinction that cuts through all human anxiety: the worst that people can do to you is kill the body. That's it. They cannot touch the soul. And then he flips it — the only thing actually worth fearing is the one who has authority over both body and soul. Not Rome. Not the Pharisees. Not poverty or persecution or death. God alone holds that authority — and the entire rest of the passage makes clear that God's disposition toward you is not threat but love.
This is Jesus dismantling fear at its root. Fear operates on the assumption that you are alone, unnoticed, unprotected — that the universe is indifferent to your existence. Jesus says the opposite is true at every level. The God who holds everything in existence knows you specifically, values you completely, and is present with you always.
The one thing humans have to transcend above all else is fear. Not because life isn't hard — it is. Not because there are no real threats — there are. But because fear and trust cannot occupy the same space. You either trust in God's nature — all-knowing, all-loving, all-present — or you live in fear of everything else. Jesus is saying: choose trust. The Father who counts your hairs has already chosen you.

The Ebionite tradition preserves Jesus's charge to the Twelve in a stark, unmistakably Jewish form: *You, therefore, I will to be twelve apostles for a testimony unto Israel* (Epiphanius, *Panarion* 30.13.2-3). Twelve for the twelve tribes. Testimony to Israel — not to the empire, not to the Gentiles. It is the same mission Matthew 10 records at length, kept in one sentence by the community that never left it.","Matthew 10:5-42; Mark 6:8-11; Luke 9:3-5 | Thomas 10, 16, 33, 39, 82 | Q 12:2–3; Q 12:49, 51, 53; Q 12:4–7; Q 12:8–12; Q 14:26–27; Q 17:33; Q 6:37–40","Epiphanius, Panarion 30.13.2-3"
1036,Y,Matthew,Matthew 11:4-19,"Go back and report to John what you hear and see. The blind receive sight, the lame walk, those who have leprosy are cleansed, the deaf hear, the dead are raised, and the good news is proclaimed to the poor. Blessed is anyone who does not stumble on account of me. What did you go out into the wilderness to see? A reed swayed by the wind? If not, what did you go out to see? A man dressed in fine clothes? No, those who wear fine clothes are in kings’ palaces. Then what did you go out to see? A prophet? Yes, I tell you, and more than a prophet. This is the one about whom it is written: ‘I will send my messenger ahead of you, who will prepare your way before you.’ Truly I tell you, among those born of women there has not risen anyone greater than John the Baptist; yet whoever is least in the kingdom of heaven is greater than he. From the days of John the Baptist until now, the kingdom of heaven has been subjected to violence, and violent people have been raiding it. For all the Prophets and the Law prophesied until John. And if you are willing to accept it, he is the Elijah who was to come. Whoever has ears, let them hear. To what can I compare this generation? They are like children sitting in the marketplaces and calling out to others. We played the pipe for you, and you did not dance; we sang a dirge, and you did not mourn. For John came neither eating nor drinking, and they say, ‘He has a demon.’ The Son of Man came eating and drinking, and they say, “Here is a glutton and a drunkard, a friend of tax collectors and sinners.’ But wisdom is proved right by her deeds.”",Least Greatest,The kingdom belongs to the child's heart. No agenda. No performance. No credentials to protect.,"The kingdom belongs not to the great or accomplished but to those with a child's open, trusting heart.","Jesus pays John the Baptist the highest possible compliment — no one born of a woman has been greater. And then Jesus says the least in the kingdom is greater than him.
This isn't about worthiness. John earned his place. It's about something far more radical — the nature of the kingdom itself.
Jesus returns to this principle repeatedly. In Matthew 18:3 he says unless you turn around and become like children you'll never enter the kingdom. In Mark 10:15 — whoever doesn't receive the kingdom like a child will never enter it. In John 3:3 — unless you are born again you cannot see the kingdom. The Gospel of Thomas says whoever among you becomes a child will recognize the Father's empire and will become greater than John.
The thread running through all of them is the same. The kingdom doesn't belong to the greatest, the most learned, the most accomplished, or even the most prophetically gifted. It belongs to those with the pure, open, trusting heart of a child. No agenda. No performance. No credentials to protect. Just complete, innocent, wholehearted orientation toward God.","Matthew 11:4-19; Luke 7:22-35 | Thomas 46, 78 | Q 16:16–17; Q 6:27–30; Q 6:31–32, 34; Q 6:35; Q 6:36; Q 7:18–19; Q 7:22–23; Q 7:24–30; Q 7:31–35",
1036,N,Luke,Luke 7:22-35,"Go back and report to John what you have seen and heard: The blind receive sight, the lame walk, those who have leprosy are cleansed, the deaf hear, the dead are raised, and the good news is proclaimed to the poor. Blessed is anyone who does not stumble on account of me. What did you go out into the wilderness to see? A reed swayed by the wind? If not, what did you go out to see? A man dressed in fine clothes? No, those who wear expensive clothes and indulge in luxury are in palaces. But what did you go out to see? A prophet? Yes, I tell you, and more than a prophet. This is the one about whom it is written: ‘I will send my messenger ahead of you, who will prepare your way before you.’ I tell you, among those born of women there is no one greater than John; yet the one who is least in the kingdom of God is greater than he. To what, then, can I compare the people of this generation? What are they like? They are like children sitting in the marketplace and calling out to each other: ‘We played the pipe for you, and you did not dance; we sang and dirge, and you did not cry.’ For John the Baptist came neither eating bread nor drinking wine, and you say, ‘He has a demon.’ The Son of Man came eating and drinking, and you say, ‘Here is a glutton and a drunkard, a friend of tax collectors and sinners.’ But wisdom is proved right by all her children.”",Least Greatest,The kingdom belongs to the child's heart. No agenda. No performance. No credentials to protect.,"The kingdom belongs not to the great or accomplished but to those with a child's open, trusting heart.","Jesus pays John the Baptist the highest possible compliment — no one born of a woman has been greater. And then Jesus says the least in the kingdom is greater than him.
This isn't about worthiness. John earned his place. It's about something far more radical — the nature of the kingdom itself.
Jesus returns to this principle repeatedly. In Matthew 18:3 he says unless you turn around and become like children you'll never enter the kingdom. In Mark 10:15 — whoever doesn't receive the kingdom like a child will never enter it. In John 3:3 — unless you are born again you cannot see the kingdom. The Gospel of Thomas says whoever among you becomes a child will recognize the Father's empire and will become greater than John.
The thread running through all of them is the same. The kingdom doesn't belong to the greatest, the most learned, the most accomplished, or even the most prophetically gifted. It belongs to those with the pure, open, trusting heart of a child. No agenda. No performance. No credentials to protect. Just complete, innocent, wholehearted orientation toward God.","Matthew 11:4-19; Luke 7:22-35 | Thomas 46, 78 | Q 16:16–17; Q 6:27–30; Q 6:31–32, 34; Q 6:35; Q 6:36; Q 7:18–19; Q 7:22–23; Q 7:24–30; Q 7:31–35",
1037,Y,Matthew,Matthew 11:21-24,"Woe to you, Chorazin! Woe to you, Bethsaida! For if the miracles that were performed in you had been performed in Tyre and Sidon, they would have repented long ago in sackcloth and ashes. But I tell you, it will be more bearable for Tyre and Sidon on the day of judgment than for you. And you, Capernaum, will you be lifted in the heavens? No, you will go down to Hades. For if the miracles that were performed in you had been performed in Sodom, it would have remained to this day. But I tell you that it will be more bearable for Sodom on the day of judgment that for you.”",Woe on the Towns,"The saddest verdict Jesus ever gives. You had the teacher walking your streets. You watched, and you did not turn.",Towns that witnessed Jesus's works up close and did not respond will face a harder reckoning than pagan cities that never had the chance.,"This is one of the sharpest laments in the gospels, and it lands on the three towns that had seen the most. Chorazin, Bethsaida, and Capernaum sat around the north end of the Sea of Galilee — Jesus's home base. He healed there. He taught there. He walked the streets. And nothing changed. In the Jesus Way reading, the woe is not a threat of divine punishment. It is a statement about reciprocity — the same law that runs through all his teaching. What you do with what you have been given is what you get back. Tyre and Sidon were the ancient pagan trading cities that the Hebrew prophets thundered against. Sodom is the archetype of moral collapse. Jesus is saying: those cities, given what you were given, would have turned. You did not. That is a harder position to be in than never having heard.

Judgment in Jesus's teaching is never arbitrary. It is the measure you give returning to you (Lk 6:38). Response to light determines what you are able to see next. Refuse the light, and the eye adjusts to the dark. The people of Nineveh in the Jonah story — a foreign pagan city — repented at the preaching of a reluctant prophet, and God turned. The people of Chorazin watched the greater-than-Jonah walk their streets, and they did not turn. The saying appears in Q, which means it circulated in the earliest layer of Jesus's teaching. Even then, the community remembered this grief — the towns that could have been the first fruits of the kingdom and chose not to be.",Matthew 11:21-24 | Q 10:13–15,
1038,Y,Matthew,Matthew 11:25-30,"I praise you, Father, Lord of heaven and earth, because you have hidden these things from the wise and learned, and revealed them to little children. Yes, Father, for this is what you were pleased to do. All things have been committed to me by my Father. No one knows the Son except the Father, and no one knows the Father except the Son and those to whom the Son chooses to reveal him. Come to me, all you who are weary and burdened, and I will give you rest. Take my yoke upon you and learn from me, for I am gentle and humble in heart, and you will find rest for your souls. For my yoke is easy and my burden is light.”",Come to Me and Rest,The rabbi with the light yoke. Learn from him and you find the rest you have been trying to earn.,Jesus invites the exhausted to learn from him and discover that God's way is not the crushing burden the religious system had made it.,"Every rabbi had a yoke — a way of reading and applying Torah, a set of interpretations his students were bound to carry. The yoke of the Pharisees, as Jesus describes it elsewhere, was heavy — 613 commandments layered with centuries of scribal case law, tradition of the elders piled on top. Jesus offers a different yoke. Not no yoke. His yoke. And his yoke is what he has been teaching all along: love God, love neighbor, do unto others. The whole law and the prophets hang on that. Take it up, and you find rest — not because there is nothing to do, but because you are no longer trying to earn what has already been given. The burden of trying to be righteous by rule-keeping is the burden that crushes people. The freedom of loving God and loving your neighbor is the burden that fits.

The language here echoes wisdom literature — Sirach 51:23-27 invites the untaught to come to wisdom's school and find rest. Jesus takes that invitation and puts himself in wisdom's place. Learn from me. The word *manthanō* — learn — is the same root as *mathētēs*, disciple. Discipleship is not admiration. It is apprenticeship. The *talmid* becomes like the rabbi. And this rabbi does not add to the burden — he lifts it. Notice too the striking Q parallel (Q 10:21-22, also preserved in Thomas 61) — Father and Son knowing each other with an intimacy the wise and learned have missed. The kingdom is revealed to little children, hidden from the credentialed. Come tired. Come uncertified. That is the whole entry requirement.","Matthew 11:25-30 | Thomas 61, 90 | Q 10:21–22",
1039,Y,Matthew,Matthew 12:3-13,"Haven’t you read what David did when he and his companions were hungry? He entered the house of God, and he and his companions ate the consecrated bread, which was not lawful for them to do, but only for the priests. Or haven’t you read in the Law that the priests on the Sabbath duty in the temple desecrate the Sabbath and yet are innocent? I tell you that something greater than a temple is here. If you had known what these words mean, ‘I desire mercy, not sacrifice,’ you would not have condemned the innocent. For the Son of Man is Lord of the Sabbath. If any of you has a sheep and it falls into a pit on the Sabbath, will you not take hold of it and lift it out? How much more valuable is a person than a sheep! Therefore it is lawful to do good on the Sabbath. Stretch out your hand.”",Sabbath Grain,"Mercy, not sacrifice. Jesus quotes Hosea twice — because the temple system had turned worship into a killing floor.","God has always desired mercy over sacrifice, and any religious system that forgets this has stopped serving God.","Jesus quotes Hosea 6:6 here for the second time in Matthew — I desire mercy, not sacrifice. He doesn't quote scripture twice by accident. This is deliberate emphasis on one of the most important points of his entire ministry.
God never wanted sacrifice. Nearly half the Hebrew prophets said it first — Isaiah, Jeremiah, Hosea, Amos, Micah — all condemned animal sacrifice as something God never asked for. Jesus picks up that prophetic tradition and drives it home. Mercy. Not sacrifice. Every time.
Consider what the temple system actually looked like. A quarter of a million animals slaughtered every Passover. Blood running through the streets. Priests getting rich off the transaction. Ordinary people told they couldn't access God's forgiveness without buying an animal and having it killed on an altar. Jesus walked into that system and said — God desires mercy, not this.
God's law was given to serve God — to reflect his nature, to produce love, mercy, and justice in the world. Religion is what humans built around it. And like everything humans build, it drifts. Jesus showed that a Sabbath that extracts money, kills innocent creatures and prioritizes rituals over human need — it no longer serves God. It is serving itself.",Matthew 12:3-13; Mark 2:25-28; Luke 6:3-10,
1039,N,Mark,Mark 2:25-28,"Have you never read what David did when he and his companions were hungry and in need? In the days of Abiathar the high priest, he entered the house of God and ate the consecrated bread, which is lawful only for priests to eat. And he also gave some to his companions. The Sabbath was made for man, not man for the Sabbath. So the Son of Man is Lord even of the Sabbath.”",Sabbath Grain,"Mercy, not sacrifice. Jesus quotes Hosea twice — because the temple system had turned worship into a killing floor.","God has always desired mercy over sacrifice, and any religious system that forgets this has stopped serving God.","Jesus quotes Hosea 6:6 here for the second time in Matthew — I desire mercy, not sacrifice. He doesn't quote scripture twice by accident. This is deliberate emphasis on one of the most important points of his entire ministry.
God never wanted sacrifice. Nearly half the Hebrew prophets said it first — Isaiah, Jeremiah, Hosea, Amos, Micah — all condemned animal sacrifice as something God never asked for. Jesus picks up that prophetic tradition and drives it home. Mercy. Not sacrifice. Every time.
Consider what the temple system actually looked like. A quarter of a million animals slaughtered every Passover. Blood running through the streets. Priests getting rich off the transaction. Ordinary people told they couldn't access God's forgiveness without buying an animal and having it killed on an altar. Jesus walked into that system and said — God desires mercy, not this.
God's law was given to serve God — to reflect his nature, to produce love, mercy, and justice in the world. Religion is what humans built around it. And like everything humans build, it drifts. Jesus showed that a Sabbath that extracts money, kills innocent creatures and prioritizes rituals over human need — it no longer serves God. It is serving itself.",Matthew 12:3-13; Mark 2:25-28; Luke 6:3-10,
1039,N,Luke,Luke 6:3-10,"Have you never read what David did when he and his companions were hungry? He entered the house of God, and taking the consecrated bread, he ate what is lawful only for priests to eat. And he also gave some to his companions. The Son of Man is Lord of the Sabbath. Get up and stand in front of everyone. I ask you, which is lawful on the Sabbath: to do good or to do evil, to save life or to destroy it? Stretch out your hand.”",Sabbath Grain,"Mercy, not sacrifice. Jesus quotes Hosea twice — because the temple system had turned worship into a killing floor.","God has always desired mercy over sacrifice, and any religious system that forgets this has stopped serving God.","Jesus quotes Hosea 6:6 here for the second time in Matthew — I desire mercy, not sacrifice. He doesn't quote scripture twice by accident. This is deliberate emphasis on one of the most important points of his entire ministry.
God never wanted sacrifice. Nearly half the Hebrew prophets said it first — Isaiah, Jeremiah, Hosea, Amos, Micah — all condemned animal sacrifice as something God never asked for. Jesus picks up that prophetic tradition and drives it home. Mercy. Not sacrifice. Every time.
Consider what the temple system actually looked like. A quarter of a million animals slaughtered every Passover. Blood running through the streets. Priests getting rich off the transaction. Ordinary people told they couldn't access God's forgiveness without buying an animal and having it killed on an altar. Jesus walked into that system and said — God desires mercy, not this.
God's law was given to serve God — to reflect his nature, to produce love, mercy, and justice in the world. Religion is what humans built around it. And like everything humans build, it drifts. Jesus showed that a Sabbath that extracts money, kills innocent creatures and prioritizes rituals over human need — it no longer serves God. It is serving itself.",Matthew 12:3-13; Mark 2:25-28; Luke 6:3-10,
1040,Y,Matthew,Matthew 12:25-37,"Every kingdom divided against itself will be ruined, and every city or household divided against itself will not stand. If Satan drives out Satan, he is divided against himself. How then can his kingdom stand? And if I drive out demons by Beelzebul, by whom do your people drive them out? So then, they will be your judges. But if It is by the Spirit of God that I drive out demons, then the kingdom of God has come upon you. Or again, how can anyone enter a strong man’s house and carry off his possessions unless he first ties up the strong man? Then he can plunder his house. Whoever is not with me is against me, and whoever does not gather with me scatters. And so I tell you, every kind of sin and slander can be forgiven, but blasphemy against the Spirit will not be forgiven. Anyone who speaks a word against the Son of Man will be forgiven, but anyone who speaks against the Holy Spirit will not be forgiven, either in this age or in the age to come. Make a tree good and its fruit will be good, or make a tree bad and its fruit will be bad, for a tree is recognized by its fruit. You brood of vipers, how can you who are evil say anything good? For the mouth speaks what the heart is full of. A good man brings good things out of the good stored up in him, and an evil man brings evil things of the evil stored up in him. But I tell you that everyone will have to give account on the day of judgment for every empty word they have spoken. For by your words you will be acquitted, and by your words you will be condemned.”",Fruit and Words,"The thoughtless word is the most honest one. It's the heart unguarded, showing you exactly what's stored inside.","Your words are a direct readout of your inner condition, which is why real change requires transforming the heart itself.","The mouth gives voice to what the heart is full of. What you say isn't random. It is a direct readout of your inner condition. Words of criticism, judgment, bitterness, and contempt don't float in from nowhere. They overflow from what is stored up inside. Equally, words of kindness, encouragement, truth, and love come from a heart that has been cultivated in those things.
This is why the inner transformation Jesus calls for throughout the Sermon on the Mount is the real work. You can't produce good fruit by trying harder to say nicer things. You have to change the tree. Repentance — metanoia, the change of heart and mind — is the only thing that changes what overflows from a person's mouth.
Then Jesus raises the stakes. On judgment day, people will account for every careless, thoughtless word they speak. Not just deliberate cruelty — every thoughtless word. Why? Because a thoughtless word is the most honest one. It's what slips out before the filter catches it. It is the heart unguarded, revealing exactly what is stored there.
Your words will vindicate you. And your words will condemn you. The fruit never lies.","Matthew 12:25-37; Luke 11:17-28 | Thomas 35, 44, 45, 79 | Q 11:14–15; Q 11:17–23; Q 11:24–26; Q 12:8–12; Q 6:43–45 | Oxy 1224 6:1–2",
1040,N,Luke,Luke 11:17-28,"Any kingdom divided against itself will be ruined, and a house divided against itself will fall. If Satan is divided against himself, how can his kingdom stand? I say this because you claim that I drive out demons by Beelzebul. Now if I drive out demons by Beelzebul, by whom do your followers drive them out? So then, they will be your judges. But if I drive out demons by the finger of God, then the kingdom of God has come upon you. When a strong man, fully armed, guards his own house, his possessions are safe. But when someone stronger attacks and overpowers him, he takes away the armor in which the man trusted and divides up his plunder. Whoever is not with me is against me, and whoever does not gather with me scatters. When an impure spirit comes out of a person, it goes through arid places seeking rest and does not find it. Then it says, ‘I will return to the house I left.’ When it arrives, it finds the house swept clean and put in order. Then it goes and takes seven other spirits more wicked than itself, and they go in a live there. And the final condition of that person is worse than the first. Blessed rather are those who hear the word of God and obey it.”",Fruit and Words,"The thoughtless word is the most honest one. It's the heart unguarded, showing you exactly what's stored inside.","Your words are a direct readout of your inner condition, which is why real change requires transforming the heart itself.","The mouth gives voice to what the heart is full of. What you say isn't random. It is a direct readout of your inner condition. Words of criticism, judgment, bitterness, and contempt don't float in from nowhere. They overflow from what is stored up inside. Equally, words of kindness, encouragement, truth, and love come from a heart that has been cultivated in those things.
This is why the inner transformation Jesus calls for throughout the Sermon on the Mount is the real work. You can't produce good fruit by trying harder to say nicer things. You have to change the tree. Repentance — metanoia, the change of heart and mind — is the only thing that changes what overflows from a person's mouth.
Then Jesus raises the stakes. On judgment day, people will account for every careless, thoughtless word they speak. Not just deliberate cruelty — every thoughtless word. Why? Because a thoughtless word is the most honest one. It's what slips out before the filter catches it. It is the heart unguarded, revealing exactly what is stored there.
Your words will vindicate you. And your words will condemn you. The fruit never lies.","Matthew 12:25-37; Luke 11:17-28 | Thomas 35, 44, 45, 79 | Q 11:14–15; Q 11:17–23; Q 11:24–26; Q 12:8–12; Q 6:43–45 | Oxy 1224 6:1–2",
1041,Y,Matthew,Matthew 12:39-45,"A wicked and adulterous generation asks for a sign! But none will be given it except the sign of the prophet Jonah. For as Jonah was three days and three nights in the belly of a huge fish, so the Son of Man will be three days and three nights in the heart of the earth. The men of Nineveh will stand up at the judgement with this generation and condemn it; for they repented at the preaching of Jonah, and now something greater than Jonah is here. The Queen of the South will rise at the judgment with this generation and condemn it; for she came from the ends of the earth to listen to Solomon’s wisdom, and now something greater than Solomon is here. When an impure spirit comes out of a person, it goes through arid places seeking rest and does not find it. Then it says, ‘I will return to the house I left.’ When it arrives, it finds the house unoccupied, swept clean and put in order. Then it goes and takes with it seven other spirits more wicked than itself, and they go in and live there. And the final condition of that person is worse than the first. That is how it will be with this wicked generation.”",The Sign of Jonah,"You want a sign. The sign is standing in front of you, telling the truth, and you are asking for something more impressive.",Jesus refuses to perform signs on demand and points to the preaching of Jonah and the wisdom of Solomon as evidence that people have always been able to recognize God's messenger without spectacle.,"A sign-demanding generation is one that will not turn until it is forced to. Jesus refuses. The only sign given is the sign of Jonah — a preacher sent to a wicked city, whose plain words called them to repent, and they did. That is the pattern. God's messenger comes with words, not fireworks. If you cannot hear the message on its merits, no spectacle will help you. In fact, spectacle would make it worse — you would follow the show and miss the point. Matthew adds the layer about three days and three nights in the heart of the earth, an early Christian reading of the resurrection back into the saying. But the core of the teaching is simpler and older: the Ninevites repented at preaching. The Queen of Sheba crossed the world for wisdom. Both of them will stand up at the judgment and shame a generation that had greater-than-both walking their streets and would not listen.

The teaching about the impure spirit returning to a swept-clean house is one of the sharpest things Jesus ever says about *metanoia*. Turning away from evil is not enough. If the house is only swept and left empty, seven worse spirits move in. Repentance is not the absence of the old life. It is the presence of the new one. If you clean out the ego and do not fill the space with love of God and love of neighbor, the ego comes back with reinforcements. This is why Jesus never taught abstinence-based religion. He taught transformation — the house occupied, the kingdom present, the light on. An empty room is not freedom. It is a vacancy waiting to be filled by whatever comes first.",Matthew 12:39-45; Luke 11:29-32 | Q 11:16; Q 11:24–26; Q 11:29–32,
1041,N,Luke,Luke 11:29-32,"This is a wicked generation. It asks for a sign, but none will be given it except the sign of Jonah. For as Johan was a sign to the Ninevites, so also will the Son of Man be to this generation. The Queen of the South will rise at the judgment with the people of this generation and condemn them, for she came from the ends of the earth to listen to Solomon’s wisdom; and now something greater than Solomon is here. The men of Nineveh will stand up at the judgement with this generation and condemn it, for they repented at the preaching of Jonah; and now something greater than Jonah is here.”",The Sign of Jonah,"You want a sign. The sign is standing in front of you, telling the truth, and you are asking for something more impressive.",Jesus refuses to perform signs on demand and points to the preaching of Jonah and the wisdom of Solomon as evidence that people have always been able to recognize God's messenger without spectacle.,"A sign-demanding generation is one that will not turn until it is forced to. Jesus refuses. The only sign given is the sign of Jonah — a preacher sent to a wicked city, whose plain words called them to repent, and they did. That is the pattern. God's messenger comes with words, not fireworks. If you cannot hear the message on its merits, no spectacle will help you. In fact, spectacle would make it worse — you would follow the show and miss the point. Matthew adds the layer about three days and three nights in the heart of the earth, an early Christian reading of the resurrection back into the saying. But the core of the teaching is simpler and older: the Ninevites repented at preaching. The Queen of Sheba crossed the world for wisdom. Both of them will stand up at the judgment and shame a generation that had greater-than-both walking their streets and would not listen.

The teaching about the impure spirit returning to a swept-clean house is one of the sharpest things Jesus ever says about *metanoia*. Turning away from evil is not enough. If the house is only swept and left empty, seven worse spirits move in. Repentance is not the absence of the old life. It is the presence of the new one. If you clean out the ego and do not fill the space with love of God and love of neighbor, the ego comes back with reinforcements. This is why Jesus never taught abstinence-based religion. He taught transformation — the house occupied, the kingdom present, the light on. An empty room is not freedom. It is a vacancy waiting to be filled by whatever comes first.",Matthew 12:39-45; Luke 11:29-32 | Q 11:16; Q 11:24–26; Q 11:29–32,
1042,Y,Matthew,Matthew 12:48-50,"Who is my mother, and who are my brothers? Here are my mother and my brothers? For whoever does the will of my Father in heaven is my brother and sister and mother.”",Jesus True Family,Bloodline doesn't get you in. Doing the Father's will does. Jesus's family is the people actually walking the Way.,Jesus's true family is defined not by blood but by actively doing the will of the Father.,"Jesus isn't slighting his family. He teaches an important lesson about who enters God's kingdom. Not bloodline. Not religious heritage. Not ethnic identity. Doing the will of the Father.
And what is the will of the Father?  Keep the commandments. Love God. Love your neighbor. Feed the hungry. Forgive everyone. Serve the least of these.
This passage directly reinforces what Jesus said in Matthew 7:21 — not everyone who calls me Lord will enter the kingdom, only those who do the will of my Father. Here he puts a human face on it. The people doing the will of the Father aren't distant theological concepts. They are sitting right in front of him. They are his family. They are the ones who belong. The kingdom isn't a place you get into by confessing the right words. It is a community of people actually following the Way.",Matthew 12:48-50; Luke 8:21 | Thomas 99,
1042,N,Luke,Luke 8:21,My mother and brothers are those who hear God’s word and put it into practice.”,Jesus True Family,Bloodline doesn't get you in. Doing the Father's will does. Jesus's family is the people actually walking the Way.,Jesus's true family is defined not by blood but by actively doing the will of the Father.,"Jesus isn't slighting his family. He teaches an important lesson about who enters God's kingdom. Not bloodline. Not religious heritage. Not ethnic identity. Doing the will of the Father.
And what is the will of the Father?  Keep the commandments. Love God. Love your neighbor. Feed the hungry. Forgive everyone. Serve the least of these.
This passage directly reinforces what Jesus said in Matthew 7:21 — not everyone who calls me Lord will enter the kingdom, only those who do the will of my Father. Here he puts a human face on it. The people doing the will of the Father aren't distant theological concepts. They are sitting right in front of him. They are his family. They are the ones who belong. The kingdom isn't a place you get into by confessing the right words. It is a community of people actually following the Way.",Matthew 12:48-50; Luke 8:21 | Thomas 99,
1043,Y,Matthew,Matthew 13:3-23,"A farmer went out to sow his seed. As he was scattering the seed, some fell along the path, and the birds came and ate it up. Some fell on rocky places, where it did not have much soil. It sprang up quickly, because the soil was shallow. But when the sun came up, the plants were scorched, and they withered because they had no root. Other seed fell among the thorns, which grew up and choked the plants. Still other seed fell on good soil, where it produced a crop - a hundred, sixty or thirty times what was sown. Whoever has ears, let them hear. Because the knowledge of the secrets of the kingdom of heaven has been given to you, but not to them. Whoever has will be given more, and they will have an abundance. Whoever does not have, even what they have will be taken from them. This is why I speak to them in parables: Though seeing, they do not see; though hearing, they do not hear or understand. In them is fulfilled the prophecy of Isaiah: You will be ever hearing but never understanding; you will be ever seeing but never perceiving. For this people’s heart has become calloused; they hardly hear with their ears, and they have closed their eyes. Otherwise they might see with their eyes, hear with their ears, understand with their hearts and turn, and I would heal them. But blessed are your eyes because they see, and your ears because they hear. For truly I tell you, many prophets and righteous people longed to see what you see but did not see it, and to hear what you hear but did not hear it. Listen then to what the parable of the sower means. When anyone hears the message about the kingdom and does not understand it, the evil one comes and snatches away what was sown in their heart. This is the seed sown along the path. The seed falling on rocky ground refers to someone who hears the word, and at once receives it with joy. But since they have no root, they last only a short time. When trouble or persecution comes because of the work, they quickly fall away. The seed falling among the thorns refers to someone who hears the word, but the worries of this life and the deceitfulness of wealth choke the word, making it unfruitful. But the seed falling on good soil refers to someone who hears the word and understands it. This is the one who produces a crop, yielding a hundred, sixty or thirty times what was sown.”",Parable of the Sower,"Same seed. Four hearts. The good soil is a humble, honest, turning heart. That's it. That's the whole condition.",The message of the kingdom takes root only in a heart humble and honest enough to receive and hold it.,"This is one of the most important parables Jesus teaches because he explains it himself. It appears in Matthew, Mark, Luke, and the Gospel of Thomas. The same seed. Four completely different results. Not because the seed is different. Because the soil is. 
The seed is the message of the kingdom. The four soils are four conditions of the human heart. The hardened path — closed, defended, already knows everything. The rocky ground — excited but uncommitted, withers the moment it costs something. The thorny ground — genuinely interested but unwilling to let go of the competing allegiances: money, worry, status, comfort.
And then the good soil.
Jesus describes it as a heart that receives the message, holds onto it with honesty and perseverance, and bears fruit. The good soil is a humble, repentant heart — metanoia, the genuine transformation of mind and direction toward God. Exactly what Jesus called for from his very first word.
It looks like the tax collector who can't even lift his eyes and says God, have mercy on me. The woman weeping at Jesus's feet. The prodigal son who came to his senses and simply turned around. No credentials. No religious achievement. Just an honest, open, turning heart — and the kingdom takes root.","Matthew 13:3-23; Mark 4:3-20; Luke 8:5-15 | Thomas 9, 38, 41 | Q 10:23–24",
1043,N,Mark,Mark 4:3-20,"Listen! A farmer went out to sow his seed. As he was scattering the seed, some fell along the path, and the birds came and ate it up. Some fell on rocky places, where it did not have much soil. It sprang up quickly, because the soil was shallow. But when the sun came up, the plants were scorched, and they withered because they had no root. Other seed fell among thorns, which grew up and choked the plants, so they did not bear grain. Still other seed fell on good soil. It came up, grew, and produced a crop, some multiplying thirty, some sixty, some a hundred times. Whoever has ears to hear, let them hear. The secret of the kingdom of God has been given to you. But to those on the outside everything is said in parables so that, they may be ever seeing but never perceiving, and ever hearing but never understanding; otherwise they might turn and be forgiven! Don’t you understand this parable? How then will you understand any parable? The farmer sows the word. Some people are like seed along the path, where the word is sown. As soon as they hear it, Satan comes and takes away the word that was sown in them. Others, like seed sown on rocky places, hear the word and at once receive it with joy. But since they have no root, they last only a short time. When trouble or persecution comes because of the word, they quickly fall away. Still others, like seed sown among thorns, hear the word; but the worries of this life, the deceitfulness of wealth and the desires for other things come in and choke the word, making it unfruitful. Others, like seed sown on good soil, hear the word, accept it, and produce a crop – some thirty, some sixty, some a hundred times what was sown.”",Parable of the Sower,"Same seed. Four hearts. The good soil is a humble, honest, turning heart. That's it. That's the whole condition.",The message of the kingdom takes root only in a heart humble and honest enough to receive and hold it.,"This is one of the most important parables Jesus teaches because he explains it himself. It appears in Matthew, Mark, Luke, and the Gospel of Thomas. The same seed. Four completely different results. Not because the seed is different. Because the soil is. 
The seed is the message of the kingdom. The four soils are four conditions of the human heart. The hardened path — closed, defended, already knows everything. The rocky ground — excited but uncommitted, withers the moment it costs something. The thorny ground — genuinely interested but unwilling to let go of the competing allegiances: money, worry, status, comfort.
And then the good soil.
Jesus describes it as a heart that receives the message, holds onto it with honesty and perseverance, and bears fruit. The good soil is a humble, repentant heart — metanoia, the genuine transformation of mind and direction toward God. Exactly what Jesus called for from his very first word.
It looks like the tax collector who can't even lift his eyes and says God, have mercy on me. The woman weeping at Jesus's feet. The prodigal son who came to his senses and simply turned around. No credentials. No religious achievement. Just an honest, open, turning heart — and the kingdom takes root.","Matthew 13:3-23; Mark 4:3-20; Luke 8:5-15 | Thomas 9, 38, 41 | Q 10:23–24",
1043,N,Luke,Luke 8:5-15,"A farmer went out to sow his seed. As he was scattering the seed, some fell along the path; it was trampled on, and the birds ate it up. Some fell on rocky ground, and when it came up, the plants withered because they had no moisture. Other seed fell among thorns, which grew up with it and choked the plants. Still other seed fell on good soil. It came up and yielded a crop, a hundred time more than was sown. Whoever has ears to hear, let them hear. The knowledge of the secrets of the kingdom of God has been given to you, but to others I speak in parables, so that, though seeing, they may not see; though hearing, they may not understand. This is the meaning of the parable: The seed is the word of God. Those along the path are the ones who hear, and then the devil comes and takes away the word from their hearts, so that they may not believe and be saved. Those on the rocky ground are the ones who receive the word with joy when they hear it, but they have no root. They believe for a while, but in the time of testing they fall away. The seed that fell among thorns stands for those who hear, but as they go on their way they are choked by life’s worries, riches, and pleasures, and they do not mature. But the seed on good soil stands for those with a noble and good heart, who hear the word, retain it, and by persevering produce a crop.”",Parable of the Sower,"Same seed. Four hearts. The good soil is a humble, honest, turning heart. That's it. That's the whole condition.",The message of the kingdom takes root only in a heart humble and honest enough to receive and hold it.,"This is one of the most important parables Jesus teaches because he explains it himself. It appears in Matthew, Mark, Luke, and the Gospel of Thomas. The same seed. Four completely different results. Not because the seed is different. Because the soil is. 
The seed is the message of the kingdom. The four soils are four conditions of the human heart. The hardened path — closed, defended, already knows everything. The rocky ground — excited but uncommitted, withers the moment it costs something. The thorny ground — genuinely interested but unwilling to let go of the competing allegiances: money, worry, status, comfort.
And then the good soil.
Jesus describes it as a heart that receives the message, holds onto it with honesty and perseverance, and bears fruit. The good soil is a humble, repentant heart — metanoia, the genuine transformation of mind and direction toward God. Exactly what Jesus called for from his very first word.
It looks like the tax collector who can't even lift his eyes and says God, have mercy on me. The woman weeping at Jesus's feet. The prodigal son who came to his senses and simply turned around. No credentials. No religious achievement. Just an honest, open, turning heart — and the kingdom takes root.","Matthew 13:3-23; Mark 4:3-20; Luke 8:5-15 | Thomas 9, 38, 41 | Q 10:23–24",
1044,Y,Matthew,Matthew 13:24-30,"The Kingdom of heaven is like a man who sowed good seed in his field. But while everyone was sleeping, his enemy came and sowed weeds among the wheat, and went away. When the wheat sprouted and formed heads, then the weeds also appeared. The owners servants came to him and said, ‘Sir, didn’t you sow good seed in your field? Where then did the weeds come from?’ ’An enemy did this’ he replied. The servants asked him, ‘Do you want us to go and pull them up?’ ‘No, because while you are pulling the weeds, you may uproot the wheat with them.’ ’Let both grow together until the harvest. At that time I will tell the harvesters: First collect the weeds and tie them in bundles to be burned; then gather the wheat and bring it into my barn.’”",Weeds and Wheat,"One of the few parables Jesus explained himself. Since we have the Master's own words, we defer to him.","Jesus himself explains this parable: the field is the world, the wheat and weeds grow together until the final harvest.","This one of the few parables that Jesus explained. Since we have the words of the Master, we defer to Him.  Starting in Matthew 13:36:

Then he left the crowd and went into the house. His disciples came to him and said, “Explain to us the parable of the weeds in the field.”

He answered, “The one who sowed the good seed is the Son of Man. The field is the world, and the good seed stands for the people of the kingdom. The weeds are the people of the evil one, and the enemy who sows them is the devil. The harvest is the end of the age, and the harvesters are angels.

As the weeds are pulled up and burned in the fire, so it will be at the end of the age. The Son of Man will send out his angels, and they will weed out of his kingdom everything that causes sin and all who do evil. They will throw them into the blazing furnace, where there will be weeping and gnashing of teeth. Then the righteous will shine like the sun in the kingdom of their Father. Whoever has ears, let them hear.",Matthew 13:24-30 | Thomas 57,
1045,Y,Matthew,Matthew 13:31-33,"The kingdom of heaven is like a mustard seed, which a man took and planted in his field. Though it is the smallest of all seeds, yet when it grows, it is the largest of garden plants and becomes a tree, so that the birds come and perch in its branches. The kingdom of heaven is like yeast that a woman took and mixed into about sixty pounds of flour until it worked all through the dough.”",Mustard Seed,Rome was built on force. The kingdom of God is built one small act of love at a time.,The kingdom spreads not through power or institution but through the smallest acts of love planted in prepared soil.,"This parable appears in Matthew, Mark, Luke, Q, and the Gospel of Thomas — one of the most widely attested teachings in the entire tradition. Jesus clearly returned to it repeatedly.
The image is simple: the kingdom of heaven starts as the smallest thing imaginable. Barely visible. Easy to overlook. And it grows into something enormous — large enough for birds to nest in its branches.
This is Jesus describing how the kingdom actually spreads. Not through empire or conquest or institutional power. Not through armies or councils or political influence. Through the smallest possible acts — one seed of love, one act of forgiveness, one gesture of mercy — planted in prepared soil and left to grow.
The mustard seed was proverbial in Jewish culture for something impossibly small. Jesus's audience would have smiled at the image — and then felt the weight of it. The kingdom of Rome was built on force. The kingdom of God was being built one small act of love at a time.","Matthew 13:31-33; Luke 13:18-21 | Thomas 20, 96 | Q 13:18–19; Q 13:20–21 | Peter 5:5 513, 527",
1045,N,Luke,Luke 13:18-21,"What is the kingdom of God like? What shall I compare it to? It is like a mustard seed, which a man took and planted in his garden. It grew and became a tree, and the birds perched in its branches. What shall I compare the kingdom of God to? It is like yeast that a woman took and mixed into about sixty pounds of flour until it worked all through the dough.”",Mustard Seed,Rome was built on force. The kingdom of God is built one small act of love at a time.,The kingdom spreads not through power or institution but through the smallest acts of love planted in prepared soil.,"This parable appears in Matthew, Mark, Luke, Q, and the Gospel of Thomas — one of the most widely attested teachings in the entire tradition. Jesus clearly returned to it repeatedly.
The image is simple: the kingdom of heaven starts as the smallest thing imaginable. Barely visible. Easy to overlook. And it grows into something enormous — large enough for birds to nest in its branches.
This is Jesus describing how the kingdom actually spreads. Not through empire or conquest or institutional power. Not through armies or councils or political influence. Through the smallest possible acts — one seed of love, one act of forgiveness, one gesture of mercy — planted in prepared soil and left to grow.
The mustard seed was proverbial in Jewish culture for something impossibly small. Jesus's audience would have smiled at the image — and then felt the weight of it. The kingdom of Rome was built on force. The kingdom of God was being built one small act of love at a time.","Matthew 13:31-33; Luke 13:18-21 | Thomas 20, 96 | Q 13:18–19; Q 13:20–21 | Peter 5:5 513, 527",
1046,Y,Matthew,Matthew 13:37-43,"The one who sowed the good seed is the Son of Man. The field is the world, and the good seed stand for the people of the kingdom. The weeds are the people of the evil one, and the enemy who sows them is the devil. The harvest is the end of the age, and the harvesters are angels. As the weeds are pulled up and burned in the fire, so it will be at the end of the age. The Son of Man will send out his angels, and they will weed out of his kingdom everything that causes sin and all who do evil. They will throw them into the blazing furnace, where there will be weeping and gnashing of teeth. Then the righteous will shine like the sun in the kingdom of their Father. Whoever has ears, let them hear.”",Weeds and Wheat Explained,Do not tear up the field. You cannot tell what is what yet. Time and love will sort what human hands would only ruin.,"Jesus interprets his own parable — the kingdom grows alongside evil in the same field, and the sorting is not a human job.","This is one of the few parables Jesus explains. The field is the world — not the church, the world. The good seed is people who belong to the kingdom. The weeds are people the accuser has sown. And they grow side by side, indistinguishable to human eyes, until the harvest. The whole point of the explanation is the same as the point of the parable it interprets — do not try to be the one who separates. Do not tear up the field trying to protect the wheat. You will pull up both. Judgment belongs to the harvest, and the harvest is not now. In the Jesus Way reading, this is a caution against every purity movement, every purge, every attempt to build a community of only the right people. Jesus does not tell his followers to sort the field. He tells them to grow.

A few things worth noticing. First, the imagery is apocalyptic — furnace, weeping and gnashing, angels sorting — and Jesus was formed inside a community (the Nazarene / Essene / Ebionim stream) that expected a final reckoning at the end of the age. The apocalyptic frame is authentic to him. Second, the reward is not escape from earth. The righteous will shine like the sun in the kingdom of their Father. That kingdom is the one Jesus has been announcing since chapter 4 — heaven's reality made visible on earth. Third, the *skandala* — things that cause sin, literally stumbling-blocks — are what gets weeded out, alongside all who do evil. What is destroyed is what harms. What remains is love. That is the harvest. Not everything you were promised. Everything you were meant for.",Matthew 13:37-43,
1047,Y,Matthew,Matthew 13:44-46,"The kingdom of heaven is like treasure hidden in the field. When a man found it, he hid it again, and then in his joy went and sold all he had and bought that field. Again, the kingdom of heaven is like a merchant looking for fine pearls. When he found one of great value, he went away and sold everything he had and bought it.”",The Pearl,"When you truly see the pearl, the decision makes itself. The attachment to everything else falls away on its own.","When you truly see the value of the kingdom, everything else loses its grip without effort.","In the first century, pearls were among the most valuable commodities on earth. They came from the depths of the Persian Gulf and the Red Sea — retrieved by divers holding their breath at 40 meters, traveling through merchant hands across thousands of miles before reaching the Mediterranean world. A single exceptional pearl could be worth a fortune. Roman emperors adorned themselves with them. Their scarcity and mystery made them the ultimate luxury of the ancient world.
A pearl merchant would spend his entire career handling thousands of pearls — good ones, beautiful ones, valuable ones. Then one day he finds one that stops him cold. Not good. Not beautiful. Priceless. Without hesitation he sells everything he has built over a lifetime to buy that one pearl.
This is a merchant who knows his trade. He has handled enough pearls to know beyond doubt what he is looking at. And the moment he sees it clearly, the decision makes itself.
That is Jesus's point. When you truly see the kingdom — God's reality, God's love made manifest in human life — everything else loses its grip. Not because you force yourself to let go, but because what you've found is so obviously, unmistakably worth more. The attachment falls away on its own.
The ego chases things that never fully satisfy. More money, more approval, more status — and the next morning you wake up wanting it all over again. The pearl doesn't work like that. What you find in the kingdom doesn't depreciate. It doesn't rust. It doesn't get stolen.
It is the one thing, once found, that is genuinely worth having.","Matthew 13:44-46 | Thomas 76, 109",
1048,Y,Matthew,Matthew 13:47-52,"Once again, the kingdom of heaven is like a net that was let down into the lake and caught all kinds of fish. When it was full, the fishermen pulled it up on the shore. Then they sat down and collected the good fishing baskets, but threw the bad away. This is how it will be at the end of the age. The angels will come and separate the wicked from the righteous and throw them into the blazing furnace, where there will be weeping and gnashing of teeth. Have you understood all these things? Therefore every teacher of the law who has become a disciple in the kingdom of heaven is like the owner of a house who brings out of his storeroom new treasures as well as old.”",The Net,The kingdom is cast wide and available to everyone. But not everyone recognizes what they've caught.,"The kingdom is offered to everyone, but recognizing and choosing it requires discernment.","A dragnet catches everything — good fish, bad fish, whatever is in the water. When it's full, it comes to shore and the fishermen sort it. Good fish kept. Everything else thrown back.
The kingdom works the same way. It casts wide. It is available to everyone. But not everyone recognizes what they have. The fisherman who knows his trade sees the exceptional fish immediately and chooses it without hesitation.
The lesson is discernment. The kingdom of heaven is within reach — but it requires eyes to see it and the willingness to choose it over everything else. Many encounter it and throw it back without realizing what it was.",Matthew 13:47-52 | Thomas 8,
1049,Y,Matthew,Matthew 13:57,A prophet is not without honor except in his own town and in his own home.”,A Prophet Without Honor,The people who watched you grow up will be the last to see who you have become. It is not their fault. It is just the pattern.,Prophets and teachers are recognized everywhere except in the community that thinks it already knows them.,"Jesus returns to Nazareth — his hometown, the place where he grew up, where people knew Mary, knew Joseph, knew the brothers and sisters — and they cannot receive him as a teacher. This is the carpenter's son. This is Mary's boy. The category they already have for him is so fixed that the reality standing in front of them cannot fit. Mark's version is the harshest — he could do no miracle there because of their unbelief. Familiarity had closed the very door his teaching needed to walk through. And Jesus names it with a proverb that sounds almost resigned. This is how it goes. This is the pattern with prophets, in every generation.

What is worth sitting with is what this says about *pistis* — trust. Jesus never heals people over the top of their unbelief. He heals into their trust. Where trust is, healing flows. Where the door is closed, even the teacher cannot force his way through. This is not a magic power that overrides human choice. It is a relationship that requires openness on both sides. Thomas 31 preserves the same saying — no prophet is accepted in his own village, no physician heals those who know him. The parallel proverb about the physician is telling. What the doctor can do for a stranger, he often cannot do for his own household, because the household will not let him. The gate to the kingdom is open. But it opens inward. If you have decided you already know, the door stays shut.",Matthew 13:57; Mark 6:4 | Thomas 31,
1049,N,Mark,Mark 6:4,"A prophet is not without honor except in his own town, among his relatives and in his own home.”",A Prophet Without Honor,The people who watched you grow up will be the last to see who you have become. It is not their fault. It is just the pattern.,Prophets and teachers are recognized everywhere except in the community that thinks it already knows them.,"Jesus returns to Nazareth — his hometown, the place where he grew up, where people knew Mary, knew Joseph, knew the brothers and sisters — and they cannot receive him as a teacher. This is the carpenter's son. This is Mary's boy. The category they already have for him is so fixed that the reality standing in front of them cannot fit. Mark's version is the harshest — he could do no miracle there because of their unbelief. Familiarity had closed the very door his teaching needed to walk through. And Jesus names it with a proverb that sounds almost resigned. This is how it goes. This is the pattern with prophets, in every generation.

What is worth sitting with is what this says about *pistis* — trust. Jesus never heals people over the top of their unbelief. He heals into their trust. Where trust is, healing flows. Where the door is closed, even the teacher cannot force his way through. This is not a magic power that overrides human choice. It is a relationship that requires openness on both sides. Thomas 31 preserves the same saying — no prophet is accepted in his own village, no physician heals those who know him. The parallel proverb about the physician is telling. What the doctor can do for a stranger, he often cannot do for his own household, because the household will not let him. The gate to the kingdom is open. But it opens inward. If you have decided you already know, the door stays shut.",Matthew 13:57; Mark 6:4 | Thomas 31,
1050,Y,Matthew,Matthew 14:16-18,They do not need to go away. You give them something to eat. Bring them here to me.”,You Give Them Something to Eat,"Five thousand hungry people. The disciples want to send them away. Jesus turns to them and says: no, you feed them.","Jesus refuses to send the hungry crowd away and instead multiplies what the disciples themselves bring, teaching that the kingdom's abundance flows through hands that offer what little they have.","The disciples' instinct is to solve the problem by dispersing it. Send them away. Let them buy their own food. Jesus rejects the whole frame with one sentence — you give them something to eat. Notice what he does not do. He does not summon bread from the sky. He asks what they already have. Five loaves and two fish. Ridiculous, against the size of the need. And that is what he blesses, breaks, and gives back. The miracle passes through the disciples' hands. They are the ones who distribute. They are the ones who watch it not run out. The kingdom is not a warehouse God opens. It is a table God multiplies, when the community brings what it has and refuses to send anyone away hungry.

This story is in all four gospels — the only miracle besides the resurrection that appears everywhere — which tells you how central it was to the early community's memory of Jesus. The echoes are deliberate. Elisha feeds a hundred with twenty loaves and has some left over (2 Kgs 4:42-44) — Jesus multiplies the pattern by fifty. Israel eats manna in the wilderness (Exod 16). And the twelve baskets left over match the twelve tribes. This is not a stunt. It is a sign that the Nazarene / Ebionim vision of communal provision — Acts 2:44-45, 1QS 6 — is what the kingdom looks like when it lands. Everyone eats. Nothing is wasted. And it starts with a boy's lunch handed to a rabbi who refused to send the crowd away.",Matthew 14:16-18; Mark 6:31-38; Luke 9:13-14; John 6:5-12 | Egerton 2:1–4,
1050,N,Mark,Mark 6:31-38,Come with me by yourselves to a quiet place and get some rest. You give them something to eat. How many loaves do you have? Go and see.”,You Give Them Something to Eat,"Five thousand hungry people. The disciples want to send them away. Jesus turns to them and says: no, you feed them.","Jesus refuses to send the hungry crowd away and instead multiplies what the disciples themselves bring, teaching that the kingdom's abundance flows through hands that offer what little they have.","The disciples' instinct is to solve the problem by dispersing it. Send them away. Let them buy their own food. Jesus rejects the whole frame with one sentence — you give them something to eat. Notice what he does not do. He does not summon bread from the sky. He asks what they already have. Five loaves and two fish. Ridiculous, against the size of the need. And that is what he blesses, breaks, and gives back. The miracle passes through the disciples' hands. They are the ones who distribute. They are the ones who watch it not run out. The kingdom is not a warehouse God opens. It is a table God multiplies, when the community brings what it has and refuses to send anyone away hungry.

This story is in all four gospels — the only miracle besides the resurrection that appears everywhere — which tells you how central it was to the early community's memory of Jesus. The echoes are deliberate. Elisha feeds a hundred with twenty loaves and has some left over (2 Kgs 4:42-44) — Jesus multiplies the pattern by fifty. Israel eats manna in the wilderness (Exod 16). And the twelve baskets left over match the twelve tribes. This is not a stunt. It is a sign that the Nazarene / Ebionim vision of communal provision — Acts 2:44-45, 1QS 6 — is what the kingdom looks like when it lands. Everyone eats. Nothing is wasted. And it starts with a boy's lunch handed to a rabbi who refused to send the crowd away.",Matthew 14:16-18; Mark 6:31-38; Luke 9:13-14; John 6:5-12 | Egerton 2:1–4,
1050,N,Luke,Luke 9:13-14,You give them something to eat. Have them sit down in groups of about fifty each.”,You Give Them Something to Eat,"Five thousand hungry people. The disciples want to send them away. Jesus turns to them and says: no, you feed them.","Jesus refuses to send the hungry crowd away and instead multiplies what the disciples themselves bring, teaching that the kingdom's abundance flows through hands that offer what little they have.","The disciples' instinct is to solve the problem by dispersing it. Send them away. Let them buy their own food. Jesus rejects the whole frame with one sentence — you give them something to eat. Notice what he does not do. He does not summon bread from the sky. He asks what they already have. Five loaves and two fish. Ridiculous, against the size of the need. And that is what he blesses, breaks, and gives back. The miracle passes through the disciples' hands. They are the ones who distribute. They are the ones who watch it not run out. The kingdom is not a warehouse God opens. It is a table God multiplies, when the community brings what it has and refuses to send anyone away hungry.

This story is in all four gospels — the only miracle besides the resurrection that appears everywhere — which tells you how central it was to the early community's memory of Jesus. The echoes are deliberate. Elisha feeds a hundred with twenty loaves and has some left over (2 Kgs 4:42-44) — Jesus multiplies the pattern by fifty. Israel eats manna in the wilderness (Exod 16). And the twelve baskets left over match the twelve tribes. This is not a stunt. It is a sign that the Nazarene / Ebionim vision of communal provision — Acts 2:44-45, 1QS 6 — is what the kingdom looks like when it lands. Everyone eats. Nothing is wasted. And it starts with a boy's lunch handed to a rabbi who refused to send the crowd away.",Matthew 14:16-18; Mark 6:31-38; Luke 9:13-14; John 6:5-12 | Egerton 2:1–4,
1050,N,John,John 6:5-12,Where shall we buy bread for these people to eat? Have the people sit down. Gather pieces that are left over. Let nothing be wasted.”,You Give Them Something to Eat,"Five thousand hungry people. The disciples want to send them away. Jesus turns to them and says: no, you feed them.","Jesus refuses to send the hungry crowd away and instead multiplies what the disciples themselves bring, teaching that the kingdom's abundance flows through hands that offer what little they have.","The disciples' instinct is to solve the problem by dispersing it. Send them away. Let them buy their own food. Jesus rejects the whole frame with one sentence — you give them something to eat. Notice what he does not do. He does not summon bread from the sky. He asks what they already have. Five loaves and two fish. Ridiculous, against the size of the need. And that is what he blesses, breaks, and gives back. The miracle passes through the disciples' hands. They are the ones who distribute. They are the ones who watch it not run out. The kingdom is not a warehouse God opens. It is a table God multiplies, when the community brings what it has and refuses to send anyone away hungry.

This story is in all four gospels — the only miracle besides the resurrection that appears everywhere — which tells you how central it was to the early community's memory of Jesus. The echoes are deliberate. Elisha feeds a hundred with twenty loaves and has some left over (2 Kgs 4:42-44) — Jesus multiplies the pattern by fifty. Israel eats manna in the wilderness (Exod 16). And the twelve baskets left over match the twelve tribes. This is not a stunt. It is a sign that the Nazarene / Ebionim vision of communal provision — Acts 2:44-45, 1QS 6 — is what the kingdom looks like when it lands. Everyone eats. Nothing is wasted. And it starts with a boy's lunch handed to a rabbi who refused to send the crowd away.",Matthew 14:16-18; Mark 6:31-38; Luke 9:13-14; John 6:5-12 | Egerton 2:1–4,
1051,Y,Matthew,Matthew 14:27-31,"Take courage! It is I. Don’t be afraid. Come. You of little faith, why did you doubt?”","Take Courage, It Is I",Peter walks on water as long as he watches the teacher. He sinks the moment he starts watching the wind.,Peter walks on water toward Jesus and sinks the moment his attention shifts from the teacher to the storm.,"The lesson is in Peter, not in the physics. Peter does the impossible thing — he steps out of the boat. And for a few seconds, focused entirely on Jesus, he walks. Then he notices the wind. His focus splits. Fear rushes in. And the surface under his feet becomes water again. Take courage, it is I. Don't be afraid — those are the first words Jesus speaks, and they are the whole content of the teaching. Fear is what makes the storm heavier than the presence. *Pistis* — trust — is not a feeling. It is where you put your attention. When Peter watched Jesus, his body followed. When Peter watched the wind, his body followed. What you look at is what you sink into or rise on top of.

The Greek phrase Jesus uses is *egō eimi* — I am. It is the same phrase God speaks to Moses at the burning bush (Exod 3:14), and John's Gospel picks it up as a signature. Take courage, I am. Do not be afraid. This is not just self-identification. It is the presence of the same reality that met Israel in the wilderness now meeting the disciples on the water. And Jesus's rebuke of Peter is gentle — you of little faith, why did you doubt — literally, why did you divide, why did you split. *Diakrinō* is the Greek — to be pulled in two directions. That is the whole diagnosis. When trust is undivided, you walk. When it splits, you sink. Peter will split many more times before he stops. Most of us will. The teacher keeps reaching down and pulling us back up.",Matthew 14:27-31; John 6:20,
1051,N,John,John 6:20,It is I; don’t be afraid.”,"Take Courage, It Is I",Peter walks on water as long as he watches the teacher. He sinks the moment he starts watching the wind.,Peter walks on water toward Jesus and sinks the moment his attention shifts from the teacher to the storm.,"The lesson is in Peter, not in the physics. Peter does the impossible thing — he steps out of the boat. And for a few seconds, focused entirely on Jesus, he walks. Then he notices the wind. His focus splits. Fear rushes in. And the surface under his feet becomes water again. Take courage, it is I. Don't be afraid — those are the first words Jesus speaks, and they are the whole content of the teaching. Fear is what makes the storm heavier than the presence. *Pistis* — trust — is not a feeling. It is where you put your attention. When Peter watched Jesus, his body followed. When Peter watched the wind, his body followed. What you look at is what you sink into or rise on top of.

The Greek phrase Jesus uses is *egō eimi* — I am. It is the same phrase God speaks to Moses at the burning bush (Exod 3:14), and John's Gospel picks it up as a signature. Take courage, I am. Do not be afraid. This is not just self-identification. It is the presence of the same reality that met Israel in the wilderness now meeting the disciples on the water. And Jesus's rebuke of Peter is gentle — you of little faith, why did you doubt — literally, why did you divide, why did you split. *Diakrinō* is the Greek — to be pulled in two directions. That is the whole diagnosis. When trust is undivided, you walk. When it splits, you sink. Peter will split many more times before he stops. Most of us will. The teacher keeps reaching down and pulling us back up.",Matthew 14:27-31; John 6:20,
1052,Y,Matthew,Matthew 15:3-20,"And why do you break the command of God for the sake of your traditions? For God said, ‘Honor you father and mother’ and ‘Anyone who curses their father or mother is to be put to death.’ But you say that if anyone declares that what might have been used to help their father or mother is ‘devoted to God,’ they are not to ‘honor their father or mother’ with it. Thus you nullify the word of God for the sake of your tradition. You hypocrites! Isaiah was right when he prophesied about you. These people honor me with their lips, but their hearts are far from me. They worship me in vain; their teachings are merely human rules. Listen and understand. What goes into someone’s mouth does not defile them, but what comes out of their mouth, that is what defiles them. Every plant my heavenly Father has not planted will be pulled up by the roots. Leave them; they are blind guides. If the blind lead the blind, both will fall into the pit. Are you still so dull? Don’t you see that whatever enters the mouth goes into the stomach and then out of the body? But the things that come out of a person’s mouth come from the heart, and these defile them. For out of the heart come evil thoughts – murder, adultery, sexual immorality, theft, false testimony, slander. These are what defile a person; but eating with unwashed hands does not defile them.”",Washing Hands,The tradition of the elders is human invention layered over God's law. Empty ritual with an unchanged heart means nothing.,Human religious tradition has replaced God's commandments with ritual performance that leaves the heart untouched.,"Hand washing before meals is not commanded anywhere in the Torah. It was a scribal tradition — part of an oral body of law that the Pharisees had developed over centuries, attempting to extend the purity requirements of temple priests to everyday Jewish life. The tradition of the elders was a body of oral literature handed down from religious authorities, developed out of a zeal to explain the written law and apply it to contemporary circumstances. By Jesus's day it had accumulated into hundreds of additional rules sitting alongside — and sometimes overriding — what God had actually commanded. 
Jesus comes out swinging with Isaiah 6:9 — the same prophet he cited at the start of his ministry. This people honors me with their lips but not their hearts. Their worship is empty because they insist on teachings that are human regulations. Then he delivers the verdict: you have set aside God's commandment and hold fast to human tradition.
This connects directly to what Jesus's community believed about the 613 scribal laws that had been layered over the original Mosaic code. The project files are explicit — the Nazarene community, like the Essene community before them, rejected these additions as human inventions. Not from God. When Jesus says you have abandoned the commandment of God for human tradition, he isn't speaking in abstractions. He is naming the specific mechanism by which the temple establishment had corrupted the law — replacing the ten eternal commandments rooted in God's nature with a system of ritual performance that benefited the priesthood and kept ordinary people in permanent religious debt.
The Isaiah quote is the key. It isn't enough to perform the right rituals. It isn't enough to say the right words. If the heart isn't oriented toward God — if the worship is external performance while the inner life remains unchanged — it means nothing.
That indictment is as relevant today as it was in first century Galilee.",Matthew 15:3-20; Mark 7:6-23 | Thomas 14 | Q 6:37–40 | Egerton 3:1–6,
1052,N,Mark,Mark 7:6-23,"Isaiah was right when he prophesied about you hypocrites; as it is written: ‘These people honor me with their lips, but their hearts are far from me. They worship me in vain; their teachings are merely human rules.’ You have let go of the commands of God and are holding on to human traditions You have a fine way of setting aside the commands of God in order to observe your own traditions! For Moses said, ‘Honor you father and mother. Anyone who curses their father or mother is to be put to death.’ But you say that if anyone declares that what might have been used to help their father or mother is Corban (that is, devoted to God) – then you no longer let them do anything for their father or mother. Thus you nullify the word of God by your tradition that you have handed down. And you do many things like that. Listen to me, everyone, and understand this. Nothing outside a person can defile them by going into them. Rather, it is what comes out of a person that defiles them. Are you so dull? Don’t you see that nothing that enters a person from the outside can defile them? For it doesn’t go into their heart but into their stomach, and the out of the body. What comes out of a person is what defiles them. For it is from within, out of a person’s heart, that evil thoughts come – sexual immorality, theft, murder, adultery, greed, malice, deceit, lewdness, envy, slander, arrogance and folly. Jesus Honors a Syrophoenician Woman’s Faith",Washing Hands,The tradition of the elders is human invention layered over God's law. Empty ritual with an unchanged heart means nothing.,Human religious tradition has replaced God's commandments with ritual performance that leaves the heart untouched.,"Hand washing before meals is not commanded anywhere in the Torah. It was a scribal tradition — part of an oral body of law that the Pharisees had developed over centuries, attempting to extend the purity requirements of temple priests to everyday Jewish life. The tradition of the elders was a body of oral literature handed down from religious authorities, developed out of a zeal to explain the written law and apply it to contemporary circumstances. By Jesus's day it had accumulated into hundreds of additional rules sitting alongside — and sometimes overriding — what God had actually commanded. 
Jesus comes out swinging with Isaiah 6:9 — the same prophet he cited at the start of his ministry. This people honors me with their lips but not their hearts. Their worship is empty because they insist on teachings that are human regulations. Then he delivers the verdict: you have set aside God's commandment and hold fast to human tradition.
This connects directly to what Jesus's community believed about the 613 scribal laws that had been layered over the original Mosaic code. The project files are explicit — the Nazarene community, like the Essene community before them, rejected these additions as human inventions. Not from God. When Jesus says you have abandoned the commandment of God for human tradition, he isn't speaking in abstractions. He is naming the specific mechanism by which the temple establishment had corrupted the law — replacing the ten eternal commandments rooted in God's nature with a system of ritual performance that benefited the priesthood and kept ordinary people in permanent religious debt.
The Isaiah quote is the key. It isn't enough to perform the right rituals. It isn't enough to say the right words. If the heart isn't oriented toward God — if the worship is external performance while the inner life remains unchanged — it means nothing.
That indictment is as relevant today as it was in first century Galilee.",Matthew 15:3-20; Mark 7:6-23 | Thomas 14 | Q 6:37–40 | Egerton 3:1–6,
1053,Y,Matthew,Matthew 15:24-28,"I was sent only to the lost sheep of Israel. It is not right to take the children’s bread and toss it to the dogs. Woman, you have great faith! Your request is granted.”",The Canaanite Woman,"She takes the hard word, turns it, and hands it back. Jesus's answer is not a rebuke. It is astonishment.",A Gentile woman argues her way into Jesus's mission and shows a trust so fierce that even the barriers of her nationality dissolve in front of it.,"This is one of the strangest and most bracing exchanges in the gospels. A Canaanite woman — a Gentile, an outsider, the very category the Torah warned Israel against — comes crying out for her daughter. Jesus at first ignores her. Then he says the hard sentence: I was sent only to the lost sheep of Israel. Then the harder one: it is not right to take the children's bread and toss it to the dogs. And she answers, without flinching — yes Lord, but even the dogs eat the crumbs that fall from the master's table. She takes the metaphor, accepts the terms, and expands them until they include her. And Jesus, who has been drawing a boundary, drops it. Woman, you have great faith. Your request is granted.

What is happening here is contested and interesting. Some read it as Jesus testing her. Others as Jesus wrestling with the scope of his own mission — sent first to Israel, but discovering, in the encounter with this woman, that the kingdom cannot be kept inside those lines. Either reading works. What is undeniable is her *pistis* — her fierce, refusing-to-be-dismissed trust. She does not accept the no. She argues. And the rabbi honors it. This is one of only two people in the gospels Jesus explicitly praises for great faith (the other is the Roman centurion, also a Gentile). Twice, the outsider is the one who gets it. The kingdom of God is not an ethnic club. And a woman who was supposed to be nothing here becomes the teacher's teacher for a moment, showing what trust looks like when there is nothing left to lose.",Matthew 15:24-28,
1054,Y,Matthew,Matthew 15:32-34,"I have compassion for these people; they have already been with me three days and have nothing to eat. I do not want to send them away hungry, or they may collapse on the way. How many loaves do you have?”",I Have Compassion,"Three days without food. He will not send them home hungry. Compassion, not calculation, is what starts the miracle.","Jesus feeds another huge crowd because he refuses to let them go home empty, and the multiplication begins from what little his disciples can find.","This is the second feeding in Matthew — four thousand this time, with seven loaves and a few small fish — and it is easy to read as a duplicate of the first. It is not. The location is Gentile territory, on the eastern side of the lake, and the number of baskets left over (seven, not twelve) may signal the mission reaching outward, beyond the twelve tribes. But the opening line is where the weight sits. I have compassion. *Splanchnizomai* in the Greek — moved in the gut. This is not a decision. This is a physical reaction to hunger in front of him. The kingdom is not run by calculation. It is run by mercy that will not let people be sent away hungry when there is any way to feed them.

That compassion is the same word used in the Good Samaritan (Lk 10:33), the same word for the father seeing the prodigal son (Lk 15:20), the same word Jesus feels when he sees the crowds harassed and helpless (Mt 9:36). It is not a mood. It is the interior mechanism of the kingdom. When compassion moves, the loaves multiply. When calculation moves, we send people away hungry and call it prudent. Notice the disciples' response the second time. They still ask how they could possibly feed so many. They have already seen the first feeding. They still forget. This is the part of the story that keeps repeating in every generation — we watched God feed the multitudes yesterday and still, today, we look at the empty table and see only what is not there. Jesus keeps asking the same question. How many loaves do you have? Start there.",Matthew 15:32-34,
1055,Y,Matthew,Matthew 16:2-11,"When evening comes, you say, ‘It will be fair weather, for the sky is red,’ and in the morning, ‘Today it will be stormy, for the sky is red and overcast.’ You know how to interpret the appearance of the sky, but you cannot interpret the signs of the times. A wicked and adulterous generation looks for a sign, but none will be given it except the sign of Jonah. Be careful, be on your guard against the yeast of the Pharisees and Sadducees. You of little faith, why are you talking among yourselves about having no bread? Do you still not understand? Don’t you remember the five loaves for the five thousand , and how many basketfuls you gathered? Or the seven loaves for the four thousand, and how many basketfuls you gathered? How is it you don’t understand that I was not talking to you about bread? But be on your guard against the yeast of the Pharisees and Sadducees.”",The Yeast of the Pharisees,A little bad teaching leavens the whole loaf. Watch what you take in. It is quieter than yeast and it works the same way.,"Jesus warns his disciples that religious teaching is like yeast — a small amount reshapes the whole loaf, so be careful whose interpretation you absorb.","The disciples are worried about literal bread. Jesus is talking about something else, and he is a little exasperated that they cannot catch it. Yeast is invisible. You cannot see it working. And it changes everything it touches. That is how bad teaching operates — the Pharisees' tradition-of-the-elders layered onto the Torah, the Sadducees' temple-elite theology of accommodation with Rome — quiet, unnoticed, reshaping the whole loaf of how people see God. Be on your guard. Not paranoid, but attentive. What you take in as spiritual food determines what your soul rises into. And you already have direct experience of what the kingdom looks like when God is feeding the crowds — five loaves, twelve baskets, seven loaves, seven baskets. Do you still not understand?

This is also one of the sharpest sign-refusal moments in the gospels. The Pharisees and Sadducees, otherwise theological opponents, come together to demand a sign from heaven. Jesus reads their weather — you can predict rain from a red sky, but you cannot read what God is doing right in front of you. The whole request is a diagnosis of a hardened heart. Signs on demand do not produce trust. They produce spectators. The sign has already been given: healings, feedings, teaching that opens the eyes of the poor. Anyone whose heart is open sees it. Anyone who wants proof on their terms has already refused. Yeast is subtle. The refusal is subtle too — a slight bending of interpretation here, a small compromise with power there, and eventually the whole loaf tastes wrong. Be careful whose bread you eat.",Matthew 16:2-11 | Thomas 91 | Q 12:54–56,
1056,Y,Matthew,Matthew 16:13-19,"Who do people say the Son of Man is? But, what about you? Who do you say I am? Blessed are you, Simon son of Jonah, for this was not revealed to you by flesh and blood, but by my Father in heaven. And I tell you that you are Peter, and on this rock I will build my Church, and the gates of Hades will not overcome it. I will give you the keys of the kingdom of heaven; whatever you bind on earth will be bound in heaven, and whatever you loose on earth will be loosed in heaven.”",Who Do You Say I Am,Everyone had a theory. Only one answer came from the inside. That is the answer that becomes the rock.,"Peter's confession comes not from external teaching but from an inner recognition of who Jesus is, and Jesus tells him that this kind of knowing is the foundation the community will be built on.","Jesus asks the disciples first what the crowds are saying — John the Baptist, Elijah, Jeremiah, one of the prophets. All decent guesses, all wrong. Then the question turns inward. But what about you? Who do you say I am? Peter answers: you are the Messiah, the Son of the living God. And Jesus's response is not I told you so. It is blessed are you — because this was not revealed to you by flesh and blood, but by my Father in heaven. What matters is not the words of the confession. It is the source of the knowing. Peter did not work it out. He did not get it from Andrew. It came from the inside, from the same Father Jesus keeps pointing everyone toward. This is what the kingdom looks like when it lands in a person. The knowing arrives as recognition, not as conclusion.

On this rock I will build my *ekklēsia* — my community, my assembly. The Greek word is not church in the institutional sense we later inherited. It is a called-out gathering. And the rock, in the plain reading, is the *kind of knowing* Peter just demonstrated — direct inner revelation of who Jesus is. That is what the community stands on. Not a hierarchy. Not a creed. Not an office. The keys of the kingdom that follow — whatever you bind on earth will be bound in heaven — are the authority of that inner knowing to name what is life and what is death, what is bound and what is loosed. Thomas 13 preserves a strikingly different version of the same scene, where Peter and Matthew give the standard answers and Thomas alone is drawn aside because his answer is beyond words. In every version, the point is the same. Recognition from within. That is the foundation.",Matthew 16:13-19; Mark 8:27-29; Luke 9:18-20 | Thomas 13,
1056,N,Mark,Mark 8:27-29,Who do people say I am? But what about you? Who do you say I am?”,Who Do You Say I Am,Everyone had a theory. Only one answer came from the inside. That is the answer that becomes the rock.,"Peter's confession comes not from external teaching but from an inner recognition of who Jesus is, and Jesus tells him that this kind of knowing is the foundation the community will be built on.","Jesus asks the disciples first what the crowds are saying — John the Baptist, Elijah, Jeremiah, one of the prophets. All decent guesses, all wrong. Then the question turns inward. But what about you? Who do you say I am? Peter answers: you are the Messiah, the Son of the living God. And Jesus's response is not I told you so. It is blessed are you — because this was not revealed to you by flesh and blood, but by my Father in heaven. What matters is not the words of the confession. It is the source of the knowing. Peter did not work it out. He did not get it from Andrew. It came from the inside, from the same Father Jesus keeps pointing everyone toward. This is what the kingdom looks like when it lands in a person. The knowing arrives as recognition, not as conclusion.

On this rock I will build my *ekklēsia* — my community, my assembly. The Greek word is not church in the institutional sense we later inherited. It is a called-out gathering. And the rock, in the plain reading, is the *kind of knowing* Peter just demonstrated — direct inner revelation of who Jesus is. That is what the community stands on. Not a hierarchy. Not a creed. Not an office. The keys of the kingdom that follow — whatever you bind on earth will be bound in heaven — are the authority of that inner knowing to name what is life and what is death, what is bound and what is loosed. Thomas 13 preserves a strikingly different version of the same scene, where Peter and Matthew give the standard answers and Thomas alone is drawn aside because his answer is beyond words. In every version, the point is the same. Recognition from within. That is the foundation.",Matthew 16:13-19; Mark 8:27-29; Luke 9:18-20 | Thomas 13,
1056,N,Luke,Luke 9:18-20,Who do the crowds say I am? But what about you? Who do you say I am?”,Who Do You Say I Am,Everyone had a theory. Only one answer came from the inside. That is the answer that becomes the rock.,"Peter's confession comes not from external teaching but from an inner recognition of who Jesus is, and Jesus tells him that this kind of knowing is the foundation the community will be built on.","Jesus asks the disciples first what the crowds are saying — John the Baptist, Elijah, Jeremiah, one of the prophets. All decent guesses, all wrong. Then the question turns inward. But what about you? Who do you say I am? Peter answers: you are the Messiah, the Son of the living God. And Jesus's response is not I told you so. It is blessed are you — because this was not revealed to you by flesh and blood, but by my Father in heaven. What matters is not the words of the confession. It is the source of the knowing. Peter did not work it out. He did not get it from Andrew. It came from the inside, from the same Father Jesus keeps pointing everyone toward. This is what the kingdom looks like when it lands in a person. The knowing arrives as recognition, not as conclusion.

On this rock I will build my *ekklēsia* — my community, my assembly. The Greek word is not church in the institutional sense we later inherited. It is a called-out gathering. And the rock, in the plain reading, is the *kind of knowing* Peter just demonstrated — direct inner revelation of who Jesus is. That is what the community stands on. Not a hierarchy. Not a creed. Not an office. The keys of the kingdom that follow — whatever you bind on earth will be bound in heaven — are the authority of that inner knowing to name what is life and what is death, what is bound and what is loosed. Thomas 13 preserves a strikingly different version of the same scene, where Peter and Matthew give the standard answers and Thomas alone is drawn aside because his answer is beyond words. In every version, the point is the same. Recognition from within. That is the foundation.",Matthew 16:13-19; Mark 8:27-29; Luke 9:18-20 | Thomas 13,
1057,Y,Matthew,Matthew 16:23-28,"Get behind me, Satan! You are a stumbling block to me; you do not have in mind the concerns of God, but merely human concerns. Whoever wants to be my disciple must deny themselves and take up their cross and follow me. For whoever wants to save their life will lose it, but whoever loses their life for me will find it. What good will it be for someone to gain the whole world, yet forfeit their soul? Or what can anyone give in exchange for their soul? For the Son of Man is going to come in his Father’s glory with his angels, and then he will reward each person according to what they have done. Truly I tell you, some who are standing here will not taste death before they see the Son of Man coming in his kingdom.”",Deny Yourself and Follow,"Save the ego and you lose the self. Lose the ego for the sake of the kingdom, and you finally find who you actually are.",The path of discipleship requires disowning the ego-self daily and losing the life you cling to in order to find the life that is actually yours.,"Peter has just been called the rock. A few verses later he is called Satan. That is not an accident. Peter tries to talk Jesus out of the suffering road, and Jesus hears in it the exact voice he heard in the wilderness — the accuser, the ego, the human concern that wants to protect what should be spent. *HaSatan* is not a horned figure. It is the voice inside that says save yourself, avoid the cost, take the easier road. When it comes through Peter, Jesus names it and turns his back on it. Then the teaching. Deny yourself. Take up your cross. Follow. *Aparneomai* — utterly disown, break every link that ties you to yourself. The cross is not a decorative burden. In first-century Palestine it was Rome's public terror machine. Take up your cross meant walk toward death without pretending you were not walking toward it.

And then the paradox at the center of everything Jesus teaches. Whoever wants to save their *psyche* — their life, their self, their constructed identity — will lose it. Whoever loses their *psyche* for my sake will find it. The self you protect is the self that dies. The self you hand over is the self that lives. This is not martyrdom-porn. It is the physics of the kingdom. The grain of wheat must fall (Jn 12:24). The ego must be disowned or it will consume everything you love. Luke adds the crucial word: *daily*. Not once at conversion. Every morning. Every choice. Every time the ego offers you the wide road, take the narrow one. This is the entry cost of discipleship and it does not get cheaper with time. But what you find on the other side of it is the only self worth having.",Matthew 16:23-28; Mark 8:33; Luke 9:22-27; John 12:23-36,
1057,N,Mark,Mark 8:33,"Get behind me, Satan! You do not have in mind the concerns of God, but merely human concerns.”",Deny Yourself and Follow,"Save the ego and you lose the self. Lose the ego for the sake of the kingdom, and you finally find who you actually are.",The path of discipleship requires disowning the ego-self daily and losing the life you cling to in order to find the life that is actually yours.,"Peter has just been called the rock. A few verses later he is called Satan. That is not an accident. Peter tries to talk Jesus out of the suffering road, and Jesus hears in it the exact voice he heard in the wilderness — the accuser, the ego, the human concern that wants to protect what should be spent. *HaSatan* is not a horned figure. It is the voice inside that says save yourself, avoid the cost, take the easier road. When it comes through Peter, Jesus names it and turns his back on it. Then the teaching. Deny yourself. Take up your cross. Follow. *Aparneomai* — utterly disown, break every link that ties you to yourself. The cross is not a decorative burden. In first-century Palestine it was Rome's public terror machine. Take up your cross meant walk toward death without pretending you were not walking toward it.

And then the paradox at the center of everything Jesus teaches. Whoever wants to save their *psyche* — their life, their self, their constructed identity — will lose it. Whoever loses their *psyche* for my sake will find it. The self you protect is the self that dies. The self you hand over is the self that lives. This is not martyrdom-porn. It is the physics of the kingdom. The grain of wheat must fall (Jn 12:24). The ego must be disowned or it will consume everything you love. Luke adds the crucial word: *daily*. Not once at conversion. Every morning. Every choice. Every time the ego offers you the wide road, take the narrow one. This is the entry cost of discipleship and it does not get cheaper with time. But what you find on the other side of it is the only self worth having.",Matthew 16:23-28; Mark 8:33; Luke 9:22-27; John 12:23-36,
1057,N,Luke,Luke 9:22-27,"The Son of Man must suffer many things and be rejected by the elders, the chief priests and the teachers of the law, and he must be killed and on the third day be raised to life. Whoever wants to be my disciple must deny themselves and take up their cross daily and follow me. For whoever wants to save their life will lose it, but whoever loses their life for me will save it. What good is it for someone to gain the whole world, and yet lose or forfeit their very self? Whoever is ashamed of me and my words, the Son of Man will be ashamed of them when he comes in his glory and in the glory of the Father and the holy angels. Truly I tell you, some who are standing here will not taste death before they see the kingdom of God.”",Deny Yourself and Follow,"Save the ego and you lose the self. Lose the ego for the sake of the kingdom, and you finally find who you actually are.",The path of discipleship requires disowning the ego-self daily and losing the life you cling to in order to find the life that is actually yours.,"Peter has just been called the rock. A few verses later he is called Satan. That is not an accident. Peter tries to talk Jesus out of the suffering road, and Jesus hears in it the exact voice he heard in the wilderness — the accuser, the ego, the human concern that wants to protect what should be spent. *HaSatan* is not a horned figure. It is the voice inside that says save yourself, avoid the cost, take the easier road. When it comes through Peter, Jesus names it and turns his back on it. Then the teaching. Deny yourself. Take up your cross. Follow. *Aparneomai* — utterly disown, break every link that ties you to yourself. The cross is not a decorative burden. In first-century Palestine it was Rome's public terror machine. Take up your cross meant walk toward death without pretending you were not walking toward it.

And then the paradox at the center of everything Jesus teaches. Whoever wants to save their *psyche* — their life, their self, their constructed identity — will lose it. Whoever loses their *psyche* for my sake will find it. The self you protect is the self that dies. The self you hand over is the self that lives. This is not martyrdom-porn. It is the physics of the kingdom. The grain of wheat must fall (Jn 12:24). The ego must be disowned or it will consume everything you love. Luke adds the crucial word: *daily*. Not once at conversion. Every morning. Every choice. Every time the ego offers you the wide road, take the narrow one. This is the entry cost of discipleship and it does not get cheaper with time. But what you find on the other side of it is the only self worth having.",Matthew 16:23-28; Mark 8:33; Luke 9:22-27; John 12:23-36,
1057,N,John,John 12:23-36,"The hour has come for the Son of Man to be glorified. Very truly I tell you, unless a kernel of wheat falls to the ground and dies, it remains only a single seed. But if it dies, it produces many seeds. Anyone who loves their life will lose it, while anyone who hates their life in this world will keep it for eternal life. Whoever serves me must follow me; and where I am, my servant also will be. My Father will honor the one who serves me. Now my soul is troubled, and what shall I say? ‘Father, save me from this hour’? No, it was for this very reason I came to this hour. Father, glorify your name! This voice was for your benefit, not mine. Now is the time for judgement on this world; now the prince of this world will be driven out. And I, when I am lifted up from the earth, will draw all people to myself. The Son of Man must be lifted up. You are going to have the light just a little while longer. Walk while you have the light, before darkness overtakes you. Whoever walks in the dark does not know where they are going. Believe in the light while you have the light, so that you may become children of light!”",Deny Yourself and Follow,"Save the ego and you lose the self. Lose the ego for the sake of the kingdom, and you finally find who you actually are.",The path of discipleship requires disowning the ego-self daily and losing the life you cling to in order to find the life that is actually yours.,"Peter has just been called the rock. A few verses later he is called Satan. That is not an accident. Peter tries to talk Jesus out of the suffering road, and Jesus hears in it the exact voice he heard in the wilderness — the accuser, the ego, the human concern that wants to protect what should be spent. *HaSatan* is not a horned figure. It is the voice inside that says save yourself, avoid the cost, take the easier road. When it comes through Peter, Jesus names it and turns his back on it. Then the teaching. Deny yourself. Take up your cross. Follow. *Aparneomai* — utterly disown, break every link that ties you to yourself. The cross is not a decorative burden. In first-century Palestine it was Rome's public terror machine. Take up your cross meant walk toward death without pretending you were not walking toward it.

And then the paradox at the center of everything Jesus teaches. Whoever wants to save their *psyche* — their life, their self, their constructed identity — will lose it. Whoever loses their *psyche* for my sake will find it. The self you protect is the self that dies. The self you hand over is the self that lives. This is not martyrdom-porn. It is the physics of the kingdom. The grain of wheat must fall (Jn 12:24). The ego must be disowned or it will consume everything you love. Luke adds the crucial word: *daily*. Not once at conversion. Every morning. Every choice. Every time the ego offers you the wide road, take the narrow one. This is the entry cost of discipleship and it does not get cheaper with time. But what you find on the other side of it is the only self worth having.",Matthew 16:23-28; Mark 8:33; Luke 9:22-27; John 12:23-36,
1058,Y,Matthew,Matthew 17:7-12,"Get up, don’t be afraid. Don’t tell anyone what you have seen, until the Son of Man has been raised from the dead. To be sure, Elijah comes and will restore al things. But I tell you, Elijah has already come, and they did not recognize him, but have done to him everything they wished. In the same way the Son of Man is going to suffer at their hands.”",The Transfiguration,"Moses and Elijah stand beside him. The Law and the Prophets converge on the teacher on the mountain, and then they step back.","On the mountain Jesus stands in the company of Moses and Elijah, and the disciples are told that the messenger they had been waiting for has already come and already been rejected.","Three disciples see it. The teacher lit from within, Moses and Elijah beside him, a voice from the cloud. Get up, don't be afraid — those are the first words Jesus speaks when the vision ends, and it is the pastoral response every mystic needs after the veil lifts. Do not tell anyone yet. This is not a story for the crowd until the resurrection has interpreted it. And then, walking down the mountain, the disciples ask about Elijah — because the scribes taught that Elijah must come first to restore all things before the Messiah (Mal 4:5-6). Jesus's answer is stunning. Elijah has already come, and they did not recognize him. They did to him whatever they wished. He is talking about John the Baptist. The forerunner was already killed. The pattern of rejecting God's messengers is already in motion. And the Son of Man is going to walk the same road.

Moses and Elijah are not random. Moses represents the Torah — the covenant at Sinai, the giving of the Law. Elijah represents the prophets — the tradition of confronting corrupt kings and calling the people back to God. When they stand beside Jesus, it is a visual declaration: the Torah and the Prophets converge here. Everything they were pointing toward is now walking in the person of this teacher. And then, as Peter tries to build three shelters — one for each, as if they are equals — they vanish, and only Jesus remains. Listen to him. That is what the voice says. The Law and the Prophets are honored, and they defer. The teacher on the mountain is the one whose voice you follow now. And what he is saying, all the way down, is that this road ends at a cross, and it is the road of every prophet who ever told the truth to power.",Matthew 17:7-12; Mark 9:12-13,
1058,N,Mark,Mark 9:12-13,"To be sure, Elijah does come first, and restores all things. Why then is it written that the Son of Man must suffer much and be rejected? But I tell you, Elijah has come, and they have done to him everything they wished, just as it is written about him.”",The Transfiguration,"Moses and Elijah stand beside him. The Law and the Prophets converge on the teacher on the mountain, and then they step back.","On the mountain Jesus stands in the company of Moses and Elijah, and the disciples are told that the messenger they had been waiting for has already come and already been rejected.","Three disciples see it. The teacher lit from within, Moses and Elijah beside him, a voice from the cloud. Get up, don't be afraid — those are the first words Jesus speaks when the vision ends, and it is the pastoral response every mystic needs after the veil lifts. Do not tell anyone yet. This is not a story for the crowd until the resurrection has interpreted it. And then, walking down the mountain, the disciples ask about Elijah — because the scribes taught that Elijah must come first to restore all things before the Messiah (Mal 4:5-6). Jesus's answer is stunning. Elijah has already come, and they did not recognize him. They did to him whatever they wished. He is talking about John the Baptist. The forerunner was already killed. The pattern of rejecting God's messengers is already in motion. And the Son of Man is going to walk the same road.

Moses and Elijah are not random. Moses represents the Torah — the covenant at Sinai, the giving of the Law. Elijah represents the prophets — the tradition of confronting corrupt kings and calling the people back to God. When they stand beside Jesus, it is a visual declaration: the Torah and the Prophets converge here. Everything they were pointing toward is now walking in the person of this teacher. And then, as Peter tries to build three shelters — one for each, as if they are equals — they vanish, and only Jesus remains. Listen to him. That is what the voice says. The Law and the Prophets are honored, and they defer. The teacher on the mountain is the one whose voice you follow now. And what he is saying, all the way down, is that this road ends at a cross, and it is the road of every prophet who ever told the truth to power.",Matthew 17:7-12; Mark 9:12-13,
1059,Y,Matthew,Matthew 17:17-21,"You unbelieving and perverse generation, how long shall I stay with you? How long shall I put up you? Bring the boy here to me. Because you have so little faith. Truly I tell you, if you have faith as small as a mustard seed, you can say to this mountain, ‘Move from here to there,’ and it will move. Nothing will be impossible for you.”",Faith Like a Mustard Seed,It is not the size of the trust. It is the presence of it. A grain is enough to move what looked immovable.,"Even the smallest amount of real trust in God unlocks a power that human effort alone cannot access, and its absence is why the disciples' healing failed.","The disciples have tried and failed to heal a boy the father brought to them. Jesus is frustrated — you unbelieving and perverse generation, how long — and the frustration is not primarily at the crowd. It is at his own students, who have watched him do this over and over and still cannot draw on what he keeps trying to hand them. He heals the boy. Then, privately, they ask why they could not. His answer is diagnostic and disarming. Because you have so little faith. *Oligopistia*. Not zero. Just small. And even a mustard seed's worth would have moved a mountain. The problem is not that God required more from them. The problem is that they were not drawing from what they already had access to.

*Pistis* — trust — is not a mental achievement. It is not conviction. It is the disciple's connection to the source, held open. When it is even a grain, the flow is real. When it collapses, nothing moves. Notice that Jesus does not say if you had big faith, you could move mountains. He says if you had faith the size of a mustard seed. The scale is almost comically small. What matters is not the size but the substance. Is your trust real, or is it a performance? A single grain of the real thing is more powerful than a mountain of the performed. And this saying appears in Q, which means it circulated in the earliest layer — the community remembered Jesus insisting, over and over, that the kingdom's power was available to anyone whose trust was actually turned on. It still is. The mountains have not gotten any bigger. The seeds have not gotten harder to find.",Matthew 17:17-21 | Thomas 106 | Q 17:6,
1060,Y,Matthew,Matthew 17:22-23,"The Son of Man is going to be delivered into the hands of men. They will kill him, and on the third day he will be raised to life.”",The Least Is the Greatest,The disciples argue over rank. Jesus sits a child in the middle of them and rearranges the whole hierarchy.,"Greatness in the kingdom is measured by service and by welcoming those the world overlooks, not by rank or position.","Jesus tells them, again, that he is walking toward death. And their response — Mark and Luke both preserve this — is to argue on the road about which of them is the greatest. It would be funny if it were not so human. The teacher is walking toward a cross, and the students are jockeying for cabinet positions. Jesus does not shame them. He does something more radical. He takes a child — a small, uncredentialed, powerless human being — and puts the child in the middle of them. Whoever welcomes one of these little ones in my name welcomes me. Anyone who wants to be first must be last of all and servant of all. The whole hierarchy the disciples were constructing is flipped. The one who serves is the one who leads. The one who welcomes the least is the one who welcomes God.

This is the same teaching Jesus keeps returning to (Mt 20:26-27, Mk 10:43-44, Lk 22:26). It is the operating principle of the kingdom. In the world, greatness is measured by how many people serve you. In the kingdom, greatness is measured by how many you serve. And the test case is always the same — how do you treat the person who has nothing to offer you? The child. The stranger. The poor one. The Ebionim community around Jesus lived this literally — no hierarchy, all things in common, the leader as servant of all. And Luke's addendum here — do not stop him, whoever is not against you is for you — is Jesus dismantling another tribal impulse. Someone outside your group is doing God's work. Do not shut him down because he is not one of us. The kingdom is bigger than the club. The club is not the point.",Matthew 17:22-23; Mark 9:31-37; Luke 9:44-50 | Oxy 1224 6:1–2,
1060,N,Mark,Mark 9:31-37,"The Son of Man is going to be delivered into the hands of men. They will kill him, and after three days he will rise. What were you arguing about on the road? Anyone who wants to be first must be the very last, and the servant of all. Whoever welcomes one of these little children in my name welcomes me; and whoever welcomes me does not welcome me but the one who sent me.”",The Least Is the Greatest,The disciples argue over rank. Jesus sits a child in the middle of them and rearranges the whole hierarchy.,"Greatness in the kingdom is measured by service and by welcoming those the world overlooks, not by rank or position.","Jesus tells them, again, that he is walking toward death. And their response — Mark and Luke both preserve this — is to argue on the road about which of them is the greatest. It would be funny if it were not so human. The teacher is walking toward a cross, and the students are jockeying for cabinet positions. Jesus does not shame them. He does something more radical. He takes a child — a small, uncredentialed, powerless human being — and puts the child in the middle of them. Whoever welcomes one of these little ones in my name welcomes me. Anyone who wants to be first must be last of all and servant of all. The whole hierarchy the disciples were constructing is flipped. The one who serves is the one who leads. The one who welcomes the least is the one who welcomes God.

This is the same teaching Jesus keeps returning to (Mt 20:26-27, Mk 10:43-44, Lk 22:26). It is the operating principle of the kingdom. In the world, greatness is measured by how many people serve you. In the kingdom, greatness is measured by how many you serve. And the test case is always the same — how do you treat the person who has nothing to offer you? The child. The stranger. The poor one. The Ebionim community around Jesus lived this literally — no hierarchy, all things in common, the leader as servant of all. And Luke's addendum here — do not stop him, whoever is not against you is for you — is Jesus dismantling another tribal impulse. Someone outside your group is doing God's work. Do not shut him down because he is not one of us. The kingdom is bigger than the club. The club is not the point.",Matthew 17:22-23; Mark 9:31-37; Luke 9:44-50 | Oxy 1224 6:1–2,
1060,N,Luke,Luke 9:44-50,"Listen carefully to what I am about to tell you: The Son of Man is going to be delivered into the hands of men. Whoever welcomes this little child in my name welcomes me; and whoever welcomes me welcomes the one who sent me. For it is the one who is least among you all who is the greatest. Do not stop him, for whoever is not against you is for you.”",The Least Is the Greatest,The disciples argue over rank. Jesus sits a child in the middle of them and rearranges the whole hierarchy.,"Greatness in the kingdom is measured by service and by welcoming those the world overlooks, not by rank or position.","Jesus tells them, again, that he is walking toward death. And their response — Mark and Luke both preserve this — is to argue on the road about which of them is the greatest. It would be funny if it were not so human. The teacher is walking toward a cross, and the students are jockeying for cabinet positions. Jesus does not shame them. He does something more radical. He takes a child — a small, uncredentialed, powerless human being — and puts the child in the middle of them. Whoever welcomes one of these little ones in my name welcomes me. Anyone who wants to be first must be last of all and servant of all. The whole hierarchy the disciples were constructing is flipped. The one who serves is the one who leads. The one who welcomes the least is the one who welcomes God.

This is the same teaching Jesus keeps returning to (Mt 20:26-27, Mk 10:43-44, Lk 22:26). It is the operating principle of the kingdom. In the world, greatness is measured by how many people serve you. In the kingdom, greatness is measured by how many you serve. And the test case is always the same — how do you treat the person who has nothing to offer you? The child. The stranger. The poor one. The Ebionim community around Jesus lived this literally — no hierarchy, all things in common, the leader as servant of all. And Luke's addendum here — do not stop him, whoever is not against you is for you — is Jesus dismantling another tribal impulse. Someone outside your group is doing God's work. Do not shut him down because he is not one of us. The kingdom is bigger than the club. The club is not the point.",Matthew 17:22-23; Mark 9:31-37; Luke 9:44-50 | Oxy 1224 6:1–2,
1061,Y,Matthew,Matthew 17:25-27,"What do you think, Simon. From whom do the kings of the earth collect duty and taxes - from their own children or from others? Then the children are exempt. But so that we may not cause offense, go to the lake and throw out your line. Take the first fish you catch; open its mouth and you will find a four-drachma coin. Take it and give it to them for my tax and yours.”",The Temple Tax,"The children of the King are exempt. But he pays anyway, so as not to offend. Freedom that refuses to weaponize itself.","Jesus argues that the children of the King are not subject to the King's tax, but he pays it anyway to avoid causing unnecessary offense.","The temple tax was the annual half-shekel every Jewish male paid for the upkeep of the temple. Peter, cornered by the collectors, blurts out that yes, of course Jesus pays. Jesus, back at the house, asks Peter the sharp question first. From whom do the kings of the earth collect duty — from their own children, or from strangers? From strangers, Peter answers. Then the children are exempt. The logic is unmistakable. If God is the King, and the temple is God's house, then the children of God are not the ones the tax is meant for. Jesus is quietly signaling something profound about his own status and the status of those who follow him — a foreshadowing of the temple's obsolescence, which he will make explicit within a week of his death. But then the pivot: so that we may not cause offense, go and pay. Freedom that would create a scandal is set aside for the sake of the relationship.

This is a small scene with a big lesson about how Jesus handled institutional power. He was clear about the temple's coming end. He would drive out the money-changers within a chapter or two. He would say this house will be left desolate. And yet in the meantime, he does not weaponize his freedom. He pays the tax. Not because it is required of him, but because refusing would create a stumbling block for people who could not yet see what he saw. Paul later borrows this same principle in a very different key — everything is permissible, but not everything is beneficial (1 Cor 6:12). Here Jesus gets there first, and in the plainest possible way. The children are exempt. And still, out of love, he pays. The fish and the coin are the flourish. The teaching is in the deference. Freedom is not the right to offend. It is the maturity to know when your rights are worth less than the relationship.",Matthew 17:25-27,
1062,Y,Matthew,Matthew 18:3-5,"Truly I tell you, unless you change and become like little children, you will never enter the kingdom of heaven. Therefore, whoever takes the lowly position of this child is the greatest in the kingdom of heaven. And whoever welcomes one such child in my name welcomes me.”",Become Like Children,"The kingdom belongs to those small enough to walk through the door — no credentials, no image to defend.","Entry into the kingdom requires becoming small, trusting, and unguarded like a child.","The disciples ask who is greatest, and Jesus answers with a child. In a culture where children had no legal standing, no honor, and no power, this was not a warm-hearted moment. It was a reversal. The way up in the kingdom is the way down. Unless you turn — the Greek is *strepho*, to pivot, to change direction — and become like a child, you will not even enter, let alone rank. This is *metanoia* pictured. Not a moral upgrade, not more religious performance. A wholesale shift in orientation. The child has nothing to protect: no reputation, no doctrine, no résumé, no image. And that is exactly why the child is inside the kingdom already, and the adult standing beside them is not.

Jesus returns to this teaching more often than almost any other. Matthew has it here and again at 19:14. Mark and Luke carry it. Thomas 22 says whoever becomes as a little child will know the kingdom, and Thomas 46 echoes the greatest-of-those-born-of-women pairing. The consistent thread is that the kingdom is not earned by the accomplished — it is received by the receptive. Welcoming a child, Jesus adds, is welcoming him — and welcoming him is welcoming the Father. The least becomes the doorway to the greatest. That is the operating logic of the kingdom, not an inspirational aside.",Matthew 18:3-5 | Q 7:24–30,
1063,Y,Matthew,Matthew 18:6-9,"If anyone causes one of these little ones - those who believe in me - to stumble, it would be better for them to have a large millstone hung around their neck and be drowned in the depths of the sea. Woe to the world because of the things that cause people to stumble! Such things must come, but woe to the person through whom they come! If your hand or your foot causes you to stumble, cut it off and throw it away. It is better for you to enter life maimed or crippled than to have two hand or two feet and be thrown into eternal fire. And if your eye causes you to stumble, gouge it out and throw it away. It is better for you to enter life with one eye than to have two eyes and be thrown into the fire of hell.”",The Millstone and the Hand,"Whatever in you feeds harm to another, disown it — because harm returns, and the little ones matter more than your comfort.",Jesus warns that leading others astray or feeding your own harmful patterns has serious consequences and demands radical self-honesty.,"The image is deliberately violent. A millstone tied around the neck. A hand cut off. An eye plucked out. Jesus is not prescribing self-mutilation — his whole teaching insists that the problem is the heart, not the limb. He is using shock language to say something the polite version cannot say: whatever in you causes harm to another human being, especially to the vulnerable, must be disowned. Ruthlessly. Now. The Greek *skandalizo* means to trip someone, to set a snare that makes them fall. Do that to one of the little ones — the trusting, the powerless, the newly awake — and reciprocity will handle you. The measure you give is the measure you get.

The fire language here is *Gehenna*, the burning garbage dump in the valley south of Jerusalem — a real place, not a cosmic torture chamber. Jesus uses it as a picture of a life that ends up on the trash heap because it fed rot instead of fruit. Mark preserves the salt saying alongside: have salt in yourselves and be at peace with each other. The two go together. The inner surgery is not for its own sake — it is so you stop damaging the people around you. Cutting off what harms is the price of being someone others can safely stand next to. The passage is multiply attested — Matthew, Mark, and Q (17:1-2, 14:34-35) — and Thomas 32 carries the salt-and-city sayings independently. Jesus returned to this theme constantly.",Matthew 18:6-9; Mark 9:42-50 | Thomas 32 | Q 11:33; Q 14:34–35; Q 17:1–2,
1063,N,Mark,Mark 9:42-50,"If anyone causes one of these little ones – those who believe in me – to stumble, it would be better for them if a large millstone were hung around their neck and they were thrown into the sea. If your hand causes you to stumble, cut it off. It is better for you to enter life maimed than with two hands to go into hell, where the fire never goes out. And if your foot causes you to stumble, cut it off. It is better for you to enter life crippled than to have two feet and be thrown into hell. And if your eye causes you to stumble, pluck it out. It is better for you to enter the kingdom of God with one eye than to have two eyes and be thrown into hell, where the worms that eat them do not die, and the fire is not quenched. Everyone will be salted with fire. Salt is good, but if it loses its saltiness, how can you make it salty again? Have salt among yourselves, and be at peace with each other.”",The Millstone and the Hand,"Whatever in you feeds harm to another, disown it — because harm returns, and the little ones matter more than your comfort.",Jesus warns that leading others astray or feeding your own harmful patterns has serious consequences and demands radical self-honesty.,"The image is deliberately violent. A millstone tied around the neck. A hand cut off. An eye plucked out. Jesus is not prescribing self-mutilation — his whole teaching insists that the problem is the heart, not the limb. He is using shock language to say something the polite version cannot say: whatever in you causes harm to another human being, especially to the vulnerable, must be disowned. Ruthlessly. Now. The Greek *skandalizo* means to trip someone, to set a snare that makes them fall. Do that to one of the little ones — the trusting, the powerless, the newly awake — and reciprocity will handle you. The measure you give is the measure you get.

The fire language here is *Gehenna*, the burning garbage dump in the valley south of Jerusalem — a real place, not a cosmic torture chamber. Jesus uses it as a picture of a life that ends up on the trash heap because it fed rot instead of fruit. Mark preserves the salt saying alongside: have salt in yourselves and be at peace with each other. The two go together. The inner surgery is not for its own sake — it is so you stop damaging the people around you. Cutting off what harms is the price of being someone others can safely stand next to. The passage is multiply attested — Matthew, Mark, and Q (17:1-2, 14:34-35) — and Thomas 32 carries the salt-and-city sayings independently. Jesus returned to this theme constantly.",Matthew 18:6-9; Mark 9:42-50 | Thomas 32 | Q 11:33; Q 14:34–35; Q 17:1–2,
1064,Y,Matthew,Matthew 18:10-14,"See that you do not despise one of the little ones. For I tell you that their angels in heaven always see the face of my Father in haven. What do you think? If a man owns a hundred sheep, and one of the wanders away, will he not leave the ninety-nine on the hills and go to look for the one that wandered off? And if he finds it, truly I tell you, he is happier about that one sheep than about the ninety-nine that did not wander off. In the same way your Father in heaven is not willing that any of these little ones should perish.”",The One That Wandered,The Father does not wait at the door to be found. He goes out into the hills for the one that got lost.,God actively seeks the one who has wandered off and rejoices in their return.,"A shepherd leaves ninety-nine safe sheep on the hillside to search for the one that wandered. Not because the ninety-nine matter less, but because the one is in trouble now. Jesus tells this story to say something specific about the nature of God: God is not a scorekeeper watching from a distance to see who returns. God is the one out looking. The parable dismantles the whole apparatus of blood atonement and priestly mediation before it can even be constructed. There is no ransom being paid, no sacrifice being offered, no debt being cleared. There is a shepherd walking into the rough country because he cannot stand to lose one.

Matthew frames it around the little ones — the vulnerable, the beginners, the ones the community is tempted to write off. Your Father in heaven is not willing that any of them should perish. That is the whole theology. Luke tells the same parable at 15:4-7 and pairs it with the lost coin and the prodigal — three stories in a row about God going after the lost. Thomas 107 has a rougher, more startling version: the shepherd loves the one lost sheep more than the ninety-nine, because it was the largest. The Q source carried it too (15:4-5, 7). Jesus told this teaching in multiple forms because it was central: the Father you turn toward is already turned toward you. The prodigal never had to earn his way back. He only had to turn around.","Matthew 18:10-14 | Thomas 107 | Q 15:4–5, 7; Q 17:1–2 | Oxy 1224 5:1–2",
1065,Y,Matthew,Matthew 18:15-20,"If your brother or siter sins, go and point out their fault, just between the two of you. If they listen to you, you have won them over. But if they will not listen, take one or two others along, so that ‘every matter may be established by the testimony of two or three witnesses.’ If they still refuse to listen, tell it to the church; and if the refuse to listen even to the church, treat them as you would a pagan or tax collector. Truly I tell you, whatever you bind on earth will be bound in heaven, and whatever you loose on earth will be loosed in heaven. Again, truly I tell you that if two of you on earth agree about anything they ask for, it will be done for them by my Father in heaven. For where two or three gather in my name, there am I with them.”",Where Two or Three Gather,Confront in private. Bring witnesses. Take it to the community. Never weaponize the group as your first move.,Jesus outlines a graduated process for handling harm inside a community that protects the relationship as long as possible and keeps power close to the ground.,"This is community-repair procedure, not church-court doctrine. Jesus sets a sequence that assumes the goal is restoration, not punishment. Go to the person first. Alone. In private. If they hear you, you have won them — not the argument, them. Only if that fails do you bring one or two others. Only if that fails do you widen it to the assembly. The Greek word behind ""church"" here is *ekklesia* — the called-out gathering, a village assembly, not an institution with courts and canon law. Jesus is describing how a small community of equals handles friction without letting it fester and without letting it become a lynching. The instinct to broadcast, shame publicly, and rally allies first is exactly what he forbids.

The binding-and-loosing language is rabbinic technical vocabulary for permitting and forbidding — the community works out what love requires in specific situations, and heaven backs the ruling that love makes. Then the promise: where two or three gather in my name, I am there. Not a church attendance formula. A statement that the smallest circle of people trying to embody his way is already the site of God's presence — no temple, no priest, no altar required. Thomas 30 preserves a related saying about where two or one gather. The Q parallels (17:3-4) frame the same instinct in even simpler terms: if your brother sins, rebuke; if he turns, forgive — seven times a day if that is what it takes. The whole passage is a portrait of how the Nazarene community actually functioned: horizontal, direct, forgiving, small.",Matthew 18:15-20 | Thomas 30 | Q 17:3–4,
1066,Y,Matthew,Matthew 18:22-35,"I tell you, not seven times, but seventy-seven times. Therefore, the kingdom of heaven is like a king who wanted to settle accounts with his servants. As he began the settlement, a man who owed him ten thousand bags of gold was brought to him. Since he was not able to pay, the master ordered that he and his wife and his children and all that he had be sold to repay the debt. At this the servant fell on his knees before him. ‘Be patient with me’ he begged, ‘and I will pay back everything.’’ The servant’s master took pity on him, canceled the debt and let him go. But when that servant went out, he found one of his fellow servants who owed him a hundred silver coins. He grabbed him and began to choke him. ‘Pay back what you owe me!’ he demanded. His fellow servant fell to his knees and begged him, ‘Be patient with me, and I will pay it back.’ But he refused. Instead, he went off and had the man thrown into prison until he could pay the debt. When the other servants saw what had happened, they were outraged and went and told their master everything that had happened. Then the master called the servant in. ‘You wicked servant,’ he said, ‘I canceled all that debt of yours because you begged me to.’ Shouldn’t you have had mercy on your fellow servant just as I had on you? In anger his master handed him over to the jailers to be tortured, until he should pay back all he owed. This is how my heavenly Father will treat each of you unless you forgive your brother or sister from your heart.”",Seventy-Seven Times,You cannot hold what you were forgiven and refuse what someone else needs. The two cancel each other out.,Refusing to forgive after being forgiven cancels the mercy you received.,"Peter asks the practical question — how often do I have to forgive? Seven times? He thinks he is being generous. Jesus explodes the ceiling. Seventy-seven times, or seventy times seven — either way, the point is: stop counting. Forgiveness is not a limited resource you ration. It is a posture you live in. And then the parable makes the mechanism unmistakable. A servant is forgiven an unpayable debt — ten thousand talents, a sum so absurd it is roughly the annual GDP of a province. He walks out and throttles a coworker over a hundred denarii, a few months' wages. The master, hearing of it, reinstates the original debt in full. Not because God is fickle, but because the story is showing you a law: what you refuse to extend, you cannot receive.

This is the same principle that runs through the Lord's Prayer — forgive us as we forgive — and through the Sermon on the Mount's reciprocity teachings. The measure you give is the measure you get. It is impersonal, like gravity. The unmerciful servant did not lose forgiveness because God changed. He lost it because he stepped out of alignment with the reality forgiveness requires. Notice what is not in this parable: no blood, no sacrifice, no priest, no ritual. Debt cancellation happens on request — ""be patient with me"" — and grace is extended. Then it is withdrawn when the recipient refuses to become a conduit. Paul teaches that forgiveness required blood (Rom 3:25, Heb 9:22). Jesus teaches that forgiveness required a turned heart and required you to pass it on. Both cannot be right. You have to decide who you follow.",Matthew 18:22-35 | Q 17:3–4 | Nazoreans 5:1,
1067,Y,Matthew,Matthew 19:14,"Let the little children come to me, and do not hinder them, for the kingdom of heaven belongs to such as these.”",Let the Children Come,The kingdom belongs to those without agenda. Everyone else has to unlearn something to enter.,The kingdom of God belongs to those who receive it with the openness of a child.,"The disciples try to shoo the children away — they have important adult work to do. Jesus stops them and reverses the whole scene. The children are not an interruption. They are the illustration. Let them come. The kingdom of God belongs to such as these. Mark and Luke add the sharper line: whoever does not receive the kingdom like a child will never enter it. This is not sentimental. It is diagnostic. A child receives what is offered. A child does not first check credentials, doctrine, worthiness, or reward. A child trusts, and by trusting, walks in. Adults, especially religious adults, arrive at the door carrying so much certainty and self-protection that they cannot fit through.

Jesus taught this repeatedly — Matthew 18:3, Matthew 19:14, Mark 10:14-15, Luke 18:16-17, and Thomas 22 all carry it. Thomas 22 makes the underlying point explicit: when you make the two one, when you make the inside like the outside and the outside like the inside, when you strip off the constructed self and become like a little child, then you will enter the kingdom. This is the same *aparneomai* — the disowning of the ego-self — that Jesus requires elsewhere. Becoming like a child is not becoming childish. It is becoming free of the machinery adults spend their lives building. The kingdom is present. It is available now. But the door is small, and you cannot carry your baggage through it.","Matthew 19:14; Mark 10:14-15; Luke 18:16-17 | Thomas 22, 46 | Q 7:24–30",
1067,N,Mark,Mark 10:14-15,"Let the little children come to me, and do not hinder them, for the kingdom of God belongs to such as these. Truly I tell you, anyone who will not receive the kingdom of God like a little child will never enter it.”",Let the Children Come,The kingdom belongs to those without agenda. Everyone else has to unlearn something to enter.,The kingdom of God belongs to those who receive it with the openness of a child.,"The disciples try to shoo the children away — they have important adult work to do. Jesus stops them and reverses the whole scene. The children are not an interruption. They are the illustration. Let them come. The kingdom of God belongs to such as these. Mark and Luke add the sharper line: whoever does not receive the kingdom like a child will never enter it. This is not sentimental. It is diagnostic. A child receives what is offered. A child does not first check credentials, doctrine, worthiness, or reward. A child trusts, and by trusting, walks in. Adults, especially religious adults, arrive at the door carrying so much certainty and self-protection that they cannot fit through.

Jesus taught this repeatedly — Matthew 18:3, Matthew 19:14, Mark 10:14-15, Luke 18:16-17, and Thomas 22 all carry it. Thomas 22 makes the underlying point explicit: when you make the two one, when you make the inside like the outside and the outside like the inside, when you strip off the constructed self and become like a little child, then you will enter the kingdom. This is the same *aparneomai* — the disowning of the ego-self — that Jesus requires elsewhere. Becoming like a child is not becoming childish. It is becoming free of the machinery adults spend their lives building. The kingdom is present. It is available now. But the door is small, and you cannot carry your baggage through it.","Matthew 19:14; Mark 10:14-15; Luke 18:16-17 | Thomas 22, 46 | Q 7:24–30",
1067,N,Luke,Luke 18:16-17,"Let the little children come to me, and do not hinder them, for the kingdom of God belongs to such as these. Truly I tell you, anyone who will not receive the kingdom of God like a little child will never enter it.”",Let the Children Come,The kingdom belongs to those without agenda. Everyone else has to unlearn something to enter.,The kingdom of God belongs to those who receive it with the openness of a child.,"The disciples try to shoo the children away — they have important adult work to do. Jesus stops them and reverses the whole scene. The children are not an interruption. They are the illustration. Let them come. The kingdom of God belongs to such as these. Mark and Luke add the sharper line: whoever does not receive the kingdom like a child will never enter it. This is not sentimental. It is diagnostic. A child receives what is offered. A child does not first check credentials, doctrine, worthiness, or reward. A child trusts, and by trusting, walks in. Adults, especially religious adults, arrive at the door carrying so much certainty and self-protection that they cannot fit through.

Jesus taught this repeatedly — Matthew 18:3, Matthew 19:14, Mark 10:14-15, Luke 18:16-17, and Thomas 22 all carry it. Thomas 22 makes the underlying point explicit: when you make the two one, when you make the inside like the outside and the outside like the inside, when you strip off the constructed self and become like a little child, then you will enter the kingdom. This is the same *aparneomai* — the disowning of the ego-self — that Jesus requires elsewhere. Becoming like a child is not becoming childish. It is becoming free of the machinery adults spend their lives building. The kingdom is present. It is available now. But the door is small, and you cannot carry your baggage through it.","Matthew 19:14; Mark 10:14-15; Luke 18:16-17 | Thomas 22, 46 | Q 7:24–30",
1068,Y,Matthew,Matthew 19:17-30,"Why do you ask me about what is good? There is only One who is good. If you want to enter life, keep the commandments. You shall not murder, you shall not commit adultery, you shall not steal, you shall not give false testimony, honor your father and mother, and love your neighbor as yourself. If you want to be perfect, go, sell your possessions and give to the poor, and you will have treasure in heaven, Then com, follow me. Truly I tell you, it is hard for someone who is rich to enter the kingdom of heaven. Again I tell you, it is easier for a camel to go through the eye of a needle than for someone who is rich to enter the kingdom of God. With man this is impossible, but with God all things are possible. Truly I tell you, at the renewal of all things, when the Son of Man sits on his glorious throne, you who have followed me will also sit on twelve thrones, judging the twelve tribes of Israel. And everyone who has left houses or brothers or sisters or father or mother or wife or children or fields for my sake will receive a hundred times as much and will inherit eternal life. But many who are first will be last, and many who are last will be first.”",Sell What You Have,Keep the commandments to enter life. Sell what you have to become perfect. Jesus said both — and meant both.,Entering life means keeping the commandments; going further means giving up possessions to join the community that shares everything.,"A wealthy man asks how to get eternal life. Jesus answers with two things Paul later denies. First: keep the commandments — and then Jesus lists them, five from the Ten plus love-your-neighbor from Leviticus 19:18. That alone contradicts the doctrine that the law was abolished. If you want to enter life, Jesus says, keep the commandments. Direct, unambiguous, and repeated by every synoptic gospel. When the man says he has kept them since childhood, Jesus goes further: if you want to be *teleios* — complete, fully developed, mature — sell what you have, give to the poor, and come follow me. The Greek is not moral perfection. It is completion. Wholeness. The final step of the initiation.

This was the entry requirement of the Nazarene / Ebionim community. Acts 2:44-45 and 4:32-35 describe the Jerusalem community doing exactly this — selling possessions, holding all things in common. The Dead Sea Scroll community (1QS 6) had the same requirement: candidates surrendered their wealth into the common purse. Ebionim means ""the poor ones"" — the community's self-designation. Jesus is not giving general advice to all listeners. He is telling a rich seeker how to join the movement. The man walks away sad because he has great possessions. Then comes the camel and the needle — the point is not that wealth is metaphysically evil, but that attachment to it makes the door impossible to pass through. The disciples are shocked. Jesus reassures them: what looks impossible to us is possible with God — and everyone who lets go for the sake of the kingdom receives a hundredfold now, in this age, in the shared life of the community.",Matthew 19:17-30; Mark 10:18-31; Luke 18:19-30 | Thomas 4 | Q 13:28–30 | Nazoreans 6:1–4; Nazoreans 6:5b,
1068,N,Mark,Mark 10:18-31,"Why do you call me good? No one is good – except God alone. You know the commandments: ‘You shall not murder, you shall not commit adultery, you shall not steal, you shall not give false testimony, you shall not defraud, honor your father and mother. One thing you lack, go, sell everything you have and give to the poor, and you will have treasure in heaven. Then come, follow me. How hard it is for the rich to enter the kingdom of God! Children, how hard it is to enter the kingdom of God! It is easier for a camel to go through the eye of a needle than for someone who is rich to enter the kingdom of God. With man this is impossible, but not with God; all things are possible with God. Truly I tell you, no one who has left home or brothers or sisters or mother or father or children or fields for me and the gospel will fail to receive a hundred times as much in this present age: homes, brothers, sisters, mothers, children and fields – along with persecutions – and in the age to come eternal life. But many who are first will be last, and the last first.”",Sell What You Have,Keep the commandments to enter life. Sell what you have to become perfect. Jesus said both — and meant both.,Entering life means keeping the commandments; going further means giving up possessions to join the community that shares everything.,"A wealthy man asks how to get eternal life. Jesus answers with two things Paul later denies. First: keep the commandments — and then Jesus lists them, five from the Ten plus love-your-neighbor from Leviticus 19:18. That alone contradicts the doctrine that the law was abolished. If you want to enter life, Jesus says, keep the commandments. Direct, unambiguous, and repeated by every synoptic gospel. When the man says he has kept them since childhood, Jesus goes further: if you want to be *teleios* — complete, fully developed, mature — sell what you have, give to the poor, and come follow me. The Greek is not moral perfection. It is completion. Wholeness. The final step of the initiation.

This was the entry requirement of the Nazarene / Ebionim community. Acts 2:44-45 and 4:32-35 describe the Jerusalem community doing exactly this — selling possessions, holding all things in common. The Dead Sea Scroll community (1QS 6) had the same requirement: candidates surrendered their wealth into the common purse. Ebionim means ""the poor ones"" — the community's self-designation. Jesus is not giving general advice to all listeners. He is telling a rich seeker how to join the movement. The man walks away sad because he has great possessions. Then comes the camel and the needle — the point is not that wealth is metaphysically evil, but that attachment to it makes the door impossible to pass through. The disciples are shocked. Jesus reassures them: what looks impossible to us is possible with God — and everyone who lets go for the sake of the kingdom receives a hundredfold now, in this age, in the shared life of the community.",Matthew 19:17-30; Mark 10:18-31; Luke 18:19-30 | Thomas 4 | Q 13:28–30 | Nazoreans 6:1–4; Nazoreans 6:5b,
1068,N,Luke,Luke 18:19-30,"Why do you call me good? No one is good – except God alone. You know the commandments: ‘You shall not commit adultery, you shall not murder, you shall not steal, you shall not give false testimony, honor your father and mother. You still lack one thing. Sell everything you have and give to the poor, and you will have treasure in heaven. Then come, follow me. How hard it is for the rich to enter the kingdom of God! Indeed, it is easier for a camel to go through the eye of a needle than for someone who is rich to enter the kingdom of God. What is impossible with man is possible with God. Truly I tell you, no one who has left home or wife or brothers or sisters or parents or children for the sake of the kingdom of God will fail to receive many times as much in this age, and in the age to come eternal life.”",Sell What You Have,Keep the commandments to enter life. Sell what you have to become perfect. Jesus said both — and meant both.,Entering life means keeping the commandments; going further means giving up possessions to join the community that shares everything.,"A wealthy man asks how to get eternal life. Jesus answers with two things Paul later denies. First: keep the commandments — and then Jesus lists them, five from the Ten plus love-your-neighbor from Leviticus 19:18. That alone contradicts the doctrine that the law was abolished. If you want to enter life, Jesus says, keep the commandments. Direct, unambiguous, and repeated by every synoptic gospel. When the man says he has kept them since childhood, Jesus goes further: if you want to be *teleios* — complete, fully developed, mature — sell what you have, give to the poor, and come follow me. The Greek is not moral perfection. It is completion. Wholeness. The final step of the initiation.

This was the entry requirement of the Nazarene / Ebionim community. Acts 2:44-45 and 4:32-35 describe the Jerusalem community doing exactly this — selling possessions, holding all things in common. The Dead Sea Scroll community (1QS 6) had the same requirement: candidates surrendered their wealth into the common purse. Ebionim means ""the poor ones"" — the community's self-designation. Jesus is not giving general advice to all listeners. He is telling a rich seeker how to join the movement. The man walks away sad because he has great possessions. Then comes the camel and the needle — the point is not that wealth is metaphysically evil, but that attachment to it makes the door impossible to pass through. The disciples are shocked. Jesus reassures them: what looks impossible to us is possible with God — and everyone who lets go for the sake of the kingdom receives a hundredfold now, in this age, in the shared life of the community.",Matthew 19:17-30; Mark 10:18-31; Luke 18:19-30 | Thomas 4 | Q 13:28–30 | Nazoreans 6:1–4; Nazoreans 6:5b,
1069,Y,Matthew,Matthew 20:1-16,"For the kingdom of heaven is like a landowner who went out early in the morning to hire workers for his vineyard. He agreed to pay them a denarius for the day and sent them into his vineyard. About nine in the morning he went out and saw others standing in the marketplace doing nothing. He told them, ‘You also go and work in my vineyard, and I will pay you whatever is right.’ So they went. He went out again about noon and about three in the afternoon and did the same thing. About five in the afternoon he went out and found still others standing around. He asked them, ‘Why have you been standing here all day long doing nothing?’ ‘Because no one has hired us,’ they answered. He said to them, ‘You also go and work in my vineyard.’ When evening came, the owner of the vineyard said to his foreman, ‘Call the workers and pay them their wages, beginning with the last ones hired and going on to the first.’ The workers who were hired about five in the afternoon came and each received a denarius. So when those came who were hired first, they expected to receive more. But each one of them also received a denarius. When they received it, they began to grumble against the landowner. ‘These who were hired last worked only on hour,’ they said. ‘and you have made them equal to us who have borne the burden of the work and the heat of the day.’ But he answered one of them, ‘I am not being unfair to you, friend. Didn’t you agree to work for a denarius?’ Take your pay and go. I want to give the one who was hired last the same as I gave you. Don’t I have the right to do what I want with my own money? Or are you envious because I am generous? So the last will be first, and the first will be last.”",The Last Will Be First,"The kingdom pays by grace, not by hours logged. If that offends you, the offense is the diagnosis.","God's generosity is not calibrated to human bookkeeping, and resenting that generosity reveals a heart out of step with the kingdom.","Workers hired at dawn labor twelve hours in the heat. Workers hired at five in the afternoon put in one hour. At payout, everyone gets the same denarius. The dawn crew is furious — reasonably, by any human standard of fairness. The landowner's answer is the point of the parable: I did not cheat you. I paid you what we agreed. Are you envious because I am generous? The Greek literally reads ""is your eye evil because I am good?"" — the evil eye being the envious eye, the eye that begrudges another's good. The kingdom, Jesus says, does not operate on merit accounting. It operates on grace. The late-arrivers are not shortchanged for their lateness, and the early workers are not bonused for their seniority. Everyone receives the fullness because the Father gives fully.

This parable is a direct assault on religious seniority. The Pharisees who had labored under the law for decades were offended that tax collectors and prostitutes — the eleventh-hour workers — were entering the kingdom on equal footing. The disciples themselves would soon face the same offense as Gentiles came in. Jesus closes with the reversal he used constantly: the last will be first, and the first will be last. Thomas 4 preserves the same saying independently. The Q source carries it (13:28-30). The parable is not about heaven's payroll — it is about the human ego that wants its long service noticed and rewarded above others. In the kingdom, that impulse is exposed as the very thing keeping you outside. The one-hour worker did not out-earn you. The Father simply is that generous. Sit with it.",Matthew 20:1-16 | Thomas 4 | Q 13:28–30,
1070,Y,Matthew,Matthew 20:18-19,"We are going up to Jerusalem, and the Son of Man will be delivered over to the chief priests and the teachers of the law. They will condemn him to death and will hand him over to the Gentiles to be mocked and flogged and crucified. On the third day he will be raised to life!”",Going Up to Jerusalem,He walked toward it with eyes open. Not swept up by fate — chosen.,Jesus tells his disciples plainly what awaits him in Jerusalem and walks toward it deliberately.,"Three times in the synoptics Jesus tells the disciples what is coming. This is the third and most detailed. He names the mechanics — handed over to the chief priests, condemned, delivered to the Gentiles, mocked, flogged, crucified — and adds the resurrection on the third day. Whatever else is happening here, Jesus is not blindsided. He walks toward Jerusalem knowing the shape of what waits. Luke frames it as fulfillment of what the prophets wrote about the Son of Man. Mark and Matthew keep it lean and clinical. The disciples, as usual, do not understand — the very next scene in Matthew and Mark has them jockeying for thrones. They cannot hear what he is telling them because it does not fit the messiah they want.

The Jesus Way reading does not require this death as a blood payment God demanded. Jesus forgave sins without sacrifice throughout his ministry — the paralytic, the woman who loved much, the tax collectors at table, the thief on the cross. No altar, no ransom, no substitution. What he predicts here is what actually happens: a prophet who confronts a corrupt priesthood in its own capital during Passover gets killed. The Nazarene tradition already knew what temple confrontation cost — the Teacher of Righteousness at Qumran was persecuted by the Wicked Priest a century earlier. Jesus knows the script. The ransom-for-many language will come in the very next passage; the meaning of that phrase is worth its own careful reading. Here, the point is simpler and sharper. He is not being caught. He is going.",Matthew 20:18-19; Mark 10:33-34; Luke 18:31-33,
1070,N,Mark,Mark 10:33-34,"We are going up to Jerusalem, and the Son of Man will be delivered over to the chief priests and the teachers of the law. They will condemn him to death and will hand him over to the Gentiles, who will mock him and spit on him, flog him and kill him. Three days later he will rise.”",Going Up to Jerusalem,He walked toward it with eyes open. Not swept up by fate — chosen.,Jesus tells his disciples plainly what awaits him in Jerusalem and walks toward it deliberately.,"Three times in the synoptics Jesus tells the disciples what is coming. This is the third and most detailed. He names the mechanics — handed over to the chief priests, condemned, delivered to the Gentiles, mocked, flogged, crucified — and adds the resurrection on the third day. Whatever else is happening here, Jesus is not blindsided. He walks toward Jerusalem knowing the shape of what waits. Luke frames it as fulfillment of what the prophets wrote about the Son of Man. Mark and Matthew keep it lean and clinical. The disciples, as usual, do not understand — the very next scene in Matthew and Mark has them jockeying for thrones. They cannot hear what he is telling them because it does not fit the messiah they want.

The Jesus Way reading does not require this death as a blood payment God demanded. Jesus forgave sins without sacrifice throughout his ministry — the paralytic, the woman who loved much, the tax collectors at table, the thief on the cross. No altar, no ransom, no substitution. What he predicts here is what actually happens: a prophet who confronts a corrupt priesthood in its own capital during Passover gets killed. The Nazarene tradition already knew what temple confrontation cost — the Teacher of Righteousness at Qumran was persecuted by the Wicked Priest a century earlier. Jesus knows the script. The ransom-for-many language will come in the very next passage; the meaning of that phrase is worth its own careful reading. Here, the point is simpler and sharper. He is not being caught. He is going.",Matthew 20:18-19; Mark 10:33-34; Luke 18:31-33,
1070,N,Luke,Luke 18:31-33,"We are going up to Jerusalem, and everything that is written by the prophets about the Son of Man will be fulfilled. He will be delivered over to the Gentiles. They will mock him, insult him and spit on him; they will flog him and kill him. On the third day he will rise again.”",Going Up to Jerusalem,He walked toward it with eyes open. Not swept up by fate — chosen.,Jesus tells his disciples plainly what awaits him in Jerusalem and walks toward it deliberately.,"Three times in the synoptics Jesus tells the disciples what is coming. This is the third and most detailed. He names the mechanics — handed over to the chief priests, condemned, delivered to the Gentiles, mocked, flogged, crucified — and adds the resurrection on the third day. Whatever else is happening here, Jesus is not blindsided. He walks toward Jerusalem knowing the shape of what waits. Luke frames it as fulfillment of what the prophets wrote about the Son of Man. Mark and Matthew keep it lean and clinical. The disciples, as usual, do not understand — the very next scene in Matthew and Mark has them jockeying for thrones. They cannot hear what he is telling them because it does not fit the messiah they want.

The Jesus Way reading does not require this death as a blood payment God demanded. Jesus forgave sins without sacrifice throughout his ministry — the paralytic, the woman who loved much, the tax collectors at table, the thief on the cross. No altar, no ransom, no substitution. What he predicts here is what actually happens: a prophet who confronts a corrupt priesthood in its own capital during Passover gets killed. The Nazarene tradition already knew what temple confrontation cost — the Teacher of Righteousness at Qumran was persecuted by the Wicked Priest a century earlier. Jesus knows the script. The ransom-for-many language will come in the very next passage; the meaning of that phrase is worth its own careful reading. Here, the point is simpler and sharper. He is not being caught. He is going.",Matthew 20:18-19; Mark 10:33-34; Luke 18:31-33,
1071,Y,Matthew,Matthew 20:21-28,"What is it you want? You don’t know what you are asking. Can you drink the cup I am going to drink? You will indeed drink from my cup, but to sit at my right or left is not for me to grant. These places belong to those for whom they have been prepared by my Father. You know that the rulers of the Gentiles lord it over them, and their high officials exercise authority over them. Not so with you. Instead, whoever wants to become great among you must be your servant, and whoever wants to be first must be your slave - just as the Son of Man did not come to be served, but to serve, and to give his life as a ransom for many.”",Not So With You,"The world runs on domination. In the kingdom, greatness runs the other way — downward, toward service.","Greatness in the kingdom is measured by service, not by rank or authority over others.","James and John — or in Matthew's version, their mother speaking for them — ask for the seats at Jesus's right and left. It is the moment right after the third death prediction, and they are still angling for positions. Jesus does not scold. He asks whether they can drink his cup, and they say yes, not really knowing what they are agreeing to. Then, when the other ten disciples get angry — presumably because they wanted those seats — Jesus gathers them and lays down the operating principle. The Gentile rulers lord it over people. The high officials exercise authority over them. That is how power works in the world you know. Not so with you. Among you, the one who wants to be great is the servant, and the one who wants to be first is the slave.

This is a complete inversion of the honor-and-shame culture of first-century Palestine and of every empire before or since. Greatness in Jesus's community is measured by how low you are willing to go for others. He includes himself as the example — the Son of Man did not come to be served but to serve. The ransom-for-many phrase at the end has been loaded down with blood-atonement theology, but the Greek *lytron* simply means a price paid to free someone from bondage. In the Hebrew Bible tradition — Isaiah 43, Isaiah 53 — the servant liberates by absorbing what the community could not carry, not by satisfying a divine legal debt. What Jesus models here is servant leadership as the whole shape of the kingdom. Every crown Jesus ever offered was a towel.",Matthew 20:21-28,
1072,Y,Matthew,Matthew 20:32,What do you want me to do for you?”,What Do You Want?,He does not assume. He asks. The healing begins in the person who is willing to name it.,Jesus asks what a person actually wants because healing begins with the honesty to name it.,"Two blind men are shouting for mercy at the roadside outside Jericho. The crowd tries to silence them. Jesus stops, calls them over, and asks the question that is easy to miss: what do you want me to do for you? He does not diagnose. He does not project. He does not assume that because a person is blind they must want to see — because sometimes people build lives around their wounds and do not, in fact, want the change. The question is the door. The men have to name it. Lord, we want our sight. Then it is given. This is a small moment in Matthew, but it is a pattern Jesus uses constantly. He asks the paralytic if he wants to be well. He asks blind Bartimaeus the same question in Mark 10. He treats the person as an agent, never as a case.

Healing in the gospels is almost never a passive transaction. Jesus repeatedly says ""your faith has made you whole"" — *pistis*, trust, the person's own turning toward wholeness is the working part. Jesus is the conduit; the transformation runs through the person's own alignment. This is one of the ways his healing ministry undercuts later religious systems that want you dependent on a mediator. He points people back to themselves — to their trust, to their turning, to what they actually want. Thomas 45 preserves the fruit-and-tree teaching Dewey-Miller pairs with this section: what comes out of a person comes from what is stored inside. What you want, deep down, matters. Jesus asks so that you have to hear yourself answer.",Matthew 20:32 | Thomas 45 | Q 6:43–45,
1073,Y,Matthew,Matthew 21:2-3,"Go to the village ahead of you, and at once you will find a donkey tied there, with her colt by her. Untie them and bring them to me. If anyone says anything to you, say that the Lord needs them, and he will send them right away.”",The Donkey and the Colt,"A king on a donkey. A protest march that ended at the temple. If you missed the point, the tears at the gate told you.","Jesus enters Jerusalem staging a deliberate anti-imperial parody of a conquering king, then weeps because the city cannot see what would bring it peace.","The entry into Jerusalem is street theater with a very specific script. Zechariah 9:9 said the king would come to Zion humble and riding on a donkey. Roman generals entered cities on warhorses at the head of legions. Jesus enters on a borrowed colt at the head of pilgrims waving branches. Every element is chosen. This is not a spontaneous parade — it is a prophetic sign-act, in the tradition of Jeremiah smashing pots and Isaiah walking naked. The kingdom Jesus proclaims runs by the opposite logic of the empire he is walking into. If they keep quiet, he tells the Pharisees, the stones themselves will cry out. What is happening cannot be silenced because the moment is already in motion.

Then Luke adds what Matthew and Mark leave out. As Jesus tops the ridge and sees Jerusalem laid out below him, he weeps. If you, even you, had only known on this day what would bring you peace. But it is hidden from your eyes. He predicts the siege that would come forty years later — the embankment, the encirclement, the stone-on-stone destruction that Titus's legions would carry out in 70 CE. The Jesus Way reading takes this at face value. Jerusalem's leaders had chosen the way of empire, the way of temple economics, the way of violent resistance — and every one of those roads led to Rome burning the city. He wept because the alternative was right there in front of them, embodied in the man on the donkey, and they could not see it.",Matthew 21:2-3; Mark 11:2-3; Luke 19:30-44,
1073,N,Mark,Mark 11:2-3,"Go to the village ahead of you, and just as you enter it, you will find a colt tied there, which no one has ever ridden. Untie it and bring it here. If anyone asks you, ‘Why are you doing this?’ say, ‘The Lord needs it and will send it back here shortly.’”",The Donkey and the Colt,"A king on a donkey. A protest march that ended at the temple. If you missed the point, the tears at the gate told you.","Jesus enters Jerusalem staging a deliberate anti-imperial parody of a conquering king, then weeps because the city cannot see what would bring it peace.","The entry into Jerusalem is street theater with a very specific script. Zechariah 9:9 said the king would come to Zion humble and riding on a donkey. Roman generals entered cities on warhorses at the head of legions. Jesus enters on a borrowed colt at the head of pilgrims waving branches. Every element is chosen. This is not a spontaneous parade — it is a prophetic sign-act, in the tradition of Jeremiah smashing pots and Isaiah walking naked. The kingdom Jesus proclaims runs by the opposite logic of the empire he is walking into. If they keep quiet, he tells the Pharisees, the stones themselves will cry out. What is happening cannot be silenced because the moment is already in motion.

Then Luke adds what Matthew and Mark leave out. As Jesus tops the ridge and sees Jerusalem laid out below him, he weeps. If you, even you, had only known on this day what would bring you peace. But it is hidden from your eyes. He predicts the siege that would come forty years later — the embankment, the encirclement, the stone-on-stone destruction that Titus's legions would carry out in 70 CE. The Jesus Way reading takes this at face value. Jerusalem's leaders had chosen the way of empire, the way of temple economics, the way of violent resistance — and every one of those roads led to Rome burning the city. He wept because the alternative was right there in front of them, embodied in the man on the donkey, and they could not see it.",Matthew 21:2-3; Mark 11:2-3; Luke 19:30-44,
1073,N,Luke,Luke 19:30-44,"Go to the village ahead of you, and as you enter it, you will find a colt tied there, which no one has ever ridden. Untie it and bring it here. If anyone asks you, ‘Why are you untying it?’ say, ‘The Lord needs it.’ I tell you, if they keep quiet, the stones will cry out. If you, even you, had only known on this day what would bring you peace – but now it is hidden from your eyes. The days will come upon you when your enemies will build an embankment against you and encircle you and hem you in on every side. They will dash you to the ground, you and the children within your walls. They will not leave one stone on another, because you did not recognize the time of God’s coming to you.”",The Donkey and the Colt,"A king on a donkey. A protest march that ended at the temple. If you missed the point, the tears at the gate told you.","Jesus enters Jerusalem staging a deliberate anti-imperial parody of a conquering king, then weeps because the city cannot see what would bring it peace.","The entry into Jerusalem is street theater with a very specific script. Zechariah 9:9 said the king would come to Zion humble and riding on a donkey. Roman generals entered cities on warhorses at the head of legions. Jesus enters on a borrowed colt at the head of pilgrims waving branches. Every element is chosen. This is not a spontaneous parade — it is a prophetic sign-act, in the tradition of Jeremiah smashing pots and Isaiah walking naked. The kingdom Jesus proclaims runs by the opposite logic of the empire he is walking into. If they keep quiet, he tells the Pharisees, the stones themselves will cry out. What is happening cannot be silenced because the moment is already in motion.

Then Luke adds what Matthew and Mark leave out. As Jesus tops the ridge and sees Jerusalem laid out below him, he weeps. If you, even you, had only known on this day what would bring you peace. But it is hidden from your eyes. He predicts the siege that would come forty years later — the embankment, the encirclement, the stone-on-stone destruction that Titus's legions would carry out in 70 CE. The Jesus Way reading takes this at face value. Jerusalem's leaders had chosen the way of empire, the way of temple economics, the way of violent resistance — and every one of those roads led to Rome burning the city. He wept because the alternative was right there in front of them, embodied in the man on the donkey, and they could not see it.",Matthew 21:2-3; Mark 11:2-3; Luke 19:30-44,
1074,Y,Matthew,Matthew 21:13-16,"It is written, my house will be called a house of prayer, but you are making ‘a den of robbers.’ Yes, have you never read, ‘From the lips of children and infants you, Lord, have called forth your praise’?”",House of Prayer,It was not a tantrum. It was an assault on the sacrificial economy — with a scripture in one hand and a whip in the other.,Jesus attacks the temple system for turning God's house of prayer into a den of violent robbers.,"The temple courts on Passover were a marketplace. Money-changers converted Roman coinage — with its emperor's image, forbidden in the temple — into temple shekels, at a profit. Livestock sellers provided the animals required for sacrifice, at a profit. The whole apparatus extracted wealth from pilgrims while cloaking itself in holiness. Jesus walks in and shuts it down. He quotes Isaiah 56:7 — my house shall be called a house of prayer for all nations. Then he quotes Jeremiah 7:11 — but you have made it a den of robbers. The Greek *lestes* used here is not petty thief. It means violent bandit, insurrectionist. The Hebrew behind Jeremiah is *paritz* — a violent one who breaks in and destroys. Jesus is not saying the merchants overcharged. He is saying the priesthood is a criminal enterprise.

The passage Jesus quotes from Jeremiah is worth reading in full. Jeremiah 7 is a full-throated denunciation of temple religion: God says he never commanded sacrifice when he brought Israel out of Egypt, that obeying his voice is what he asked for, and that the temple would be destroyed like Shiloh. Jesus is standing inside that temple, on Passover, quoting the prophet who predicted its ruin. This is not a cleansing — you cannot cleanse a system whose product is the problem. It is a symbolic destruction. The Nazarene / Essene / Ebionim community had already rejected temple sacrifice as never commanded (""from the beginning it was not so""). The Hebrew Gospel puts it in Jesus's mouth directly: I have come to abolish the sacrifices. What happens in the temple courts here is that word made action. Within a week, the priesthood would kill him for it.",Matthew 21:13-16; Luke 19:46,
1074,N,Luke,Luke 19:46,"It is written, ‘My house will be a house of prayer’, but you have made it ‘a den of robbers.’”",House of Prayer,It was not a tantrum. It was an assault on the sacrificial economy — with a scripture in one hand and a whip in the other.,Jesus attacks the temple system for turning God's house of prayer into a den of violent robbers.,"The temple courts on Passover were a marketplace. Money-changers converted Roman coinage — with its emperor's image, forbidden in the temple — into temple shekels, at a profit. Livestock sellers provided the animals required for sacrifice, at a profit. The whole apparatus extracted wealth from pilgrims while cloaking itself in holiness. Jesus walks in and shuts it down. He quotes Isaiah 56:7 — my house shall be called a house of prayer for all nations. Then he quotes Jeremiah 7:11 — but you have made it a den of robbers. The Greek *lestes* used here is not petty thief. It means violent bandit, insurrectionist. The Hebrew behind Jeremiah is *paritz* — a violent one who breaks in and destroys. Jesus is not saying the merchants overcharged. He is saying the priesthood is a criminal enterprise.

The passage Jesus quotes from Jeremiah is worth reading in full. Jeremiah 7 is a full-throated denunciation of temple religion: God says he never commanded sacrifice when he brought Israel out of Egypt, that obeying his voice is what he asked for, and that the temple would be destroyed like Shiloh. Jesus is standing inside that temple, on Passover, quoting the prophet who predicted its ruin. This is not a cleansing — you cannot cleanse a system whose product is the problem. It is a symbolic destruction. The Nazarene / Essene / Ebionim community had already rejected temple sacrifice as never commanded (""from the beginning it was not so""). The Hebrew Gospel puts it in Jesus's mouth directly: I have come to abolish the sacrifices. What happens in the temple courts here is that word made action. Within a week, the priesthood would kill him for it.",Matthew 21:13-16; Luke 19:46,
1075,Y,Matthew,Matthew 21:19-22,"May you never bear fruit again! Truly I tell you, if you have faith and do not doubt, not only can you do what was done to the fig tree, but also you can say to this mountain, ‘Go, throw yourself into the sea,’ and it will be done. If you believe, you will receive whatever you ask for in prayer.”",The Withered Fig Tree,A tree in leaf that bears no fruit. A temple in splendor that bears no justice. The parable in the tree is the judgment on the city.,"The withered fig tree is an enacted parable about a religious system full of show and empty of fruit, and Jesus follows it by teaching that trust — not ritual — moves mountains.","Jesus curses a fig tree that has leaves but no fruit. Mark makes the framing unmissable — this happens the morning after the temple confrontation and Mark 11 sandwiches the temple scene inside the fig tree story. The tree is the temple. Full of impressive foliage — spectacular architecture, elaborate liturgy, endless activity — and bearing no actual fruit of justice, mercy, or faithfulness. This is Isaiah 5's vineyard song replayed. When the tree of the covenant produces only leaves, it withers. Within forty years, the physical temple would be rubble.

Then Jesus pivots from the sign-act to the teaching underneath it. If you have *pistis* — trust — and do not doubt, you can say to this mountain, be thrown into the sea, and it will be done. Faith is not intellectual assent to a creed. Faith is the settled trust that God's kingdom is already the operating reality, and living from that trust reshapes what is possible. Mountain-moving in Jewish idiom means accomplishing what looks impossible. The disciples had just watched Jesus confront the entire sacrificial economy of the temple mount alone. That is the mountain. What made it move was not blood, not ritual, not priestly mediation — it was a life lived in complete alignment with the Father's will. Whatever you ask in prayer, believing, you will receive — with the earlier reciprocity teaching still in force. Ask in line with love, and the door opens. Ask for domination, and you get another Roman empire.",Matthew 21:19-22,
1076,Y,Matthew,Matthew 21:24-27,"I will also ask you one question. If you answer me, I will tell you by what authority I am doing these things. John’s baptism - where did it come from? Was it from heaven, or of human origin? Neither will I tell you by what authority I am doing these things.”",By What Authority,He answers a trap with a question they cannot answer without exposing themselves. Then he walks on.,Jesus refuses to justify his authority to leaders unwilling to answer the same question honestly about John the Baptist.,"The chief priests and elders corner Jesus in the temple courts after the previous day's confrontation. By what authority are you doing these things? It is a legal question and a political one. If Jesus claims prophetic authority directly, they can charge him. If he claims no authority, they can dismiss him. He answers the way a good rabbi always answers a trap — with a counter-question. John's baptism, was it from heaven or from human beings? Now they are the ones trapped. If they say from heaven, why did you not believe him? If they say from human beings, the crowd — which held John as a prophet — will turn on them. They dodge: we don't know. And Jesus says: then I will not tell you either.

The move is not evasion. It is exact. Jesus is showing that they are not entitled to an answer they refuse to give themselves. Authority in the Jesus Way is not conferred by titles, robes, or lineage. It is recognized by those willing to see. John's baptism worked — it drew people into *metanoia*, transformation of heart. The fruit spoke for itself. So did Jesus's ministry — the sick were healed, the poor heard good news, sinners were forgiven with no blood spilled. If the priests were willing to weigh the fruit honestly, they would have their answer. They were not willing. So the door closed. This is a small window onto Jesus's method: he never argues someone into the kingdom. He asks the question that shows them where they already stand, and lets them decide.",Matthew 21:24-27; Mark 11:29-33; Luke 20:3-8,
1076,N,Mark,Mark 11:29-33,"I will ask you one question. Answer me, and I will tell you by what authority I am doing these things. John’s baptism – was it from heaven, or of human origin? Tell me! Neither will I tell you by what authority I am doing these things.”",By What Authority,He answers a trap with a question they cannot answer without exposing themselves. Then he walks on.,Jesus refuses to justify his authority to leaders unwilling to answer the same question honestly about John the Baptist.,"The chief priests and elders corner Jesus in the temple courts after the previous day's confrontation. By what authority are you doing these things? It is a legal question and a political one. If Jesus claims prophetic authority directly, they can charge him. If he claims no authority, they can dismiss him. He answers the way a good rabbi always answers a trap — with a counter-question. John's baptism, was it from heaven or from human beings? Now they are the ones trapped. If they say from heaven, why did you not believe him? If they say from human beings, the crowd — which held John as a prophet — will turn on them. They dodge: we don't know. And Jesus says: then I will not tell you either.

The move is not evasion. It is exact. Jesus is showing that they are not entitled to an answer they refuse to give themselves. Authority in the Jesus Way is not conferred by titles, robes, or lineage. It is recognized by those willing to see. John's baptism worked — it drew people into *metanoia*, transformation of heart. The fruit spoke for itself. So did Jesus's ministry — the sick were healed, the poor heard good news, sinners were forgiven with no blood spilled. If the priests were willing to weigh the fruit honestly, they would have their answer. They were not willing. So the door closed. This is a small window onto Jesus's method: he never argues someone into the kingdom. He asks the question that shows them where they already stand, and lets them decide.",Matthew 21:24-27; Mark 11:29-33; Luke 20:3-8,
1076,N,Luke,Luke 20:3-8,"I will also ask you a question. Tell me: John’s baptism – was it from heaven, or of human origin? Neither will I tell you by what authority I am doing these things.”",By What Authority,He answers a trap with a question they cannot answer without exposing themselves. Then he walks on.,Jesus refuses to justify his authority to leaders unwilling to answer the same question honestly about John the Baptist.,"The chief priests and elders corner Jesus in the temple courts after the previous day's confrontation. By what authority are you doing these things? It is a legal question and a political one. If Jesus claims prophetic authority directly, they can charge him. If he claims no authority, they can dismiss him. He answers the way a good rabbi always answers a trap — with a counter-question. John's baptism, was it from heaven or from human beings? Now they are the ones trapped. If they say from heaven, why did you not believe him? If they say from human beings, the crowd — which held John as a prophet — will turn on them. They dodge: we don't know. And Jesus says: then I will not tell you either.

The move is not evasion. It is exact. Jesus is showing that they are not entitled to an answer they refuse to give themselves. Authority in the Jesus Way is not conferred by titles, robes, or lineage. It is recognized by those willing to see. John's baptism worked — it drew people into *metanoia*, transformation of heart. The fruit spoke for itself. So did Jesus's ministry — the sick were healed, the poor heard good news, sinners were forgiven with no blood spilled. If the priests were willing to weigh the fruit honestly, they would have their answer. They were not willing. So the door closed. This is a small window onto Jesus's method: he never argues someone into the kingdom. He asks the question that shows them where they already stand, and lets them decide.",Matthew 21:24-27; Mark 11:29-33; Luke 20:3-8,
1077,Y,Matthew,Matthew 21:28-32,"What do you think? There was a man who had two sons. He went to the first and said, ‘Son, go and work today in the vineyard.’ ’I will not,’ he answered, but later he changed his mind and went. Then the father went to the other son and said the same thing. He answered, ‘I will sir,’ but he did not go. Which one of the two did what his father wanted? Truly I tell you, the tax collectors and the prostitutes are entering the kingdom of God ahead of you. For John came to you to show you the way of righteousness, and you did not believe him, but the tax collectors and the prostitutes did. And even after you saw this, you did not repent and believe him.”",The Two Sons,The son who said no and went. The son who said yes and stayed home. Which one did the Father's will?,"What you actually do is what counts, not what you say.","The parable is compact and devastating. Two sons. The father asks each to go work in the vineyard. The first says no and later changes his mind and goes. The second says yes and never goes. Jesus asks the leaders which one did the father's will. The answer is obvious — the one who went. Then Jesus lands the blade. Tax collectors and prostitutes are entering the kingdom of God ahead of you. Not because they said the right things. Because they turned. John came to you in the way of righteousness. The people you look down on believed him. You watched them turn, and you still did not.

This is a direct parallel to ""not everyone who says Lord, Lord will enter the kingdom of heaven, but the one who does the will of my Father"" (Mt 7:21). Jesus returned to the same point constantly. *Pistis* — faith — is not verbal assent. It is trust demonstrated by action. James, the brother of Jesus who led the Jerusalem community, wrote the same thing plainly: faith without works is dead (Jas 2:17). The tax collectors and prostitutes had no religious credentials. What they had was the honesty to change direction when they heard John's call. The chief priests had every credential and none of the turning. Paul's formula — confess with your mouth, believe in your heart, be saved (Rom 10:9) — is the second son's answer. Jesus and James both say that answer is not enough. The vineyard needs workers. Who actually shows up?",Matthew 21:28-32,
1078,Y,Matthew,Matthew 21:33-44,"Listen to another parable: There was a landowner who planted a vineyard. He put a wall around it, dug a winepress in it and bult a watchtower. Then he rented the vineyard to some farmers and moved to another place. When the harvest time approached, he sent his servants to the tenants to collect his fruit. The tenants seized his servants; they beat one, killed another, and stoned a third. Then he sent other servants to them, more than the first time, and the tenants treated them the same way. Last of all, he sent his son to them. ‘They will respect my son,’ he said. But when the tenants saw the son, they said to each other, ‘This is the heir. Come, let’s kill him and take his inheritance.’ So they took him and threw him out of the vineyard and killed him. Therefore, when the owner of the vineyard comes, what will he do to those tenants? Have you never read the Scriptures: ‘The stone the builders rejected has become the cornerstone; the Lord has done this, and it is marvelous in our eyes’” Anyone who falls on this stone will be broken to pieces; anyone on whom it falls will be crushed.”",The Rejected Stone,The tenants killed every messenger and then the son. The vineyard was not theirs. They only thought it was.,The religious leadership entrusted with God's people has killed the prophets sent to them and will not spare the son.,"The parable is barely a parable. Jesus tells it in the temple courts to the chief priests standing in front of him, and everyone knows exactly who the wicked tenants are. The vineyard is Israel — Isaiah 5:1-7 established the image centuries earlier, and any listener would have caught the echo. The landowner is God. The servants sent for the harvest are the prophets — beaten, killed, stoned, one after another. Finally the landowner sends his son, thinking they will respect him. They kill him too, hoping to seize the inheritance. Jesus turns to the leaders and asks what the landowner will do. They answer their own condemnation: he will bring those wretches to a wretched end.

Then Jesus quotes Psalm 118:22-23 — the stone the builders rejected has become the cornerstone. The builders are the temple leadership, professional experts in judging what belongs in the structure. And the stone they threw on the reject pile is the one that turns out to hold everything up. The kingdom, Jesus says, will be given to a people who produce its fruit — justice, mercy, faithfulness, love. The Nazarene / Ebionim community understood themselves as exactly that remnant, the true Israel keeping the covenant faithfully while the temple establishment corrupted it. Thomas 65-66 preserves the parable and the cornerstone saying independently, meaning both circulated widely in the earliest tradition. This is not anti-Jewish. Jesus was Jewish. His brother James led the Jerusalem community. What is being indicted is a specific priestly establishment that had turned the vineyard into an extraction operation and would rather kill the son than share the harvest.","Matthew 21:33-44; Mark 12:1-11; Luke 20:9-18 | Thomas 65, 66",
1078,N,Mark,Mark 12:1-11,"A man planted a vineyard. He put a wall around it, dug a pit for the winepress and built a watchtower. Then he rented the vineyard to some farmers and moved to another place. At harvest time he sent a servant to the tenants to collect from the some of the fruit of the vineyard. But they seized him, beat him and sent him away empty-handed. Then he sent another servant to them; they struck this man on the head and treated him shamefully. He sent still another, and that one they killed. He sent many others; some of them they beat, others they killed. He had one left to send, a son, whom he loved. He sent him last of all, saying, ‘They will respect my son.’ But, the tenants said to one another, ‘This is the heir. Come, let’s kill him, and the inheritance will be ours.’ So they took him killed him, and threw him out of the vineyard. What then will the owner of the vineyard do? He will come and kill those tenants and give the vineyard to others. Haven’t you read this passage of Scripture: ‘The stone the builders rejected bas become the cornerstone; the Lord has done this, and it is marvelous in our eyes’?”",The Rejected Stone,The tenants killed every messenger and then the son. The vineyard was not theirs. They only thought it was.,The religious leadership entrusted with God's people has killed the prophets sent to them and will not spare the son.,"The parable is barely a parable. Jesus tells it in the temple courts to the chief priests standing in front of him, and everyone knows exactly who the wicked tenants are. The vineyard is Israel — Isaiah 5:1-7 established the image centuries earlier, and any listener would have caught the echo. The landowner is God. The servants sent for the harvest are the prophets — beaten, killed, stoned, one after another. Finally the landowner sends his son, thinking they will respect him. They kill him too, hoping to seize the inheritance. Jesus turns to the leaders and asks what the landowner will do. They answer their own condemnation: he will bring those wretches to a wretched end.

Then Jesus quotes Psalm 118:22-23 — the stone the builders rejected has become the cornerstone. The builders are the temple leadership, professional experts in judging what belongs in the structure. And the stone they threw on the reject pile is the one that turns out to hold everything up. The kingdom, Jesus says, will be given to a people who produce its fruit — justice, mercy, faithfulness, love. The Nazarene / Ebionim community understood themselves as exactly that remnant, the true Israel keeping the covenant faithfully while the temple establishment corrupted it. Thomas 65-66 preserves the parable and the cornerstone saying independently, meaning both circulated widely in the earliest tradition. This is not anti-Jewish. Jesus was Jewish. His brother James led the Jerusalem community. What is being indicted is a specific priestly establishment that had turned the vineyard into an extraction operation and would rather kill the son than share the harvest.","Matthew 21:33-44; Mark 12:1-11; Luke 20:9-18 | Thomas 65, 66",
1078,N,Luke,Luke 20:9-18,"A man planted a vineyard, rented it to some farmers and went away for a long time. At harvest time he sent a servant to the tenants so they would give him some of the fruit of the vineyard. But the tenants beat him and sent him away empty-handed. He sent another servant, but that one also they beat and treated shamefully and sent away empty- handed. He sent still a third, and they wounded him and threw him out. Then the owner of the vineyard said, ‘What shall I do? I will send my son, whom I love; perhaps they will respect him.’ But when the tenants saw him, they talked the matter over. ‘This is the heir.’ They said. ‘Let’s kill him, and the inheritance will be ours.’ So they threw him out of the vineyard and killed him. What then will the owner of the vineyard do to them? He will come and kill those tenants and give the vineyard to others. Then what is the meaning of that which is written: ‘The stone the builders rejected has become the cornerstone.’ Everyone who falls on that stone will be broken to pieces; anyone on whom it fall will be crushed.”",The Rejected Stone,The tenants killed every messenger and then the son. The vineyard was not theirs. They only thought it was.,The religious leadership entrusted with God's people has killed the prophets sent to them and will not spare the son.,"The parable is barely a parable. Jesus tells it in the temple courts to the chief priests standing in front of him, and everyone knows exactly who the wicked tenants are. The vineyard is Israel — Isaiah 5:1-7 established the image centuries earlier, and any listener would have caught the echo. The landowner is God. The servants sent for the harvest are the prophets — beaten, killed, stoned, one after another. Finally the landowner sends his son, thinking they will respect him. They kill him too, hoping to seize the inheritance. Jesus turns to the leaders and asks what the landowner will do. They answer their own condemnation: he will bring those wretches to a wretched end.

Then Jesus quotes Psalm 118:22-23 — the stone the builders rejected has become the cornerstone. The builders are the temple leadership, professional experts in judging what belongs in the structure. And the stone they threw on the reject pile is the one that turns out to hold everything up. The kingdom, Jesus says, will be given to a people who produce its fruit — justice, mercy, faithfulness, love. The Nazarene / Ebionim community understood themselves as exactly that remnant, the true Israel keeping the covenant faithfully while the temple establishment corrupted it. Thomas 65-66 preserves the parable and the cornerstone saying independently, meaning both circulated widely in the earliest tradition. This is not anti-Jewish. Jesus was Jewish. His brother James led the Jerusalem community. What is being indicted is a specific priestly establishment that had turned the vineyard into an extraction operation and would rather kill the son than share the harvest.","Matthew 21:33-44; Mark 12:1-11; Luke 20:9-18 | Thomas 65, 66",
1079,Y,Matthew,Matthew 22:2-14,"The kingdom of heaven is like a king who prepared a wedding banquet for his son. He sent his servants to those who have been invited to the banquet to tell them to come, but they refused to come. Then he sent some more servants and said, ‘Tell those who have been invited that I have prepared my dinner: My oxen and fattened cattle have been butchered, and everything is ready. Come to the wedding banquet.’ But they paid no attention and went off – one to his field, another to his business. The rest seized his servants, mistreated them and killed them. The king was enraged. He sent his army and destroyed those murderers and burned their city. Then he said to his servants, ‘The wedding banquet is ready, but those I invited did not deserve to come. So go to the street corners and invite to the banquet anyone you find. So the servants went out into the streets and gathered all the people they could find, the bad as well as the good, and the wedding hall was filled with guests. But when the king came in to see the guests, he noticed a man there who was not wearing wedding clothes. He asked, ‘How did you get in here without wedding clothes, friend?’ The man was speechless. Then the king told the attendants, ‘Tie him hand and foot, and throw him outside, into the darkness, where there will be weeping and gnashing of teeth.’ For many are invited, but few are chosen.”",The Wedding Banquet,The invited did not come. The streets were filled instead. The banquet was never going to be empty.,"God's kingdom is a banquet open to anyone willing to come, and refusal — not unworthiness — is what keeps people out.","A king throws a wedding for his son. The invited guests refuse — one goes to his field, another to his business, some kill the messengers. The king sends his army against the murderers and burns their city. Then he sends servants to the street corners: gather everyone, the bad as well as the good, and fill the hall. Read this immediately after the parable of the tenants and the target is unmistakable. The originally invited are the religious insiders who rejected the messengers. The street-corner crowd is everyone else — tax collectors, sinners, foreigners, the outcasts Jesus kept eating with. The banquet fills. Luke's version (14:16-24) is milder and probably closer to the original Q form; Matthew has sharpened it with the burned city, likely reflecting the destruction of Jerusalem in 70 CE that his community had already lived through.

The last scene is the strange one. A guest is found without wedding clothes and thrown into outer darkness. This is not about dress code. In the imagery of the banquet, wedding clothes represent the transformed life — the fruit, the changed heart — that being at the banquet is supposed to reflect. You can accept the invitation and still refuse to put on what the kingdom actually looks like. That is the same warning Jesus gives elsewhere: not everyone who says Lord, Lord (Mt 7:21). You cannot be at the wedding wearing the old life. Thomas 64 preserves the parable in a shorter, sharper form ending with a line the canonical versions do not have: buyers and merchants will not enter the places of my Father. The invitation is universal. The clothing is not optional.","Matthew 22:2-14 | Thomas 64 | Q 14:16–18, 21, 23",
1080,Y,Matthew,Matthew 22:18-21,"You hypocrites, why are you trying to trap me? Show me the coin used for paying the tax. Whose image is this? And whose inscription? So give back to Caesar what is Caesar’s, and to God what is God’s.”",Caesar and God,The coin bears Caesar's image. You bear God's. Now decide what belongs to which.,Give Caesar the coin that bears his image and give God what bears God's image — you.,"The trap is elegant. If Jesus says pay the tax, he loses the crowd who resent Roman occupation. If he says don't pay, Rome kills him for sedition. He asks for the coin. They produce a denarius — already an admission, because pious Jews were not supposed to carry a coin bearing the emperor's image and the inscription proclaiming him son of god. Whose image is this? Caesar's, they say. Then give Caesar back what is his. And give God what is God's. The line has been quoted for two thousand years as an endorsement of separating politics from religion. It is not. It is a live question dropped in their laps: what belongs to God?

Genesis 1:27 answers it. Human beings are made in the image of God. The coin bears Caesar's image; give it back to him — the money is nothing. You bear God's image; give yourself back to God — that is everything. Jesus is not carving up spheres. He is exposing that the priests are hoarding the wrong currency. Egerton papyrus 3:1-6 preserves an independent version of this exchange, showing how central it was in the earliest tradition. Thomas 100 has it in a compressed form: give Caesar's things to Caesar, God's things to God, and what is mine give to me. Jesus adds himself to the equation — the true talmid gives allegiance not to the coin, not even to the abstraction ""God,"" but to the way of the teacher who embodies God. This is not a political tax-policy pronouncement. It is a demand for a whole life.",Matthew 22:18-21; Mark 12:15-17 | Thomas 100 | Egerton 3:1–6,
1080,N,Mark,Mark 12:15-17,Why are you trying to trap me? Bring me a denarius and let me look at it. Whose image is this? And whose inscription? Give back to Caesar what is Caesar’s and to God what is God’s.”,Caesar and God,The coin bears Caesar's image. You bear God's. Now decide what belongs to which.,Give Caesar the coin that bears his image and give God what bears God's image — you.,"The trap is elegant. If Jesus says pay the tax, he loses the crowd who resent Roman occupation. If he says don't pay, Rome kills him for sedition. He asks for the coin. They produce a denarius — already an admission, because pious Jews were not supposed to carry a coin bearing the emperor's image and the inscription proclaiming him son of god. Whose image is this? Caesar's, they say. Then give Caesar back what is his. And give God what is God's. The line has been quoted for two thousand years as an endorsement of separating politics from religion. It is not. It is a live question dropped in their laps: what belongs to God?

Genesis 1:27 answers it. Human beings are made in the image of God. The coin bears Caesar's image; give it back to him — the money is nothing. You bear God's image; give yourself back to God — that is everything. Jesus is not carving up spheres. He is exposing that the priests are hoarding the wrong currency. Egerton papyrus 3:1-6 preserves an independent version of this exchange, showing how central it was in the earliest tradition. Thomas 100 has it in a compressed form: give Caesar's things to Caesar, God's things to God, and what is mine give to me. Jesus adds himself to the equation — the true talmid gives allegiance not to the coin, not even to the abstraction ""God,"" but to the way of the teacher who embodies God. This is not a political tax-policy pronouncement. It is a demand for a whole life.",Matthew 22:18-21; Mark 12:15-17 | Thomas 100 | Egerton 3:1–6,
1081,Y,Matthew,Matthew 22:29-32,"You are in error because you do not know the Scriptures or the power of God. At the resurrection people will neither marry nor be given in marriage; they will be like the angels in heaven. But about the resurrection of the dead – have you not read what God said to you. ‘I am the God of Abraham, the God of Isaac, and the God of Jacob’? He is not the God of the dead but of the living. The Greatest Commandment",The God of the Living,"God is not the God of the dead. If Abraham lives in God, then something in you that God knows also does not end.","God is the God of the living, and the categories that shape earthly life do not carry over into the resurrection.","The Sadducees — the priestly party who accepted only the five books of Moses and denied any resurrection — bring Jesus a manufactured absurdity. A woman married to seven brothers in succession: whose wife will she be at the resurrection? They think the question refutes the whole idea. Jesus does not accept the frame. At the resurrection, he says, people neither marry nor are given in marriage — they are like angels in heaven. Marriage, property, lineage, the whole architecture of ownership that generates the trick question in the first place, is not the operating structure of the coming reality. You are in error, he tells them, because you know neither the Scriptures nor the power of God.

Then he does something clever. He argues resurrection from the Torah itself — the only scriptures the Sadducees accepted. God says to Moses at the burning bush, I am the God of Abraham, Isaac, and Jacob (Ex 3:6). Present tense, centuries after those patriarchs died. God is not the God of the dead, but of the living. If Abraham is remembered by God, Abraham is somehow alive to God. The Jesus Way reading does not require a physical body reassembly for this to hold. What the passage insists is that the life God knows in a person does not end when the earthly form does. The categories of the resurrection are not the categories of this age. That is enough to answer the Sadducees, and enough to keep us from smuggling all our present attachments into eternity like luggage on a plane.",Matthew 22:29-32,
1082,Y,Matthew,Matthew 22:37-40,’Love the Lord your God with all you heart and with all your soul and with all your mind.’ This is the first and greatest commandment. And the second is lit it: ‘Love your neighbor as yourself.’ All the Law and the Prophets hang on these two commandments.”,The Whole Law,Love God. Love your neighbor. Everything else hangs on those two hooks — including the parts you thought were the point.,The entire law and prophets come down to loving God with your whole self and loving your neighbor as yourself.,"A scribe asks the standard rabbinic question — which commandment is greatest? Jesus answers by quoting the Shema (Deut 6:4-5) and Leviticus 19:18. Love the Lord your God with all your heart, soul, and mind. Love your neighbor as yourself. On these two hang all the law and the prophets. This is not Jesus editing scripture. It is Jesus doing what any first-century rabbi would recognize — reducing 613 commandments to their essence, the way Hillel had done a generation before (""what is hateful to you, do not do to another; this is the whole Torah, the rest is commentary""). But when Jesus does it, he means it structurally. Those two commandments are not the top two on a list of 613. They are the hooks that everything else hangs from. If a rule serves love of God and neighbor, keep it. If it does not, it is not what the law was about.

This is why the Nazarene tradition, which followed Jesus, held the Ten Commandments as summarized by these two, and treated the accumulated 613 scribal laws — dietary minutiae, sacrificial procedures, purity codes — as ""the lying pen of the scribes"" (Jer 8:8), human additions that had smothered the actual covenant. Mark's version adds the scribe's response and Jesus's affirmation: to love God and neighbor is more than all burnt offerings and sacrifices. The scribe himself concedes that love outweighs the altar. Jesus tells him he is not far from the kingdom. Hosea 6:6 — I desire mercy, not sacrifice — is the same drumbeat. Thomas 25 preserves the parallel: love your brother as your own life. This is the whole law. Sin, in this frame, is any action that violates love of God or love of neighbor. Everything else is commentary.",Matthew 22:37-40; Mark 12:29-34 | Thomas 25,
1082,N,Mark,Mark 12:29-34,"The most important one, is this: ‘Hear, O Israel: The Lord our God, the Lord is one.’ Love the Lord your God with all your heart and with all your soul and with all your mind and with all your strength. The second is this: ‘Love your neighbor as yourself.’ There is no commandment greater than these. You are not far from the kingdom of God.”",The Whole Law,Love God. Love your neighbor. Everything else hangs on those two hooks — including the parts you thought were the point.,The entire law and prophets come down to loving God with your whole self and loving your neighbor as yourself.,"A scribe asks the standard rabbinic question — which commandment is greatest? Jesus answers by quoting the Shema (Deut 6:4-5) and Leviticus 19:18. Love the Lord your God with all your heart, soul, and mind. Love your neighbor as yourself. On these two hang all the law and the prophets. This is not Jesus editing scripture. It is Jesus doing what any first-century rabbi would recognize — reducing 613 commandments to their essence, the way Hillel had done a generation before (""what is hateful to you, do not do to another; this is the whole Torah, the rest is commentary""). But when Jesus does it, he means it structurally. Those two commandments are not the top two on a list of 613. They are the hooks that everything else hangs from. If a rule serves love of God and neighbor, keep it. If it does not, it is not what the law was about.

This is why the Nazarene tradition, which followed Jesus, held the Ten Commandments as summarized by these two, and treated the accumulated 613 scribal laws — dietary minutiae, sacrificial procedures, purity codes — as ""the lying pen of the scribes"" (Jer 8:8), human additions that had smothered the actual covenant. Mark's version adds the scribe's response and Jesus's affirmation: to love God and neighbor is more than all burnt offerings and sacrifices. The scribe himself concedes that love outweighs the altar. Jesus tells him he is not far from the kingdom. Hosea 6:6 — I desire mercy, not sacrifice — is the same drumbeat. Thomas 25 preserves the parallel: love your brother as your own life. This is the whole law. Sin, in this frame, is any action that violates love of God or love of neighbor. Everything else is commentary.",Matthew 22:37-40; Mark 12:29-34 | Thomas 25,
1083,Y,Matthew,Matthew 22:42-45,"What do you think about the Messiah? Whose son is he? How is it then that David, speaking by the Spirit, calls him ‘Lord’? For he says, ‘The Lord said to my Lord: Sit at my right hand until I put your enemies under your feet.’ If then David calls him ‘Lord,’ how can he be his son?”",Whose Son,"The Messiah is more than a bloodline. If David called him Lord, then something is happening the pedigree does not explain.",The Messiah cannot be reduced to a Davidic bloodline because David himself called him Lord.,"Jesus turns the questioning around. The scribes teach that the Messiah is the son of David — a straightforward reading of the messianic promises about David's line (2 Sam 7, Ps 89, Isa 11). Jesus does not deny it, but he complicates it. He quotes Psalm 110:1 — the Lord said to my Lord, sit at my right hand until I put your enemies under your feet. Psalm 110 was traditionally read as David speaking prophetically about the Messiah. But then David is calling the Messiah ""my Lord."" A father does not usually address his own descendant as ""my Lord."" So how is the Messiah both David's son and David's Lord?

The question is not a riddle Jesus is asking his listeners to solve — it is a wedge he is driving into their assumption that the Messiah is just a political-military heir of David who will restore the earthly kingdom. Jesus is signaling that the messianic reality is larger than the genealogical category. This is not, in the Jesus Way reading, a proof of pre-existent deity — that reading is imported later from Nicene theology. The point in the moment is subtler: the Messiah's authority does not come from bloodline. It comes from God directly. ""Son of Man"" — *bar enasha* in Aramaic — was Jesus's own preferred self-designation. It means ""the human one"" — a real human being embodying what humanity was always meant to be. The kingdom does not need a warrior king from David's house. It needs a human, awake, aligned with the Father. That is what Jesus is. That is what the *talmid* is meant to become.",Matthew 22:42-45; Mark 12:35-37; Luke 20:41-44,
1083,N,Mark,Mark 12:35-37,"Why do the teachers of the law say that the Messiah is the son of David? David himself, speaking by the Holy Spirit, declared: ‘The Lord said to my Lord: Sit at my right hand until I put your enemies under your feet.’ David himself calls him ‘Lord’. How then can he be his son?”",Whose Son,"The Messiah is more than a bloodline. If David called him Lord, then something is happening the pedigree does not explain.",The Messiah cannot be reduced to a Davidic bloodline because David himself called him Lord.,"Jesus turns the questioning around. The scribes teach that the Messiah is the son of David — a straightforward reading of the messianic promises about David's line (2 Sam 7, Ps 89, Isa 11). Jesus does not deny it, but he complicates it. He quotes Psalm 110:1 — the Lord said to my Lord, sit at my right hand until I put your enemies under your feet. Psalm 110 was traditionally read as David speaking prophetically about the Messiah. But then David is calling the Messiah ""my Lord."" A father does not usually address his own descendant as ""my Lord."" So how is the Messiah both David's son and David's Lord?

The question is not a riddle Jesus is asking his listeners to solve — it is a wedge he is driving into their assumption that the Messiah is just a political-military heir of David who will restore the earthly kingdom. Jesus is signaling that the messianic reality is larger than the genealogical category. This is not, in the Jesus Way reading, a proof of pre-existent deity — that reading is imported later from Nicene theology. The point in the moment is subtler: the Messiah's authority does not come from bloodline. It comes from God directly. ""Son of Man"" — *bar enasha* in Aramaic — was Jesus's own preferred self-designation. It means ""the human one"" — a real human being embodying what humanity was always meant to be. The kingdom does not need a warrior king from David's house. It needs a human, awake, aligned with the Father. That is what Jesus is. That is what the *talmid* is meant to become.",Matthew 22:42-45; Mark 12:35-37; Luke 20:41-44,
1083,N,Luke,Luke 20:41-44,Why is it said that the Messiah is the son of David? David himself declares in the Book of Psalms: ‘The Lord said to my Lord: Sit at my right hand until I make your enemies a footstool for your feet.’ David calls him ‘Lord.’ How then can he be his son?”,Whose Son,"The Messiah is more than a bloodline. If David called him Lord, then something is happening the pedigree does not explain.",The Messiah cannot be reduced to a Davidic bloodline because David himself called him Lord.,"Jesus turns the questioning around. The scribes teach that the Messiah is the son of David — a straightforward reading of the messianic promises about David's line (2 Sam 7, Ps 89, Isa 11). Jesus does not deny it, but he complicates it. He quotes Psalm 110:1 — the Lord said to my Lord, sit at my right hand until I put your enemies under your feet. Psalm 110 was traditionally read as David speaking prophetically about the Messiah. But then David is calling the Messiah ""my Lord."" A father does not usually address his own descendant as ""my Lord."" So how is the Messiah both David's son and David's Lord?

The question is not a riddle Jesus is asking his listeners to solve — it is a wedge he is driving into their assumption that the Messiah is just a political-military heir of David who will restore the earthly kingdom. Jesus is signaling that the messianic reality is larger than the genealogical category. This is not, in the Jesus Way reading, a proof of pre-existent deity — that reading is imported later from Nicene theology. The point in the moment is subtler: the Messiah's authority does not come from bloodline. It comes from God directly. ""Son of Man"" — *bar enasha* in Aramaic — was Jesus's own preferred self-designation. It means ""the human one"" — a real human being embodying what humanity was always meant to be. The kingdom does not need a warrior king from David's house. It needs a human, awake, aligned with the Father. That is what Jesus is. That is what the *talmid* is meant to become.",Matthew 22:42-45; Mark 12:35-37; Luke 20:41-44,
1084,Y,Matthew,Matthew 23:2-12,"’The teachers of the law and the Pharisees sit in Moses’ seat. So you must be careful to do everything they tell you. But do not do what they do, for they do not practice what they preach. They tie up heavy, cumbersome loads and put them on other people’s shoulders, but they themselves are not willing to lift a finger to move them. Everything they do is done for people to see: They make their phylacteries wide and the tassels on their garments long; they love the place of honor at banquets and the mist important seats in the synagogues; they love to be greeted with respect in the marketplaces and to be called ‘Rabbi’ by others. But you are not to be called ‘Rabbi,’ for you have one Teacher, and you are all brothers. And do not call anyone on earth ‘father,’ for you have one Father, and he is in heaven. Nor are you to be called instructors, for you have one Instructor, the Messiah. The greatest among you will be your servant. For those who exalt themselves will be humbled, and those who humble themselves will be exalted.”",One Teacher,Do not be called Rabbi. Do not call anyone Father. One Teacher. One Father. Everyone else is a brother.,"Reject religious titles and hierarchy — you have one Teacher and one Father, and you are all brothers.","Jesus is not attacking Moses's seat or the substance of the Torah. He tells the crowds to do what the scribes and Pharisees say, because they occupy the teaching office. But do not do what they do. They pile heavy loads on other people's shoulders and lift not a finger to help. They dress for status — wider phylacteries, longer tassels. They love the head table, the front seat in the synagogue, the deferential greeting in the marketplace, the title Rabbi. Jesus's diagnosis is precise: everything they do is done to be seen. The religious system has become a stage for performance, and the performers demand honor from an audience that is being crushed under the weight of the show.

Then the alternative. Do not be called Rabbi — you have one Teacher and you are all brothers. Do not call anyone on earth Father — you have one Father, the one in heaven. Do not be called Instructor — you have one Instructor, the Messiah. The greatest among you will be your servant. Those who exalt themselves will be humbled; those who humble themselves will be exalted. This is a demolition of religious hierarchy. Catholic tradition took ""call no man father"" and applied it to biological fathers — exactly backwards. Jesus is forbidding the accumulation of religious titles that put one human being above another. The Nazarene community was flat: no priests, no hierarchy, all brothers and sisters at the same table. Nineteen centuries later, most of the church looks more like the scribes Jesus is warning against than the community he was building. The correction, whenever the church is willing, is right here in the text.",Matthew 23:2-12 | Q 11:46; Q 11:52; Q 14:11,
1085,Y,Matthew,Matthew 23:13-39,"Woe to you, teachers of the law and Pharisees, you hypocrites! You shut the door on the kingdom of heaven in the people’s faces. You yourselves do not enter, nor will you let those enter who are trying to.’ Woe to you, teachers of the law and Pharisees, you hypocrites! You travel over land and sea to win a single convert, and when you have succeeded, you make them twice as much a child of hell as you are. Woe to you, blind guides! You say, ‘If anyone swears by the temple, it means nothing; but anyone who swears by the gold on the temple is bound by that oath.’ You blind fools! Which is greater: the gold, or the temple that makes the gold sacred? You also say, ‘If anyone swears by the altar, it means nothing; but anyone who swears by the gift on the altar is bound by that oath.’ You blind men! Which is greater: the gift, or the altar that makes the gift sacred? Therefore, anyone who swears by the altar swears by it and by everything on it. And anyone who swears by the temple swears by it and by the one who dwells in it. And anyone who swears by heaven swears by God’s throne and by the one who sits on it. Woe to you, teachers of the law and Pharisees, you hypocrites! You give a tenth of your spices – mint, dill, and cumin. But you have neglected the more important matters of the law – justice, mercy, and faithfulness. You should have practiced the latter, without neglecting the former. You blind guides! You strain out a gnat but swallow a camel. Woe to you, teachers of the law and Pharisees, you hypocrites! You clean the outside of the cup and dish, but inside they are full of greed and self-indulgence. Blind Pharisee! First clean the inside of the cup and dish, and then the outside also will be clean. Woe to you, teachers of the law and Pharisees, you hypocrites! You are like the whitewashed tombs, which look beautiful on the outside but on the inside are full of the bones of the dead and everything unclean. In the same way, on the outside you appear to people as righteous but on the inside you are full of hypocrisy and wickedness. Woe to you, teachers of the law and Pharisees, you hypocrites! You build the tombs for the prophets and decorate the graves of the righteous. And you say, ‘If we had lived in the days of our ancestors, we would not have taken part with them in shedding the blood of the prophets.’ So you testify against yourselves that you are the descendants of those who murdered the prophets. Go ahead, then, and complete what your ancestors started! You snakes! You brood of vipers! How will you escape being condemned to hell? Therefore I am sending you prophets and sages and teachers. Some of them you will kill and crucify; others you will flog in your synagogues and pursue from town to town. And so upon your will come all the righteous blood that has been shed on earth, from the blood of righteous Abel to the blood of Zechariah son of Berekiah, whom you murdered between the temple and the altar. Truly I tell you, all this will come on this generation. Jerusalem, Jerusalem, you who kill the prophets and stone those sent to you, how often I have longed to gather your children together, as a hen gathers her chicks under her wings, and you were not willing. 38, “Look, your house is left to you desolate. For I tell you, you will not see me again until you say, ‘Blessed is he who comes in the name of the Lord.’”",Woe to You,Straining out gnats. Swallowing camels. Cleaning the outside of the cup while the inside is full of greed. Whitewashed tombs.,"Jesus pronounces seven devastating woes on religious leaders who perform righteousness outwardly while missing justice, mercy, and faithfulness at the heart of the law.","The seven woes are Jesus's most sustained public denunciation, and they are directed at religious professionals, not at ordinary Jewish people. Read them slowly and they land in seven precise places. You shut the kingdom in people's faces. You travel land and sea to make converts and turn them into children of hell twice over. You split hairs about which oaths bind. You tithe your garden herbs and neglect justice, mercy, and faithfulness — you strain out a gnat and swallow a camel. You clean the outside of the cup while the inside is full of greed. You look like whitewashed tombs — beautiful outside, full of dead bones. You build monuments to the prophets your ancestors killed while doing the same thing yourselves.

The pattern in every woe is the same: religion as performance, religion as gatekeeping, religion as extraction — with the interior life rotted out and the actual weight of the law (justice, mercy, faithfulness) discarded. This is not anti-Semitism. This is a Jewish prophet in the exact tradition of Isaiah, Jeremiah, Amos, and Micah, doing what prophets have always done — indicting the religious establishment of his own people for corrupting the covenant. Jesus stands with Hosea 6:6, Isaiah 1, Amos 5, and Micah 6 in saying that God wants mercy and justice, not ritual and show. The lament at the end — Jerusalem, Jerusalem, how often I have longed to gather your children — is the grief underneath the rage. He is not disowning them. He is heartbroken. The Q source carries several of these woes (11:39b, 41-44, 47-51; 13:34-35), confirming they belong to the earliest layer of Jesus's teaching. He said all of this. In public. And they killed him for it within days.",Matthew 23:13-39 | Q 11:39b; Q 11:41–44; Q 11:47–51; Q 13:34–35,
1086,Y,Matthew,Matthew 24:2-35,"Do you see all these things? Truly I tell you, not one stone here will be left on another; everyone will be thrown down. Watch out that no one deceives you. For many will come in my name, claiming, ‘I am the Messiah,’ and will deceive many. You will hear of wars and rumors of wars, but see to it that you are not alarmed. Such things must happen, but the end is still to come. Nation will rise against nation, and kingdom against kingdom. There will be famines and earthquakes in various places. All these are the beginning of birth pains. Then you will be handed over to be persecuted and put to death, and you will be hated by all nations because of me. At that time many will turn away from the faith and will betray and hate each other, and many false prophets will appear and deceive many people. Because of the increase of wickedness, the love of most will grow cold, but the one who stands firm to the end will be saved. And this gospel of the kingdom will be preached in the whole world as a testimony to all nations, and then the end will come. So when you see standing in the holy place ‘the abomination that causes desolation,’ spoken of through the prophet Daniel – let the reader understand – then let those who are in Judea flee to the mountains. Let no one on the housetop go down to take anything out of the house. Let no one in the field go back to get their cloak. How dreadful it will be in those days for pregnant women and nursing mothers! Pray that your flight will not take place in winter or on the Sabbath. For then there will be great distress, unequaled from the beginning of the world until now – and never to be equaled again. If those days had not been cut short, no one would survive, but for the sake of the elect those days will be shortened. At that time if anyone says to you, ‘Look, here is the Messiah!’ or, ‘There he is!’ do not believe it. For false messiahs and false prophets will appear and perform great signs and wonders to deceive, if possible, even the elect. See, I have told you ahead of time. So if anyone tells you, ‘There he is, out in the wilderness,’ do not go out; or ‘Here he is, in the inner rooms,’ do not believe it. For as lightning that comes from the east is visible even in the west, so will be the coming of the Son of Man. Wherever there is a carcass, there the vultures will gather. Immediately after the distress of those days the sun will be darkened, and the moon will not give its light; the stars will fall from the sky, and the heavenly bodies will be shaken. Then will appear the sign of the Son of Man in heaven. And then all the peoples of the earth will mourn when they see the Son of Man coming on the clouds of heaven, with power and great glory. And he will send his angels with a loud trumpet call, and they will gather his elect from the four winds, from one end of the heavens to the other. Now learn this lesson from the fig tree: As soon as its twigs get tender and its leaves come out, you know that summer is near. Even so, when you see all these things, you will know that it is near, right at the door. Truly I tell you, this generation will certainly not pass away until all these things have happened. Heaven and earth will pass away, but my words will never pass away.”",Not One Stone,"Not one stone on another. The temple would fall — and did, in a generation. His words did not.","Jesus predicts the destruction of the temple and warns his followers to watch, endure, and not be deceived by false messiahs during the coming upheaval.","The disciples point out the temple's massive stones — Herod's rebuild was one of the wonders of the ancient world. Jesus tells them plainly that not one stone will be left on another. In 70 CE, forty years later, Titus's legions did exactly that. Jesus's prediction was not cosmic — it was political and precise. He had already read the trajectory. A corrupt temple leadership, a violent zealot movement, and an unforgiving Roman empire were on collision course, and the outcome was written on the wall for anyone paying attention. Most of what follows in the Olivet discourse is Jesus telling his followers how to survive that specific coming catastrophe. Flee to the mountains. Do not turn back for your cloak. Do not believe anyone who says ""here is the Messiah."" History records that the Jerusalem church did flee — to Pella, across the Jordan — before the siege, because they took him at his word.

Mixed into the historical prediction is apocalyptic language — sun darkened, stars falling, Son of Man on the clouds — that has been the source of two millennia of end-times speculation. Two things anchor the Jesus Way reading. First, Jesus says clearly: this generation will not pass away until all these things happen. He was talking about events his own listeners would live through, not events two thousand years later. Second, the apocalyptic imagery is the standard Jewish prophetic vocabulary for political catastrophe — Isaiah 13, Ezekiel 32, Joel 2 use identical language for the fall of Babylon and Egypt. What Jesus predicts here is the fall of the temple system and the birth pains of the new order — the kingdom present, spreading through the world by the way of love, not the way of empire. Heaven and earth will pass away, he says, but my words will not. Two thousand years later, the temple is gone and the words are still here. He was not wrong.","Matthew 24:2-35; Mark 13:2-31; Luke 21:6-36 | Thomas 41 | Q 12:8–12; Q 17:23–24; Q 17:26–30; Q 17:34–35, 37",
1086,N,Mark,Mark 13:2-31,"Do you see all these great buildings? Not one stone here will be left on another; everyone will be thrown down. Watch out that no one deceives you. Many will come in my name, claiming, ‘I am he,’ and will deceive many. When you hear of wars and rumors of wars, do not be alarmed. Such things must happen, but the end is still to come. Nation will rise against nation, and kingdom against kingdom. There will be earthquakes in various places, and famines. These are the beginning of birth pains. You must be on your guard. You will be handed over to the local councils and flogged in the synagogues. On account of me you will stand before governors and kings as witnesses to them. And the gospel must first be preached to all nations. Whenever you are arrested and brought to trial, do not worry beforehand about what to say. Just say whatever is given you at the time, for it is not you speaking, but the Holy Spirit. Brother will betray brother to death, and a father his child. Children will rebel against their parents and have them put to death. Everyone will hate you because of me, but the one who stands firm to the end will be saved. When you see ‘the abomination that causes desolation’ standing where it does not belong – let the reader understand – then let those who are in Judea flee to the mountains. Let no one on the housetop go down or enter he house to take anything out. Let no one in the field go back to get their cloak. How dreadful it will be in those days for pregnant women and nursing mothers! Pray that this will not take place in winter, because those will be days of distress unequaled from the beginning, when God created the world, until now – and never to be equaled again. If the Lord had not cut short those days, no one would survive. But for the sake of the elect, whom he has chosen, he has shortened them. At that time if anyone says to you, ‘Look, here is the Messiah!’ or, ‘Look, there he is!’ do not believe it. For false messiahs and false prophets will appear and perform signs and wonders to deceive, if possible, even the elect. So be on your guard; I have told you everything ahead of time. But in those days, following that distress, the sun will be darkened, and the moon will not give its light; the stars will fall from the sky, and the heavenly bodies will be shaken. At that time people will see the Son of Man coming in clouds with great power and glory. And he will send his angels and gather his elect from the four winds, from the ends of the earth to the ends of the heavens. Now learn this lesson from the fig tree: As soon as its twigs get tender and its leaves come out, you know that summer is near. Even so, when you see these things happening, you know that it is near, right at the door. Truly I tell you, this generation will certainly not pass away until all these things have happened. Heaven and earth will pass away, but my words will never pass away.”",Not One Stone,"Not one stone on another. The temple would fall — and did, in a generation. His words did not.","Jesus predicts the destruction of the temple and warns his followers to watch, endure, and not be deceived by false messiahs during the coming upheaval.","The disciples point out the temple's massive stones — Herod's rebuild was one of the wonders of the ancient world. Jesus tells them plainly that not one stone will be left on another. In 70 CE, forty years later, Titus's legions did exactly that. Jesus's prediction was not cosmic — it was political and precise. He had already read the trajectory. A corrupt temple leadership, a violent zealot movement, and an unforgiving Roman empire were on collision course, and the outcome was written on the wall for anyone paying attention. Most of what follows in the Olivet discourse is Jesus telling his followers how to survive that specific coming catastrophe. Flee to the mountains. Do not turn back for your cloak. Do not believe anyone who says ""here is the Messiah."" History records that the Jerusalem church did flee — to Pella, across the Jordan — before the siege, because they took him at his word.

Mixed into the historical prediction is apocalyptic language — sun darkened, stars falling, Son of Man on the clouds — that has been the source of two millennia of end-times speculation. Two things anchor the Jesus Way reading. First, Jesus says clearly: this generation will not pass away until all these things happen. He was talking about events his own listeners would live through, not events two thousand years later. Second, the apocalyptic imagery is the standard Jewish prophetic vocabulary for political catastrophe — Isaiah 13, Ezekiel 32, Joel 2 use identical language for the fall of Babylon and Egypt. What Jesus predicts here is the fall of the temple system and the birth pains of the new order — the kingdom present, spreading through the world by the way of love, not the way of empire. Heaven and earth will pass away, he says, but my words will not. Two thousand years later, the temple is gone and the words are still here. He was not wrong.","Matthew 24:2-35; Mark 13:2-31; Luke 21:6-36 | Thomas 41 | Q 12:8–12; Q 17:23–24; Q 17:26–30; Q 17:34–35, 37",
1086,N,Luke,Luke 21:6-36,"As for what you see here, the time will come when not one stone will be left on another; every one of them will be thrown down. Watch out that you are not deceived. For many will com in my name, claiming, ‘I am he,’ and, ‘The time is near.’ Do not follow them. When you hear of wars and uprisings, do not be frightened. These things must happen first, but the end will not come right away. Nation will rise against nation, and kingdom against kingdom. There will be great earthquakes, famines and pestilences in various places, and fearful events and great signs from heaven. But before all this, they will seize you and persecute you. They will hand you over to synagogues and put you in prison, and you will be brought before kings and governors, and all on account of my name. And so you will bear testimony to me. But make up your mind not to worry beforehand how you will defend yourselves. For I will give you words and wisdom that none of your adversaries will be able to resist or contradict. You will be betrayed even by parents, brothers and sisters, relatives and friends, and they will put some of you to death. Everyone will hate you because of me. But not a hair of your head will perish. Stand firm, and you will win life. When you see Jerusalem being surrounded by armies, you will know that its desolation is near. Then let those who are in Judea flee to the mountains, let those in the city get out, and let those in the country not enter the city. For this is the time of punishment in fulfillment of all that has been written. How dreadful it will be in those days for pregnant women and nursing mothers! There will be great distress in the land and wrath against this people. They will fall by the sword and will be taken as prisoners to all the nations. Jerusalem will be trampled on by the Gentiles until the time of the Gentiles are fulfilled. There will be signs in the sun, moon and stars. On the earth, nations will be in anguish and perplexity at the roaring and tossing of the sea. People will faint from terror, apprehensive of what is coming on the world, for the heavenly bodies will be shaken. At that time they will see the Son of Man coming in a cloud with power and great glory. When these things begin to take place, stand up and lift up your heads, because your redemption is drawing near. Look at the fig tree and all the trees. When they sprout leaves, you can see for yourselves and know that summer is near. Even so, when you see these things happening, you know that the kingdom of God is near. Truly I tell you, this generation will certainly not pass away until all these things have happened. Heaven and earth will pass away, but my words will never pass away. Be careful, or your hearts will be weighed down with carousing, drunkenness and the anxieties of life, and that day will close on you suddenly like a trap. For it will come on all those who live on the face of the whole earth. Be always on the watch, and pray that you may be able to escape all that is about to happen, and that you man be able to stand before the Son of Man.”",Not One Stone,"Not one stone on another. The temple would fall — and did, in a generation. His words did not.","Jesus predicts the destruction of the temple and warns his followers to watch, endure, and not be deceived by false messiahs during the coming upheaval.","The disciples point out the temple's massive stones — Herod's rebuild was one of the wonders of the ancient world. Jesus tells them plainly that not one stone will be left on another. In 70 CE, forty years later, Titus's legions did exactly that. Jesus's prediction was not cosmic — it was political and precise. He had already read the trajectory. A corrupt temple leadership, a violent zealot movement, and an unforgiving Roman empire were on collision course, and the outcome was written on the wall for anyone paying attention. Most of what follows in the Olivet discourse is Jesus telling his followers how to survive that specific coming catastrophe. Flee to the mountains. Do not turn back for your cloak. Do not believe anyone who says ""here is the Messiah."" History records that the Jerusalem church did flee — to Pella, across the Jordan — before the siege, because they took him at his word.

Mixed into the historical prediction is apocalyptic language — sun darkened, stars falling, Son of Man on the clouds — that has been the source of two millennia of end-times speculation. Two things anchor the Jesus Way reading. First, Jesus says clearly: this generation will not pass away until all these things happen. He was talking about events his own listeners would live through, not events two thousand years later. Second, the apocalyptic imagery is the standard Jewish prophetic vocabulary for political catastrophe — Isaiah 13, Ezekiel 32, Joel 2 use identical language for the fall of Babylon and Egypt. What Jesus predicts here is the fall of the temple system and the birth pains of the new order — the kingdom present, spreading through the world by the way of love, not the way of empire. Heaven and earth will pass away, he says, but my words will not. Two thousand years later, the temple is gone and the words are still here. He was not wrong.","Matthew 24:2-35; Mark 13:2-31; Luke 21:6-36 | Thomas 41 | Q 12:8–12; Q 17:23–24; Q 17:26–30; Q 17:34–35, 37",
1087,Y,Matthew,Matthew 24:36-51,"But about that day or hour no one knows, not even the angels in heaven, nor the Son, but only the Father. As it was in the days of Noah, so it will be at the coming of the Son of Man. For in the days before the flood, people were eating and drinking, marrying and giving in marriage, up to the day Noah entered the ark; and they knew nothing about what would happen until the flood came and took them all away. That is how it will be at the coming of the Son of Man. Two men will be in the field; one will be taken and the other left. Two women will be grinding with a hand mill; one will be taken and the other left. Therefore keep watch, because you do not know on what day your Lord will come. But understand this: If the owner of the house had known at what time of night the thief was coming, he would have kept watch and would not have let his house be broken into. So you also must be ready, because the Son of Man will come at an hour when you do not expect him. Who then is the faithful and wise servant, whom the master has put in charge of the servants in his household to give them their food at the proper time? It will be good for that servant whose master finds him doing so when he returns. Truly I tell you, he will put him in charge of all his possessions. But suppose that servant is wicked and says to himself, ‘My master is staying away a long time,’ and he then begins to beat his fellow servants and to eat and drink with drunkards. The master of that servant will come on a day when he does not expect him and at an hour he is not aware of. He will cut him to pieces and assign him a place with the hypocrites, where there will be weeping and gnashing of teeth.”",The Day and Hour Unknown,Not even the Son knows the hour. So stop calculating and start living ready.,"No one knows when the reckoning comes, so live now the way you would want to be found living.","Jesus refuses to give a timeline. Not even to himself. Every generation since has tried to override him — charts, dates, decoded prophecies, end-times bestsellers — and every generation has been wrong. The point of the teaching is not to solve the puzzle. It is to stop treating readiness as something you can postpone until the signs get clearer. The householder in the parable does not fail because he missed a prediction. He fails because he assumed he had time, and used that assumed time to abuse the people around him and gratify himself.

Watchfulness in the Jesus Way is not scanning the sky. It is the faithful servant ""giving them their food at the proper time"" — feeding the people you were placed among. The Son of Man returning is described in the language of Daniel 7:13, a bar enasha figure vindicated before God, and the earliest Jesus community read it as their own vindication in a corrupt age. Whether the day comes tomorrow or a thousand years out, the instruction is the same. Live now as if the master is at the door — because in the Jesus reading, he already is, and the kingdom you keep waiting for is the one you keep refusing to embody.","Matthew 24:36-51; Mark 13:32-37 | Thomas 21, 103 | Q 12:39–40; Q 12:42–46; Q 13:24–27; Q 17:23–24; Q 17:26–30; Q 17:34–35, 37",
1087,N,Mark,Mark 13:32-37,"But about that day or hour no one knows, not even the angels in heaven, nor the Son, but only the Father. Be on guard! Be alert! You do not know when that time will come. It’s like a man going away: He leaves his house and puts his servants in charge, each with their assigned task, and tells the one at the door to keep watch. Therefore keep watch because you do not know when the owner of the house will come back – whether in the evening, or at midnight, or when the rooster crows, or at dawn. If he comes suddenly, do not let him find you sleeping. What I say to you, I say to everyone: ‘Watch!’”",The Day and Hour Unknown,Not even the Son knows the hour. So stop calculating and start living ready.,"No one knows when the reckoning comes, so live now the way you would want to be found living.","Jesus refuses to give a timeline. Not even to himself. Every generation since has tried to override him — charts, dates, decoded prophecies, end-times bestsellers — and every generation has been wrong. The point of the teaching is not to solve the puzzle. It is to stop treating readiness as something you can postpone until the signs get clearer. The householder in the parable does not fail because he missed a prediction. He fails because he assumed he had time, and used that assumed time to abuse the people around him and gratify himself.

Watchfulness in the Jesus Way is not scanning the sky. It is the faithful servant ""giving them their food at the proper time"" — feeding the people you were placed among. The Son of Man returning is described in the language of Daniel 7:13, a bar enasha figure vindicated before God, and the earliest Jesus community read it as their own vindication in a corrupt age. Whether the day comes tomorrow or a thousand years out, the instruction is the same. Live now as if the master is at the door — because in the Jesus reading, he already is, and the kingdom you keep waiting for is the one you keep refusing to embody.","Matthew 24:36-51; Mark 13:32-37 | Thomas 21, 103 | Q 12:39–40; Q 12:42–46; Q 13:24–27; Q 17:23–24; Q 17:26–30; Q 17:34–35, 37",
1088,Y,Matthew,Matthew 25:1-13,"At that time the kingdom of heaven will be like ten virgins who took their lamps and went out to meet the bridegroom. Five of them were foolish and five were wise. The foolish ones took their lamps but did not take any oil with them. The wise ones, however, took oil in jars along with their lamps. The bridegroom was a long time in coming, and they all became drowsy and fell asleep. At midnight they cry rang out: ‘Here’s the bridegroom! Come out to meet him!’ Then all the virgins woke up and trimmed their lamps. The foolish ones said to the wise, ‘Give us some of your oil; our lamps are going out.’ ‘No’ they replied, ‘there may not be enough for both us and you. Instead, go to those who sell oil and buy some for yourselves.’ But while they were on their way to buy the oil, the bridegroom arrived. The virgins who were ready went in with him to the wedding banquet. And the door was shut. Later the others also came. “Lord, Lord,’ they said, ‘open the door for us!’ But he replied, ‘Truly I tell you, I don’t know you.’ Therefore, keep watch, because you do not know the day or the hour.”",Ten Virgins,"You cannot borrow someone else's oil at midnight. What you did not cultivate, you cannot suddenly have.",Some things cannot be borrowed at the last moment — you either carry them already or you do not.,"Five women brought oil. Five did not. When the bridegroom arrived, the ones who had prepared went in, and the ones who had not could not catch up. The teaching is uncomfortable because it names something real about the inner life. Character, love, the transformed heart — none of it can be produced on demand. You cannot decide, at the moment the door is about to close, to suddenly become a person who has spent years cultivating patience, honesty, forgiveness, compassion. That oil is either in your jar or it is not.

The closing line — ""I do not know you"" — echoes the warning in Matthew 7:21-23, where the ones crying ""Lord, Lord"" are turned away because they never actually did the will of the Father. Same teaching. Belonging is not badge, creed, or last-minute confession. It is a lived orientation the bridegroom recognizes when he sees it. Paul's confess-and-be-saved formula (Rom 10:9) does not sit easily beside this parable. Jesus never told the foolish virgins to try harder to believe. He told them, in effect, that lamps without oil light nothing, and knowing him is not the same as running toward him only when the party is already inside.",Matthew 25:1-13 | Q 12:39–40; Q 13:24–27,
1089,Y,Matthew,Matthew 25:14-30,"Again, it will be like a man going on a journey, who called his servants and entrusted his wealth to them. To one he gave five bags of gold, to another two bags, and to another one bag, each according to his ability. Then he went on his journey. The man who had received five bags of gold went at once and put his money to work and gained five bags more. So also, the one with two bags of gold gained two more. But the man who had received one bag went off, dug a hole in the ground and hid his master’s money. After a long time the master of those servants returned and settled accounts with them. The man who had received five bags of gold brought the other five. ‘Master,’ he said, ‘you entrusted me with five bags of gold. See, I have gained five more.’ His master replied, ‘Well done, good and faithful servant! You have been faithful with a few things; I will put you in charge of many things. Come and share your master’s happiness!’ The man with two bags of gold also came. ‘Master,’ he said, ‘you entrusted me with two bags of gold; see, I have gained two more.’ His master replied, ‘Well done, good and faithful servant! You have been faithful with a few things; I will put you in charge of many things. Come and share your master’s happiness!’ Then the man who had received one bag of gold came. ‘Master,’ he said, ‘I knew that you are a hard man, harvesting where you have not sown and gathering where you have not scattered seed.’ So I was afraid and went out and hid your gold in the ground. See, here is what belongs to you. His master replied, ‘You wicked, and lazy servant! So you knew that I harvest where I have not sown and gather where I have not scattered seed?’ Well then, you should have put my money on deposit with the bankers, so that when I returned I would have received it back with interest. So take the bag of gold from him and give it to the one who has ten bags. For whoever has will be given more, and they will have an abundance. Whoever does not have, even what they have will be taken from them. And throw that worthless servant outside, into the darkness, where there will be weeping and gnashing of teeth.”",Bags of Gold,What you were given was never yours to bury. Fear is not stewardship. It is theft.,"Whatever life entrusts to you is meant to be risked and multiplied, not buried in fear.","Three servants. Three different starting amounts. Two of them go out and put the gift to work. One buries his in the dirt because he is afraid of the master. The parable is often read as being about money. It is not. It is about anything you were given — capacity, insight, love, healing, voice, time, opportunity to serve — and what you did with it. The one who is condemned is not condemned for losing money. He is condemned for a paralysis rooted in fear, and for handing the master back exactly what he was given, untouched.

There is a line in this parable that people often miss: ""each according to his ability."" The gift is proportioned. No one is asked to produce what they were never equipped to produce. What is asked is that you use what you actually have. The Jesus Way is not passive belief; it is active demonstration. James says it plainly — faith without works is dead (Jas 2:17). *Pistis* is trust that shows up in what you do with your days. Thomas 41 preserves the same paradox: to the one who has, more will be given; from the one who has nothing, even what they have will be taken. Life gets built on itself. Fear does not preserve. Fear buries.","Matthew 25:14-30 | Thomas 41 | Q 12:39–40; Q 19:12–13; Q 19:15–24, 26",
1090,Y,Matthew,Matthew 25:31-46,"When the Son of Man comes in his glory, and all the angels with him, he will sit on his glorious throne. All the nations will be gathered before him, and he will separate the people one from another as a shepherd separates the sheep from the goats. He will put the sheep on his right and the goats on his left. Then the King will say to those on his right, ‘Come, you who are blessed by my Father; take your inheritance, the kingdom prepared for you since the creation of the world.’ For I was hungry, and you gave me something to eat, I was thirsty and you gave me something to drink, I was a stranger and you invited me in. I needed clothes and you clothed me, I was sick and you looked after me, I was in prison and you came to visit me. Then the righteous will answer him, ‘Lord, when did we see you hungry and feed you, or thirsty and give you something to drink?’ When did we see you a stranger and invite you in, or needing clothes and clothe you? When did we see you sick or in prison and go visit you?’ The King will reply, ‘Truly I tell you, whatever you did for one of the least of these brothers and sisters of mine, you did for me.’ Then he will say to those on his left, ‘Depart from me, you who are cursed, into the eternal fire prepared for the devil and his angels. For I was hungry and you gave me nothing to eat, I was thirsty and you gave me nothing to drink. I was a stranger and you did not invite me in, I needed clothes and you did not clothe me, I was sick and in prison and you did not look after me.’ They also will answer, ‘Lord, when did we see you hungry or thirsty or a stranger or needing clothes or sick or in prison, and did not help you?’ He will reply, ‘Truly I tell you, whatever you did not do for one of the least of these, you did not do for me.’ Then they will go away to eternal punishment, but the righteous to eternal life.”",Sheep and Goats,"The final exam is not doctrinal. It is one question. Did you feed the hungry, clothe the stranger, visit the imprisoned?","You are judged by how you treated the least, because how you treated them is how you treated God.","This is the only judgment scene Jesus ever describes in detail. There is no interrogation about beliefs, no test of creed, no question about whether the sheep prayed the right prayer or the goats confessed the right formula. There is one criterion, repeated four times so nobody misses it. Did you feed the hungry. Did you give the thirsty a drink. Did you welcome the stranger, clothe the naked, care for the sick, visit the prisoner. That is the exam. Both groups are surprised by the verdict, which tells you the doers were not doing it to earn anything, and the non-doers had rationalized their neglect so well they did not even know they had failed.

The hinge is verse 40: whatever you did to one of the least of these, you did to me. This is the same reciprocity Jesus taught everywhere — the measure you give is the measure you get (Lk 6:38), do to others as you would have them do to you (Mt 7:12) — now stretched to its ultimate reach. Christ is in the hungry stranger. Ignore the stranger and you have ignored Christ, whatever your theology says. Paul's salvation-by-belief formula (Rom 10:9) cannot be reconciled with this scene. Jesus says the nations are separated by their works. ""Least of these"" — *elachistos* — is Jesus's own community, the Ebionim, the poor ones. Serving them was the door.",Matthew 25:31-46,
1091,Y,Matthew,Matthew 26:2,"As you know, the Passover is two days away – and the Son of Man will be handed over to be crucified.”",Two Days to Passover,He walks toward it with eyes open. No rescue plan. No last-minute exit. Just the road.,Jesus names his own death two days out and does not flinch from what love costs.,"One sentence, delivered as fact. The Passover is coming, and the Son of Man will be handed over. There is no drama in it, no plea for pity, no attempt to organize an escape. It is the same clear-eyed stance he has taken since Caesarea Philippi, when he first told the disciples what was about to happen and Peter tried to talk him out of it. Jesus is not a victim being overtaken by events. He sees exactly where the road leads and keeps walking.

The timing matters. Passover is the festival of the exodus — of God freeing an enslaved people from an oppressive empire. Jesus times his final confrontation with the temple establishment to that exact festival, with hundreds of thousands of pilgrims flooding Jerusalem. He is not being handed over by accident. He has walked, deliberately, into the one place and the one week where his message about the corrupt sacrificial economy will be most publicly, most unavoidably heard. In the Jesus Way reading, the crucifixion is not the mechanism by which God is paid off. It is the price a prophet pays for confronting a system that could not tolerate what he was saying — and Jesus knew it, two days out.",Matthew 26:2,
1092,Y,Matthew,Matthew 26:10-13,"Why are you bothering this woman? She has done a beautiful thing to me. The poor you will always have with you, but you will not always have me. When she poured this perfume on my body, she did it to prepare me for burial. Truly I tell you, wherever this gospel is preached throughout the world, what she has done will also be told, in memory of her.”",The Woman with the Perfume,A woman poured out something extravagant. The men called it waste. Jesus called it burial.,"Extravagant love is never wasted, even when the practical people in the room cannot see what it is doing.","The disciples do the math. That perfume was worth a year's wages. It could have fed the poor. And on any other day, in almost any other setting, they would have been right — Jesus's whole ministry has argued for exactly that priority. But he stops them. Not because the poor do not matter. Because she is doing something the disciples cannot see. She is anointing him for burial. She has perceived, days before any of the twelve, that he is walking toward his death, and she has answered with the only thing she had — everything she had.

Jesus's line ""the poor you will always have with you"" is often misused to excuse indifference. It is a quotation of Deuteronomy 15:11, which continues: ""therefore I command you, open wide your hand to your brother."" Jesus is not cancelling concern for the poor; he is invoking the verse the disciples all knew. He is naming a moment — this moment, this one act by this woman — that cannot be repeated. In Matthew and Mark she is unnamed; John identifies her as Mary of Bethany. Jesus promises she will be remembered wherever the gospel is preached, and she is — a woman perceiving him more clearly than the twelve did, and honoured for it.",Matthew 26:10-13; John 12:7-8,
1092,N,John,John 12:7-8,"Leave her alone, it was intended that she should save this perfume for the day of my burial. You will always have the poor among you, but you will not always have me.”",The Woman with the Perfume,A woman poured out something extravagant. The men called it waste. Jesus called it burial.,"Extravagant love is never wasted, even when the practical people in the room cannot see what it is doing.","The disciples do the math. That perfume was worth a year's wages. It could have fed the poor. And on any other day, in almost any other setting, they would have been right — Jesus's whole ministry has argued for exactly that priority. But he stops them. Not because the poor do not matter. Because she is doing something the disciples cannot see. She is anointing him for burial. She has perceived, days before any of the twelve, that he is walking toward his death, and she has answered with the only thing she had — everything she had.

Jesus's line ""the poor you will always have with you"" is often misused to excuse indifference. It is a quotation of Deuteronomy 15:11, which continues: ""therefore I command you, open wide your hand to your brother."" Jesus is not cancelling concern for the poor; he is invoking the verse the disciples all knew. He is naming a moment — this moment, this one act by this woman — that cannot be repeated. In Matthew and Mark she is unnamed; John identifies her as Mary of Bethany. Jesus promises she will be remembered wherever the gospel is preached, and she is — a woman perceiving him more clearly than the twelve did, and honoured for it.",Matthew 26:10-13; John 12:7-8,
1093,Y,Matthew,Matthew 26:18-29,"Go into the city to a certain man and tell him, ‘The Teacher says: My appointed time is near. I am going to celebrate the Passover with my disciples at your house.’ Truly I tell you, one of you will betray me. The one who has dipped his hand into the bowl with me will betray me. The Son of Man will go just as it is written about him. But woe to that man who betrays the Son of Man! It would be better for him if he had not been born. You have said so. Take and eat; this is my body. Drink from it, all of you. This is my blood of the covenant, which is poured out for many for the forgiveness of sins. I tell you, I will not drink from this fruit of the vine from now on until that day when I drink it new with you in my Father’s kingdom.”",The Last Supper,"The greatest is the one who serves. The teacher washes the feet. This is the whole shape of the kingdom, in one meal.","In his final meal Jesus fuses Passover with a new covenant of service, where greatness is measured by who serves the table.","It is Passover — the festival of liberation from empire — and Jesus is turning it into something more. He takes bread, breaks it, gives it. Takes the cup, blesses it, shares it. Then he says a line that echoes Jeremiah 31:31: the new covenant. The Nazarene community he came out of was already living inside that expectation — a covenant written on the heart, not the scroll — and Jesus locates his own life and death squarely inside it. In Luke, the shape of that covenant becomes concrete at the table itself. The kings of the Gentiles lord it over others. You are not to be like that. The greatest is the one who serves.

That single sentence overturns every hierarchy the disciples were still trying to construct. They had spent the road arguing about who was greatest. Jesus, hours from arrest, is on his knees with a towel (Jn 13). The Nazarene / Ebionim community organised itself this way — no lords, no hierarchy, communal goods, prayer instead of sacrifice. Later Christian theology built an elaborate blood-sacrifice reading onto ""this is my blood"" that Jesus himself never expounds. The prophets said God does not want blood (Hos 6:6; Isa 1:11; Ps 40:6). What Jesus is inaugurating at this table is not a substitute sacrifice. It is a covenant community, remembered every time bread is broken and shared.

The Gospel of the Ebionites carries a striking variant of this moment: *Do I desire with desire at this Passover to eat flesh with you?* (Epiphanius, *Panarion* 30.22.4). Luke 22:15 preserves the same Semitic construction — *with desire I have desired* — but reversed. The Ebionite Jesus is asking whether he wants meat at all. Read alongside their teaching that God abolished the sacrifices, the variant is not a corruption but a signature: the Nazarene-Ebionite community that traced its lineage to James kept a Jesus who ate no flesh at the last Passover, because the whole sacrificial economy — Temple lamb included — was what he had come to end.",Matthew 26:18-29; Luke 22:8-38 | Ebionites Panarion 30.22.4,
1093,N,Luke,Luke 22:8-38,"Go and make preparations for us to eat the Passover. As you enter the city, a man carrying a jar of water will meet you. Follow him to the house that he enters, and say to the owner of the house, ‘The Teacher asks: Where is the guest room, where I may eat the Passover with my disciples?’ He will show you a large room upstairs, all furnished. Make preparations there. I have eagerly desired to eat this Passover with you before I suffer. For I tell you, I will not eat it again until it finds fulfillment in the kingdom of God. Take this and divide it among you. For I tell you I will not drink again from the fruit of the vine until the kingdom of God comes. This is my body given for you; do this in remembrance of me. This cup is the new covenant in my blood, which is poured out for you. But the hand of him who is going to betray me is with mine on the table. The Son of Man will go as it has been decreed. But woe to that man who betrays him! The kings of the Gentiles lord it over them; and those who exercise authority over them call themselves Benefactors. But you are not to be like that. Instead, the greatest among you should be like the youngest, and the one who rules like the one who serves. For who is greater, the one who is at the table or the one who serves? Is it not the one who is at the table? But I am among you as one who serves. You are those who have stood by me in my trials. And I confer on you a kingdom, just as my Father conferred one on me, so that you may eat and drink at my table in my kingdom and sit on thrones, judging the twelve tribes of Israel. Simon, Simon, Satan has asked to sift all of you as wheat. But I have prayed for you, Simon, that your faith may not fail. And when you have turned back, strengthen your brothers. I tell you, Peter, before the rooster crows today, you will deny three times that you know me. When I sent you without purse, bag or sandals, did you lack anything? But now if you have a purse, take it, and also a bag; and if you don’t have a sword, sell your cloak and buy one. It is written: ‘And he was numbered with the transgressors’; and I tell you that this must be fulfilled in me. Yes, what is written about me is reaching its fulfillment. That’s enough!”",The Last Supper,"The greatest is the one who serves. The teacher washes the feet. This is the whole shape of the kingdom, in one meal.","In his final meal Jesus fuses Passover with a new covenant of service, where greatness is measured by who serves the table.","It is Passover — the festival of liberation from empire — and Jesus is turning it into something more. He takes bread, breaks it, gives it. Takes the cup, blesses it, shares it. Then he says a line that echoes Jeremiah 31:31: the new covenant. The Nazarene community he came out of was already living inside that expectation — a covenant written on the heart, not the scroll — and Jesus locates his own life and death squarely inside it. In Luke, the shape of that covenant becomes concrete at the table itself. The kings of the Gentiles lord it over others. You are not to be like that. The greatest is the one who serves.

That single sentence overturns every hierarchy the disciples were still trying to construct. They had spent the road arguing about who was greatest. Jesus, hours from arrest, is on his knees with a towel (Jn 13). The Nazarene / Ebionim community organised itself this way — no lords, no hierarchy, communal goods, prayer instead of sacrifice. Later Christian theology built an elaborate blood-sacrifice reading onto ""this is my blood"" that Jesus himself never expounds. The prophets said God does not want blood (Hos 6:6; Isa 1:11; Ps 40:6). What Jesus is inaugurating at this table is not a substitute sacrifice. It is a covenant community, remembered every time bread is broken and shared.

The Gospel of the Ebionites carries a striking variant of this moment: *Do I desire with desire at this Passover to eat flesh with you?* (Epiphanius, *Panarion* 30.22.4). Luke 22:15 preserves the same Semitic construction — *with desire I have desired* — but reversed. The Ebionite Jesus is asking whether he wants meat at all. Read alongside their teaching that God abolished the sacrifices, the variant is not a corruption but a signature: the Nazarene-Ebionite community that traced its lineage to James kept a Jesus who ate no flesh at the last Passover, because the whole sacrificial economy — Temple lamb included — was what he had come to end.",Matthew 26:18-29; Luke 22:8-38 | Ebionites Panarion 30.22.4,
1093,N,Ebionites,Gospel of the Ebionites (Panarion 30.22.4),Do I desire with desire at this Passover to eat flesh with you?,The Last Supper,"The greatest is the one who serves. The teacher washes the feet. This is the whole shape of the kingdom, in one meal.","In his final meal Jesus fuses Passover with a new covenant of service, where greatness is measured by who serves the table.","It is Passover — the festival of liberation from empire — and Jesus is turning it into something more. He takes bread, breaks it, gives it. Takes the cup, blesses it, shares it. Then he says a line that echoes Jeremiah 31:31: the new covenant. The Nazarene community he came out of was already living inside that expectation — a covenant written on the heart, not the scroll — and Jesus locates his own life and death squarely inside it. In Luke, the shape of that covenant becomes concrete at the table itself. The kings of the Gentiles lord it over others. You are not to be like that. The greatest is the one who serves.

That single sentence overturns every hierarchy the disciples were still trying to construct. They had spent the road arguing about who was greatest. Jesus, hours from arrest, is on his knees with a towel (Jn 13). The Nazarene / Ebionim community organised itself this way — no lords, no hierarchy, communal goods, prayer instead of sacrifice. Later Christian theology built an elaborate blood-sacrifice reading onto ""this is my blood"" that Jesus himself never expounds. The prophets said God does not want blood (Hos 6:6; Isa 1:11; Ps 40:6). What Jesus is inaugurating at this table is not a substitute sacrifice. It is a covenant community, remembered every time bread is broken and shared.

The Gospel of the Ebionites carries a striking variant of this moment: *Do I desire with desire at this Passover to eat flesh with you?* (Epiphanius, *Panarion* 30.22.4). Luke 22:15 preserves the same Semitic construction — *with desire I have desired* — but reversed. The Ebionite Jesus is asking whether he wants meat at all. Read alongside their teaching that God abolished the sacrifices, the variant is not a corruption but a signature: the Nazarene-Ebionite community that traced its lineage to James kept a Jesus who ate no flesh at the last Passover, because the whole sacrificial economy — Temple lamb included — was what he had come to end.",Matthew 26:18-29; Luke 22:8-38,"Epiphanius, Panarion 30.22.4"
1094,Y,Matthew,Matthew 26:31-34,"This very night you will all fall away on account of me, for it is written: ‘I will strike the shepherd, and the sheep of the flock will be scattered.’ But after I have risen, I will go ahead of you into Galilee. Truly I tell you, this very night, before the rooster crows, you will disown me three times.”",Before the Rooster Crows,The stone the builders reject is the one who fails and comes back. Even Peter did not survive that night.,"Jesus tells Peter he will collapse before dawn, and even so entrusts him with the community that will follow.","Peter swears he will never fall away. Jesus knows better. Before the rooster crows you will disown me three times. It happens exactly as predicted. What makes the scene remarkable is not the failure — everyone in the story fails that night — but what Jesus does with the knowledge in advance. He does not disqualify Peter. In Luke he prays for him, tells him that when he has turned back, he is to strengthen his brothers. The stumbling is not the end. It is written into the story.

John's version drops in something the synoptics do not: a new command. Love one another as I have loved you; by this everyone will know you are my disciples. It is placed at the moment of maximum failure — a betrayal, a denial, and abandonment already in motion — and it is the marker Jesus chooses for his community. Not creed. Not signs. Not a claim about his nature. Love among the disciples. The quotation Jesus uses of himself — ""I will strike the shepherd, and the sheep will be scattered"" — is Zechariah 13:7. He has read his own arrest into that prophecy. The scattering was expected. So was the regathering.",Matthew 26:31-34; Mark 14:27-30; John 13:31-38,
1094,N,Mark,Mark 14:27-30,"You will all fall away, for it is written: ‘I will strike the shepherd, and the sheep will be scattered.’ But after I have risen, I will go ahead of you into Galilee. Truly I tell you, today – yes, tonight – before the rooster crows twice you yourself will disown me three times.”",Before the Rooster Crows,The stone the builders reject is the one who fails and comes back. Even Peter did not survive that night.,"Jesus tells Peter he will collapse before dawn, and even so entrusts him with the community that will follow.","Peter swears he will never fall away. Jesus knows better. Before the rooster crows you will disown me three times. It happens exactly as predicted. What makes the scene remarkable is not the failure — everyone in the story fails that night — but what Jesus does with the knowledge in advance. He does not disqualify Peter. In Luke he prays for him, tells him that when he has turned back, he is to strengthen his brothers. The stumbling is not the end. It is written into the story.

John's version drops in something the synoptics do not: a new command. Love one another as I have loved you; by this everyone will know you are my disciples. It is placed at the moment of maximum failure — a betrayal, a denial, and abandonment already in motion — and it is the marker Jesus chooses for his community. Not creed. Not signs. Not a claim about his nature. Love among the disciples. The quotation Jesus uses of himself — ""I will strike the shepherd, and the sheep will be scattered"" — is Zechariah 13:7. He has read his own arrest into that prophecy. The scattering was expected. So was the regathering.",Matthew 26:31-34; Mark 14:27-30; John 13:31-38,
1094,N,John,John 13:31-38,"Now the Son of Man is glorified, and God is glorified in him. If God is glorified in him, God will glorify the Son in himself, and will glorify him at once. My children, I will be with you only a little longer. You will look for me, and just as I told the Jews, so I tell you now: Where I am going, you cannot come. A new command I give you: Love one another. As I have loved you, so you must love one another. By this everyone will know that you are my disciples, if you love one another. Where I am going, you cannot follow now, but you will follow later. Will you really lay down your life for me? Very truly I tell you, before the rooster crows, you will deny me three times!”",Before the Rooster Crows,The stone the builders reject is the one who fails and comes back. Even Peter did not survive that night.,"Jesus tells Peter he will collapse before dawn, and even so entrusts him with the community that will follow.","Peter swears he will never fall away. Jesus knows better. Before the rooster crows you will disown me three times. It happens exactly as predicted. What makes the scene remarkable is not the failure — everyone in the story fails that night — but what Jesus does with the knowledge in advance. He does not disqualify Peter. In Luke he prays for him, tells him that when he has turned back, he is to strengthen his brothers. The stumbling is not the end. It is written into the story.

John's version drops in something the synoptics do not: a new command. Love one another as I have loved you; by this everyone will know you are my disciples. It is placed at the moment of maximum failure — a betrayal, a denial, and abandonment already in motion — and it is the marker Jesus chooses for his community. Not creed. Not signs. Not a claim about his nature. Love among the disciples. The quotation Jesus uses of himself — ""I will strike the shepherd, and the sheep will be scattered"" — is Zechariah 13:7. He has read his own arrest into that prophecy. The scattering was expected. So was the regathering.",Matthew 26:31-34; Mark 14:27-30; John 13:31-38,
1095,Y,Matthew,Matthew 26:36-46,"Sit here while I go over there and pray. My soul is overwhelmed with sorrow to the point of death. Stay here and keep watch with me. My Father, if it is possible, may this cup be taken from me. Yet not as I will, but as you will. Couldn’t you men keep watch with me for one hour? Watch and pray so that you will not fall into temptation. The spirit is willing, but the flesh is weak. My Father, if it is not possible for this cup to be taken away unless I drink it, may your will be done. Are you still sleeping and resting? Look, the hour has come, and the Son of Man is delivered into the hands of sinners. Rise! Let us go! Here comes my betrayer!”",Gethsemane,"""Not what I will, but what you will."" This is the whole spiritual life in one sentence.","Jesus prays for the cup to pass and then surrenders his own will to the Father's, showing the shape of trust under pressure.","Jesus is terrified. Mark says he was distressed and troubled; Matthew says his soul was overwhelmed with sorrow to the point of death. The people who later doctrine turned into an unmoved deity is here on the ground, sweating, asking three times if there is any other way. This is the human one, *bar enasha*, meeting what is coming. And then the pivot. Not my will, but yours. In Mark he uses the Aramaic — *Abba*, Father. The word a small child uses. The most intimate name for God he has.

Everything Jesus has taught converges on this prayer. Deny yourself (Mt 16:24). Lose your *psyche* to find it (Mt 10:39). The narrow gate is the one where you release your own agenda and align with God's. Here he lives it in the extreme case, at his own execution. And the instruction to the disciples is exactly the same as everywhere else: watch and pray so you will not fall into temptation. The spirit is willing, the flesh is weak — a line that echoes 1QS's two-spirits framework — the community's teaching that truth and perversity war within every human being, from the community Jesus came out of. Gethsemane is not Jesus wavering. It is Jesus showing what surrender under pressure actually looks like.",Matthew 26:36-46; Mark 14:32-42,
1095,N,Mark,Mark 14:32-42,"Sit here while I pray. My soul is overwhelmed, with sorrow to the point of death. Stay here and keep watch. “ Abba, Father, everything is possible for you. Take this cup from me. Yet not what I will, but what you will. Simon, are you asleep? Couldn’t you keep watch for one hour? Watch and pray so that you will not fall into temptation. The spirit is willing, but the flesh is weak. Are you still sleeping and resting? Enough! The hour has come. Look, the Son of Man is delivered into the hands of sinners. Rise! Let us go! Here comes my betrayer!”",Gethsemane,"""Not what I will, but what you will."" This is the whole spiritual life in one sentence.","Jesus prays for the cup to pass and then surrenders his own will to the Father's, showing the shape of trust under pressure.","Jesus is terrified. Mark says he was distressed and troubled; Matthew says his soul was overwhelmed with sorrow to the point of death. The people who later doctrine turned into an unmoved deity is here on the ground, sweating, asking three times if there is any other way. This is the human one, *bar enasha*, meeting what is coming. And then the pivot. Not my will, but yours. In Mark he uses the Aramaic — *Abba*, Father. The word a small child uses. The most intimate name for God he has.

Everything Jesus has taught converges on this prayer. Deny yourself (Mt 16:24). Lose your *psyche* to find it (Mt 10:39). The narrow gate is the one where you release your own agenda and align with God's. Here he lives it in the extreme case, at his own execution. And the instruction to the disciples is exactly the same as everywhere else: watch and pray so you will not fall into temptation. The spirit is willing, the flesh is weak — a line that echoes 1QS's two-spirits framework — the community's teaching that truth and perversity war within every human being, from the community Jesus came out of. Gethsemane is not Jesus wavering. It is Jesus showing what surrender under pressure actually looks like.",Matthew 26:36-46; Mark 14:32-42,
1096,Y,Matthew,Matthew 26:50-56,"Do what you came for, friend. Put your sword back in its place, for all who draw the sword will die by the sword. Do you think I cannot call on my Father, and he will at once put at my disposal more than twelve legions of angels? But how then would the Scriptures be fulfilled that say it must happen in this way? Am I leading a rebellion, that you have come out with swords and clubs to capture me? Every day I sat in the temple courts teaching, and you did not arrest me. But this has all taken place that the writings of the prophets might be fulfilled.”",Put Your Sword Back,The one who takes up the sword dies by the sword. Jesus's last free act is to disarm his own defender.,"Faced with arrest and violence, Jesus refuses armed resistance and heals the man his disciple wounded.","This is the moment the whole non-violence teaching of the Sermon on the Mount is put to the test in real time. Love your enemies. Do not resist an evil person. If someone strikes you on the cheek, offer the other. It is one thing to teach it in the abstract, on a hillside, to people not currently in danger. It is another when the swords are drawn and the mob is at the door and one of your own disciples has just drawn blood. Jesus stops him. Puts the sword back. All who draw the sword will die by the sword. In Luke, he touches the wounded man and heals him — the very last healing he performs before dying.

The temptation to call down twelve legions of angels — over 72,000 armed beings — is real. He could. He does not. And notice how he frames the arrest: you have come out with swords and clubs as if I am leading a rebellion, but I sat in the temple courts every day teaching, and you did not touch me. He is naming their cowardice and their false framing at the same moment. The Nazarene community was non-violent to the point of refusing the fight against Rome (which the Zealots demanded). Jesus dies inside that commitment. He does not defend himself. He does not let others defend him. The kingdom does not spread by the sword. It never has.",Matthew 26:50-56; Mark 14:48-49; Luke 22:48-53; John 18:4-11,
1096,N,Mark,Mark 14:48-49,"Am I leading a rebellion, that you have come out with swords and clubs to capture me? Every day I was with you, teaching in the temple courts, and you did not arrest me. But the Scriptures must be fulfilled.”",Put Your Sword Back,The one who takes up the sword dies by the sword. Jesus's last free act is to disarm his own defender.,"Faced with arrest and violence, Jesus refuses armed resistance and heals the man his disciple wounded.","This is the moment the whole non-violence teaching of the Sermon on the Mount is put to the test in real time. Love your enemies. Do not resist an evil person. If someone strikes you on the cheek, offer the other. It is one thing to teach it in the abstract, on a hillside, to people not currently in danger. It is another when the swords are drawn and the mob is at the door and one of your own disciples has just drawn blood. Jesus stops him. Puts the sword back. All who draw the sword will die by the sword. In Luke, he touches the wounded man and heals him — the very last healing he performs before dying.

The temptation to call down twelve legions of angels — over 72,000 armed beings — is real. He could. He does not. And notice how he frames the arrest: you have come out with swords and clubs as if I am leading a rebellion, but I sat in the temple courts every day teaching, and you did not touch me. He is naming their cowardice and their false framing at the same moment. The Nazarene community was non-violent to the point of refusing the fight against Rome (which the Zealots demanded). Jesus dies inside that commitment. He does not defend himself. He does not let others defend him. The kingdom does not spread by the sword. It never has.",Matthew 26:50-56; Mark 14:48-49; Luke 22:48-53; John 18:4-11,
1096,N,Luke,Luke 22:48-53,"Judas, are you betraying the Son of Man with a kiss? No more of this! Am I leading a rebellion, that you have come with swords and clubs? Every day I was with you in the temple courts, and you did not lay a hand on me. But this is your hour – when darkness reigns.”",Put Your Sword Back,The one who takes up the sword dies by the sword. Jesus's last free act is to disarm his own defender.,"Faced with arrest and violence, Jesus refuses armed resistance and heals the man his disciple wounded.","This is the moment the whole non-violence teaching of the Sermon on the Mount is put to the test in real time. Love your enemies. Do not resist an evil person. If someone strikes you on the cheek, offer the other. It is one thing to teach it in the abstract, on a hillside, to people not currently in danger. It is another when the swords are drawn and the mob is at the door and one of your own disciples has just drawn blood. Jesus stops him. Puts the sword back. All who draw the sword will die by the sword. In Luke, he touches the wounded man and heals him — the very last healing he performs before dying.

The temptation to call down twelve legions of angels — over 72,000 armed beings — is real. He could. He does not. And notice how he frames the arrest: you have come out with swords and clubs as if I am leading a rebellion, but I sat in the temple courts every day teaching, and you did not touch me. He is naming their cowardice and their false framing at the same moment. The Nazarene community was non-violent to the point of refusing the fight against Rome (which the Zealots demanded). Jesus dies inside that commitment. He does not defend himself. He does not let others defend him. The kingdom does not spread by the sword. It never has.",Matthew 26:50-56; Mark 14:48-49; Luke 22:48-53; John 18:4-11,
1096,N,John,John 18:4-11,"Who is it you want? I am he. I am he. Who is it you want? I told you that I am he. If you are looking for me, then let these men go. I have not lost those you gave me. Put your sword away! Shall I not drink the cup the Father has given me?”",Put Your Sword Back,The one who takes up the sword dies by the sword. Jesus's last free act is to disarm his own defender.,"Faced with arrest and violence, Jesus refuses armed resistance and heals the man his disciple wounded.","This is the moment the whole non-violence teaching of the Sermon on the Mount is put to the test in real time. Love your enemies. Do not resist an evil person. If someone strikes you on the cheek, offer the other. It is one thing to teach it in the abstract, on a hillside, to people not currently in danger. It is another when the swords are drawn and the mob is at the door and one of your own disciples has just drawn blood. Jesus stops him. Puts the sword back. All who draw the sword will die by the sword. In Luke, he touches the wounded man and heals him — the very last healing he performs before dying.

The temptation to call down twelve legions of angels — over 72,000 armed beings — is real. He could. He does not. And notice how he frames the arrest: you have come out with swords and clubs as if I am leading a rebellion, but I sat in the temple courts every day teaching, and you did not touch me. He is naming their cowardice and their false framing at the same moment. The Nazarene community was non-violent to the point of refusing the fight against Rome (which the Zealots demanded). Jesus dies inside that commitment. He does not defend himself. He does not let others defend him. The kingdom does not spread by the sword. It never has.",Matthew 26:50-56; Mark 14:48-49; Luke 22:48-53; John 18:4-11,
1097,Y,Matthew,Matthew 26:64,"You have said so, but I say to all of you: From now on you will see the Son of Man sitting at the right hand of the Mighty One and coming on the clouds of heaven.”",Before the Sanhedrin,"""You will see the Son of Man coming on the clouds."" He answered with Daniel — and they knew exactly what he meant.","Asked if he is the Messiah, Jesus answers with Daniel's vision of vindicated humanity, and the council calls it blasphemy.","The high priest asks the direct question. Jesus does not evade it. Then he goes further, quoting Daniel 7:13 — the Son of Man, *bar enasha*, coming on the clouds of heaven — and pairing it with Psalm 110:1, the anointed one seated at the right hand of God. Every trained ear in that room caught the reference instantly. Daniel 7 is the vision where the beastly empires are judged and a human figure receives everlasting kingship. Jesus is claiming to be that vindicated figure. Not a divine invader. A human one, given authority.

The title Jesus uses of himself throughout the gospels is not ""Son of God."" It is ""Son of Man."" In Aramaic, *bar enasha* — a human being, the human one. It is his signature phrase, and here at his trial it becomes the load-bearing word. Later church theology moved decisively away from this — Nicaea, in 325, defined him as of one substance with the Father, and the deification was set. But in the trial scene, the claim is Daniel's. A human figure vindicated by God after being crushed by empire. It is a claim so bold the Sanhedrin calls it blasphemy — not because he equated himself with God, but because he was claiming the vindication that only God could give.",Matthew 26:64; Mark 14:62,
1097,N,Mark,Mark 14:62,"I am, and you will see the Son of Man sitting at the right hand of the Mighty One and coming on the clouds of heaven.”",Before the Sanhedrin,"""You will see the Son of Man coming on the clouds."" He answered with Daniel — and they knew exactly what he meant.","Asked if he is the Messiah, Jesus answers with Daniel's vision of vindicated humanity, and the council calls it blasphemy.","The high priest asks the direct question. Jesus does not evade it. Then he goes further, quoting Daniel 7:13 — the Son of Man, *bar enasha*, coming on the clouds of heaven — and pairing it with Psalm 110:1, the anointed one seated at the right hand of God. Every trained ear in that room caught the reference instantly. Daniel 7 is the vision where the beastly empires are judged and a human figure receives everlasting kingship. Jesus is claiming to be that vindicated figure. Not a divine invader. A human one, given authority.

The title Jesus uses of himself throughout the gospels is not ""Son of God."" It is ""Son of Man."" In Aramaic, *bar enasha* — a human being, the human one. It is his signature phrase, and here at his trial it becomes the load-bearing word. Later church theology moved decisively away from this — Nicaea, in 325, defined him as of one substance with the Father, and the deification was set. But in the trial scene, the claim is Daniel's. A human figure vindicated by God after being crushed by empire. It is a claim so bold the Sanhedrin calls it blasphemy — not because he equated himself with God, but because he was claiming the vindication that only God could give.",Matthew 26:64; Mark 14:62,
1098,Y,Matthew,Matthew 26:75,"Before the rooster crows, you will disown me three times.”",Three Times,The rooster crowed. Peter remembered. That memory was not the end of him — it was the beginning.,"Peter denies Jesus three times exactly as predicted, and the fall becomes the ground of everything he later builds.","Peter had promised he would die before he denied. Within hours he was disowning Jesus to a servant girl in a courtyard. When the rooster crowed, he remembered, and Luke says he went out and wept bitterly. This is the same Peter who will lead the Jerusalem community. The gospel writers preserved his failure because it is load-bearing — it says something the tradition needed to say. The people who follow Jesus most closely will still collapse under pressure. And the collapse is not the end.

The restoration comes later, at the shore in John 21 — three questions to answer the three denials, three commissions to feed the sheep. In the Jesus Way there is no perfect disciple. There is only a person who, having failed, turns around. *Metanoia* — the change of mind, the transformation of consciousness — is exactly what Peter undergoes in that courtyard. Not a sinner's prayer. A pierced memory that reorients a life. Peter becomes useful to the movement precisely because he has met his own weakness and no longer believes his own bravado. The prodigal son's father is already waiting; the son only has to turn around.",Matthew 26:75; Mark 14:72; Luke 22:61,
1098,N,Luke,Luke 22:61,"Before the rooster crows today, you will disown me three times.”",Three Times,The rooster crowed. Peter remembered. That memory was not the end of him — it was the beginning.,"Peter denies Jesus three times exactly as predicted, and the fall becomes the ground of everything he later builds.","Peter had promised he would die before he denied. Within hours he was disowning Jesus to a servant girl in a courtyard. When the rooster crowed, he remembered, and Luke says he went out and wept bitterly. This is the same Peter who will lead the Jerusalem community. The gospel writers preserved his failure because it is load-bearing — it says something the tradition needed to say. The people who follow Jesus most closely will still collapse under pressure. And the collapse is not the end.

The restoration comes later, at the shore in John 21 — three questions to answer the three denials, three commissions to feed the sheep. In the Jesus Way there is no perfect disciple. There is only a person who, having failed, turns around. *Metanoia* — the change of mind, the transformation of consciousness — is exactly what Peter undergoes in that courtyard. Not a sinner's prayer. A pierced memory that reorients a life. Peter becomes useful to the movement precisely because he has met his own weakness and no longer believes his own bravado. The prodigal son's father is already waiting; the son only has to turn around.",Matthew 26:75; Mark 14:72; Luke 22:61,
1099,Y,Matthew,Matthew 27:11,You have said so.”,Before Pilate,"""My kingdom is not of this world."" Not somewhere else — a different kind of thing. Not held by swords.",Pilate asks if he is a king; Jesus answers that his kingdom is real but not the kind Pilate knows how to recognise.,"Pilate is asking a political question. Are you claiming to be a rival to Caesar? Jesus's answer in John is careful. My kingdom is not *of this world* — *ek tou kosmou toutou* — not sourced from the world's systems of coercion. If it were, my servants would fight. They do not. That is the evidence. A kingdom that spreads by swords is Caesar's kingdom, and Caesar can recognise it. What Jesus has been announcing is different. It is the reign of God, present within and around (Lk 17:21), embodied wherever people love their enemies, forgive, share, and refuse the logic of empire.

His mission statement here is also clear: I was born to testify to the truth, and everyone on the side of truth listens to me. Pilate's famous response — ""what is truth?"" — is the shrug of someone who traffics in power, not truth. In Matthew and Mark, Jesus's answer to ""are you the king of the Jews?"" is just three words: *sy legeis* — you have said so. He does not accept the frame and he does not deny it. He lets the empire name what it is condemning him for, and dies as its answer to a kingdom it could not see.",Matthew 27:11; Mark 15:2; John 18:34-37,
1099,N,Mark,Mark 15:2,You have said so.”,Before Pilate,"""My kingdom is not of this world."" Not somewhere else — a different kind of thing. Not held by swords.",Pilate asks if he is a king; Jesus answers that his kingdom is real but not the kind Pilate knows how to recognise.,"Pilate is asking a political question. Are you claiming to be a rival to Caesar? Jesus's answer in John is careful. My kingdom is not *of this world* — *ek tou kosmou toutou* — not sourced from the world's systems of coercion. If it were, my servants would fight. They do not. That is the evidence. A kingdom that spreads by swords is Caesar's kingdom, and Caesar can recognise it. What Jesus has been announcing is different. It is the reign of God, present within and around (Lk 17:21), embodied wherever people love their enemies, forgive, share, and refuse the logic of empire.

His mission statement here is also clear: I was born to testify to the truth, and everyone on the side of truth listens to me. Pilate's famous response — ""what is truth?"" — is the shrug of someone who traffics in power, not truth. In Matthew and Mark, Jesus's answer to ""are you the king of the Jews?"" is just three words: *sy legeis* — you have said so. He does not accept the frame and he does not deny it. He lets the empire name what it is condemning him for, and dies as its answer to a kingdom it could not see.",Matthew 27:11; Mark 15:2; John 18:34-37,
1099,N,John,John 18:34-37,"Is that your own idea, or did others talk to you about me? My kingdom is not of this world. If it were, my servants would fight to prevent my arrest by the Jewish leaders. But now my kingdom is from another place. You say that I am a king. In fact, the reason I was born and came into the world is to testify to the truth. Everyone on the side of truth listens to me.”",Before Pilate,"""My kingdom is not of this world."" Not somewhere else — a different kind of thing. Not held by swords.",Pilate asks if he is a king; Jesus answers that his kingdom is real but not the kind Pilate knows how to recognise.,"Pilate is asking a political question. Are you claiming to be a rival to Caesar? Jesus's answer in John is careful. My kingdom is not *of this world* — *ek tou kosmou toutou* — not sourced from the world's systems of coercion. If it were, my servants would fight. They do not. That is the evidence. A kingdom that spreads by swords is Caesar's kingdom, and Caesar can recognise it. What Jesus has been announcing is different. It is the reign of God, present within and around (Lk 17:21), embodied wherever people love their enemies, forgive, share, and refuse the logic of empire.

His mission statement here is also clear: I was born to testify to the truth, and everyone on the side of truth listens to me. Pilate's famous response — ""what is truth?"" — is the shrug of someone who traffics in power, not truth. In Matthew and Mark, Jesus's answer to ""are you the king of the Jews?"" is just three words: *sy legeis* — you have said so. He does not accept the frame and he does not deny it. He lets the empire name what it is condemning him for, and dies as its answer to a kingdom it could not see.",Matthew 27:11; Mark 15:2; John 18:34-37,
1100,Y,Matthew,Matthew 27:46,"My God, my God, why have you forsaken me?”",The Cry from the Cross,He does not curse his killers. He does not renounce God. He prays Psalm 22 — with the whole ending in his mouth.,"Jesus dies quoting a psalm that begins in abandonment and ends in vindication, and entrusts his spirit to the Father.","""My God, my God, why have you forsaken me"" is the opening line of Psalm 22. Any Jewish hearer at the foot of the cross knew this. To quote the first line of a psalm was to invoke the whole psalm. Psalm 22 begins in agony and ends in vindication — ""future generations will be told about the Lord... they will proclaim his righteousness to a people yet unborn, saying, he has done it."" Jesus is not renouncing God in his final moment. He is praying the psalm of the righteous sufferer who is heard. Mark, the earliest gospel, gives us this raw cry and nothing else. Luke gives us the softer version: Father, into your hand I commit my spirit — a quotation of Psalm 31:5. John gives us ""it is finished"" — *tetelestai*, the work completed.

The four gospel traditions preserved four different last words because each community remembered the death differently. What none of them says is that Jesus was paying a debt. That reading came later, from Paul (Rom 3:25) and the letter to the Hebrews (Heb 9:22). The prophets Jesus quoted, taught from, and stood inside all said the opposite: God desires mercy, not sacrifice (Hos 6:6); God never asked for burnt offerings (Jer 7:22); the sacrifices you love have wearied me (Isa 1). Jesus died as the prophets died — killed by a corrupt system he confronted. That is the Jesus Way reading. The blood was not the currency. The confrontation was.",Matthew 27:46; Mark 15:34; Luke 23:46; John 19:28-30 | Hebrews 1:7; Peter 5:1–5; Peter 5:2,
1100,N,Mark,Mark 15:34,"My God, my God, why have you forsaken me?” The Apostle Luke, or Saint Luke is traditionally believed to be the author of the Gospel of Luke. The Gospel is the third book in the New Testament and is known for its detailed narrative of the life, teachings, death, and resurrection of Jesus Christ. It is often regarded as the Gospel that emphasizes Jesus' compassion and ministry to all, including the marginalized. Luke's Gospel is often noted for its emphasis on Jesus' concern for the poor, outcasts, and women. Luke was a Gentile (non-Jew) and is believed to have been a physician by profession. In addition to the Gospel of Luke, the Book of Acts in the New Testament is also attributed to Luke. Luke's account in Acts serves as a continuation of the narrative presented in his Gospel. Luke is often regarded as a careful historian. The Gospel of Luke begins with a prologue in which the author indicates that he has ""carefully investigated everything from the beginning""",The Cry from the Cross,He does not curse his killers. He does not renounce God. He prays Psalm 22 — with the whole ending in his mouth.,"Jesus dies quoting a psalm that begins in abandonment and ends in vindication, and entrusts his spirit to the Father.","""My God, my God, why have you forsaken me"" is the opening line of Psalm 22. Any Jewish hearer at the foot of the cross knew this. To quote the first line of a psalm was to invoke the whole psalm. Psalm 22 begins in agony and ends in vindication — ""future generations will be told about the Lord... they will proclaim his righteousness to a people yet unborn, saying, he has done it."" Jesus is not renouncing God in his final moment. He is praying the psalm of the righteous sufferer who is heard. Mark, the earliest gospel, gives us this raw cry and nothing else. Luke gives us the softer version: Father, into your hand I commit my spirit — a quotation of Psalm 31:5. John gives us ""it is finished"" — *tetelestai*, the work completed.

The four gospel traditions preserved four different last words because each community remembered the death differently. What none of them says is that Jesus was paying a debt. That reading came later, from Paul (Rom 3:25) and the letter to the Hebrews (Heb 9:22). The prophets Jesus quoted, taught from, and stood inside all said the opposite: God desires mercy, not sacrifice (Hos 6:6); God never asked for burnt offerings (Jer 7:22); the sacrifices you love have wearied me (Isa 1). Jesus died as the prophets died — killed by a corrupt system he confronted. That is the Jesus Way reading. The blood was not the currency. The confrontation was.",Matthew 27:46; Mark 15:34; Luke 23:46; John 19:28-30 | Hebrews 1:7; Peter 5:1–5; Peter 5:2,
1100,N,Luke,Luke 23:46,"Father, into your hand I commit my spirit.”",The Cry from the Cross,He does not curse his killers. He does not renounce God. He prays Psalm 22 — with the whole ending in his mouth.,"Jesus dies quoting a psalm that begins in abandonment and ends in vindication, and entrusts his spirit to the Father.","""My God, my God, why have you forsaken me"" is the opening line of Psalm 22. Any Jewish hearer at the foot of the cross knew this. To quote the first line of a psalm was to invoke the whole psalm. Psalm 22 begins in agony and ends in vindication — ""future generations will be told about the Lord... they will proclaim his righteousness to a people yet unborn, saying, he has done it."" Jesus is not renouncing God in his final moment. He is praying the psalm of the righteous sufferer who is heard. Mark, the earliest gospel, gives us this raw cry and nothing else. Luke gives us the softer version: Father, into your hand I commit my spirit — a quotation of Psalm 31:5. John gives us ""it is finished"" — *tetelestai*, the work completed.

The four gospel traditions preserved four different last words because each community remembered the death differently. What none of them says is that Jesus was paying a debt. That reading came later, from Paul (Rom 3:25) and the letter to the Hebrews (Heb 9:22). The prophets Jesus quoted, taught from, and stood inside all said the opposite: God desires mercy, not sacrifice (Hos 6:6); God never asked for burnt offerings (Jer 7:22); the sacrifices you love have wearied me (Isa 1). Jesus died as the prophets died — killed by a corrupt system he confronted. That is the Jesus Way reading. The blood was not the currency. The confrontation was.",Matthew 27:46; Mark 15:34; Luke 23:46; John 19:28-30 | Hebrews 1:7; Peter 5:1–5; Peter 5:2,
1100,N,John,John 19:28-30,I am thirsty. It is finished.”,The Cry from the Cross,He does not curse his killers. He does not renounce God. He prays Psalm 22 — with the whole ending in his mouth.,"Jesus dies quoting a psalm that begins in abandonment and ends in vindication, and entrusts his spirit to the Father.","""My God, my God, why have you forsaken me"" is the opening line of Psalm 22. Any Jewish hearer at the foot of the cross knew this. To quote the first line of a psalm was to invoke the whole psalm. Psalm 22 begins in agony and ends in vindication — ""future generations will be told about the Lord... they will proclaim his righteousness to a people yet unborn, saying, he has done it."" Jesus is not renouncing God in his final moment. He is praying the psalm of the righteous sufferer who is heard. Mark, the earliest gospel, gives us this raw cry and nothing else. Luke gives us the softer version: Father, into your hand I commit my spirit — a quotation of Psalm 31:5. John gives us ""it is finished"" — *tetelestai*, the work completed.

The four gospel traditions preserved four different last words because each community remembered the death differently. What none of them says is that Jesus was paying a debt. That reading came later, from Paul (Rom 3:25) and the letter to the Hebrews (Heb 9:22). The prophets Jesus quoted, taught from, and stood inside all said the opposite: God desires mercy, not sacrifice (Hos 6:6); God never asked for burnt offerings (Jer 7:22); the sacrifices you love have wearied me (Isa 1). Jesus died as the prophets died — killed by a corrupt system he confronted. That is the Jesus Way reading. The blood was not the currency. The confrontation was.",Matthew 27:46; Mark 15:34; Luke 23:46; John 19:28-30 | Hebrews 1:7; Peter 5:1–5; Peter 5:2,
1101,Y,Matthew,Matthew 28:9-10,Greetings. Do not be afraid. Go and tell my brothers to go to Galilee; there they will see me. The Great Commission,He Has Risen,"The first witnesses were women. In a culture where women could not testify in court, God chose them anyway.",The risen Jesus appears first to women and sends them to gather the scattered disciples back into Galilee.,"The first words the risen Jesus speaks in Matthew are the ordinary greeting — *chairete* — and then the reassurance he has used throughout his ministry: do not be afraid. And then a command that has the whole shape of restoration: go and tell my brothers. Not ""tell the ones who abandoned me"" or ""tell the ones who denied me."" My brothers. The relationship is unbroken. The scattering the shepherd predicted (Zech 13:7) is being reversed, and it is being reversed by women.

That detail is often glossed over and it should not be. In first-century Jewish law, a woman's testimony was not accepted in court. If the resurrection story were being invented to persuade a first-century audience, no one would have chosen women as the founding witnesses. That is a large part of why serious historians treat the empty tomb tradition as early and non-negotiable to the earliest community — nobody would have made it up this way. Mary Magdalene and the other women become, in effect, apostles to the apostles. Galilee, not Jerusalem, is where they are sent to see him. Back to where the ministry began. The way starts again from the beginning, but with the fear removed.",Matthew 28:9-10; Luke 24:7 | Peter 13:1–3,
1101,N,Luke,Luke 24:7,"The Son of Man must be delivered over to the hands of sinners, be crucified and on the third day be raised again.”",He Has Risen,"The first witnesses were women. In a culture where women could not testify in court, God chose them anyway.",The risen Jesus appears first to women and sends them to gather the scattered disciples back into Galilee.,"The first words the risen Jesus speaks in Matthew are the ordinary greeting — *chairete* — and then the reassurance he has used throughout his ministry: do not be afraid. And then a command that has the whole shape of restoration: go and tell my brothers. Not ""tell the ones who abandoned me"" or ""tell the ones who denied me."" My brothers. The relationship is unbroken. The scattering the shepherd predicted (Zech 13:7) is being reversed, and it is being reversed by women.

That detail is often glossed over and it should not be. In first-century Jewish law, a woman's testimony was not accepted in court. If the resurrection story were being invented to persuade a first-century audience, no one would have chosen women as the founding witnesses. That is a large part of why serious historians treat the empty tomb tradition as early and non-negotiable to the earliest community — nobody would have made it up this way. Mary Magdalene and the other women become, in effect, apostles to the apostles. Galilee, not Jerusalem, is where they are sent to see him. Back to where the ministry began. The way starts again from the beginning, but with the fear removed.",Matthew 28:9-10; Luke 24:7 | Peter 13:1–3,
1102,Y,Matthew,Matthew 28:18-20,"All authority in heaven and on earth has been given to me. Therefore go and make disciples of all nations, baptizing them in the name of the Father and of the Son and of the Holy Spirit, and teaching them to obey everything I have commanded you. And surely I am with you always, to the very end of the age.”",The Great Commission,"""Teaching them to obey everything I have commanded you."" That is the commission. Not doctrine — practice.",Jesus sends the disciples out to make more disciples by teaching people to actually do what he taught.,"Read the commission carefully and notice what is not in it. There is no instruction to preach substitutionary atonement. There is no formula for salvation by belief. There is no theology of the two natures. What there is: go, make disciples, baptise them, and teach them to obey everything I have commanded you. The whole thing is oriented around practice — around forming people who actually do what Jesus taught in the Sermon on the Mount and everywhere else. A *mathetes* is a student who becomes like the teacher (Lk 6:40). That is the aim.

The trinitarian baptismal formula — Father, Son, Holy Spirit — is almost certainly a later addition to the text; the earliest baptismal practice attested in Acts is simply ""in the name of Jesus"" (Acts 2:38, 8:16, 10:48, 19:5), and the Didache preserves both forms side by side. However you read that history, the commission's centre of gravity is unmistakable: teach them to obey. This is the same Jesus who said not everyone who cries ""Lord, Lord"" enters the kingdom, but the one who does the will of my Father (Mt 7:21). It is the same Jesus who said if you love me, you will keep my commandments (Jn 14:15). The commission is not to spread a creed. It is to reproduce a way of life.",Matthew 28:18-20,
1103,Y,Mark,Mark 1:15,"The time has come, The Kingdom of God has come near. Repent and believe the good news!”",Jesus' First Preaching,"Metanoia means turn your whole heart toward God. Do that, and you're in the kingdom. Right now. Not later.",Repentance is a present-tense turning of the heart toward God that puts you inside the kingdom immediately.,"When Jesus launched his public ministry, his very first recorded declaration was strikingly simple: ""Repent, for the kingdom of heaven is at hand"" (Matthew 4:17). This wasn't a call to recite a creed or confess a theological formula — it was an invitation to a profound inner transformation.
The Greek word metanoia, translated as ""repent,"" literally means to change your mind, to turn your whole heart toward God. Jesus's message was immediate and present-tense: the kingdom isn't a future destination after death, but a living reality available right now. When you repent — when you genuinely reorient your heart toward God and away from harm — you are in the kingdom.
This is confirmed throughout Jesus's parables. The prodigal son doesn't earn his way back; he simply turns around, and the Father runs to meet him. Repentance opens the door. The kingdom is already here.",Mark 1:15,
1104,Y,Mark,Mark 1:17,"Come, follow me, and I will send you out to fish for people.”",Recruiting the First Disciples,"Follow me wasn't a mental affiliation. It meant sell what you have, share everything, and walk the same road Jesus walked.","Following Jesus means joining a community of shared possessions and lived imitation, not sitting in a pew and believing.","This was almost certainly a direct echo of Jeremiah 16, where God promises to send fishermen to gather his scattered people. Jesus wasn't being clever — he was placing himself inside an ancient prophetic story and saying: that mission starts now, with us.
But ""follow me"" also meant something concrete and costly. In Jesus's Nazarene community, following meant joining fully — sharing possessions, living together, giving to the poor. The Dead Sea Scroll communities required exactly the same thing upon entry. This was no casual invitation.
Jesus wasn't recruiting fans. He was calling people to become like him — to love like him, forgive like him, and serve like him. Not to sit in a pew and believe the right things, but to walk the same road he walked and treat every person they met as worthy of God's love.",Mark 1:17,
1105,Y,Mark,Mark 1:25,Be quiet! Come out of him!”,Exorcism at Capernium,"He walked in unknown and left famous — not through credentials, but through the unmistakable power of alignment with God.",Jesus's first public act demonstrated the authority that comes from complete alignment with God.,"This is the first recording of Jesus's public ministry. He walked in unknown and left famous — not through argument or credentials, but through the unmistakable power of someone fully aligned with God.  News about Jesus spreads immediately across the whole region.",Mark 1:25; Luke 4:35,
1105,N,Luke,Luke 4:35,Be quiet! Come out of him!”,Exorcism at Capernium,"He walked in unknown and left famous — not through credentials, but through the unmistakable power of alignment with God.",Jesus's first public act demonstrated the authority that comes from complete alignment with God.,"This is the first recording of Jesus's public ministry. He walked in unknown and left famous — not through argument or credentials, but through the unmistakable power of someone fully aligned with God.  News about Jesus spreads immediately across the whole region.",Mark 1:25; Luke 4:35,
1106,Y,Mark,Mark 1:38,Let us go somewhere else – to the nearby villages – so I can preach there also. That is why I have come.”,That Is Why I Came,Popularity was pulling him back to Capernaum. He walked in the opposite direction. That is the pattern.,Jesus refuses to be held by a successful ministry hub and moves on to the villages that have not yet heard.,"It is early in Mark. Jesus has healed all over Capernaum. The crowds are enormous. Peter finds him at dawn — the whole town is looking for you. Any lesser teacher would have stayed. The audience was there. The base was forming. Momentum was building. Jesus's answer is the opposite: let us go somewhere else, to the nearby villages, so I can preach there also. That is why I have come. The centre of gravity is the message, not the ministry's success.

This short sentence names Jesus's whole strategy. He is itinerant on purpose. He does not build a shrine or a temple or a base of operations. He walks. And he keeps walking toward the people who have not yet heard, rather than settling in with the people who already have. It is worth noting where he chose to go — small villages, marginal places, out where the Ebionim lived. Not Jerusalem, not Sepphoris, not the Herodian capitals. The kingdom Jesus is announcing has no headquarters and it moves toward whoever is willing to receive it. The Nazarene / Essene pattern of a mobile community proclaiming the imminent reign of God fits this behaviour exactly. He came to preach. So he keeps preaching, in the next place, and the next.",Mark 1:38,
1107,Y,Mark,Mark 2:14-17,"Follow me. It is not the healthy who need a doctor, but the sick. I have not come to call the righteous, but the sinners.”",Levi,The doctor goes where the sick are. Purity is not the point. Contact is.,"Jesus calls a tax collector, eats with the ostracised, and tells the religious that his ministry is aimed at the ones they reject.","A tax collector was a collaborator with Rome, skimming from his own people, ritually unclean, socially loathed. Jesus walks past his tax booth and says two words: follow me. Levi gets up and follows. That is the first scandal. The second one comes at dinner, when Jesus is reclining at Levi's table with a room full of tax collectors and sinners. The Pharisees ask why. The doctor goes to the sick, Jesus says. I have not come to call the righteous but the sinners.

There are a few things worth naming. The Pharisees are not evil in this scene; they are religiously observant people who assume that holiness works by not touching what is unclean. Jesus's ministry proceeds by exactly the opposite logic. Holiness moves outward and touches what is unclean, and the movement heals. He is quoting Hosea in the parallel version in Matthew — I desire mercy, not sacrifice (Hos 6:6). The whole prophetic tradition (Isa 1, Amos 5, Mic 6) had already said God does not want the sacrifice, God wants the mercy. Jesus stands squarely in it. And notice the word ""sinners"" is not a slur here — it is the label the religious used for people they excluded. Jesus goes to those people first. The reject-list becomes the guest-list.",Mark 2:14-17 | Oxy 1224 5:1–2,
1108,Y,Mark,Mark 3:3-5,"Stand up in front of everyone. Which is lawful on the Sabbath: to do good or to do evil, to save life or to kill? Stretch out your hand.”",Which Is Lawful,"""Is it lawful to save life, or to kill?"" The question answers itself. He was daring them to say the wrong thing.","In the synagogue Jesus reframes Sabbath keeping as a choice between doing good and doing harm, and heals in full view.","There is a man with a withered hand in the synagogue. The religious leaders are watching to see if Jesus will heal on the Sabbath — not because they want to celebrate the healing, but because they want to accuse him. Jesus does not soften the confrontation. He calls the man up to the front where everyone can see, and asks the room a question they cannot honestly answer: is it lawful on the Sabbath to do good or to do evil, to save life or to kill? Silence. Mark says he looked around at them in anger, grieved at the hardness of their hearts. Then he heals.

What is being tested is what the Sabbath is actually for. Sabbath in the Hebrew Bible is a gift — rest for the labourer, the servant, the animal, the stranger (Ex 20:10; Deut 5:14). It was made for the human being, not the human being for it (Mk 2:27). By Jesus's day, layers of scribal law had turned it into a system of prohibitions where withholding healing counted as observance. Jesus's whole quarrel with the tradition of the elders (Mk 7) is exactly this: the human additions had displaced the actual law. Love God, love neighbour. If Sabbath keeping means letting a suffering person suffer another day, the keeping has become the killing.",Mark 3:3-5,
1109,Y,Mark,Mark 3:23-35,"How can Satan drive out Satan? If a kingdom is divided against itself, that kingdom cannot stand. If a house is divided against itself, that house cannot stand. And if Satan opposes himself and is divided, he cannot stand; his end has come. In fact, no one can enter a strong man’s house without first tying him up. Then he can plunder the strong man’s house. Truly I tell you, people can be forgiven all their sins and every slander they utter, but whoever blasphemes against the Holy Spirit will never be forgiven; they are guilty of an eternal sin. Who are my mother and my brothers? Here are my mother and my brothers! Whoever does God’s will is my brother and sister and mother.”",Blaspheming Spirit,The unforgivable sin isn't doubt or anger. It's calling love evil until the inner voice of God can no longer reach you.,The unforgivable sin is a heart so hardened against truth that the inner voice of God can no longer reach it.,"First — the good news. Jesus opens with the most expansive statement of grace in the entire gospel. Every sin. Every failure. Every wrong thing a human being could ever do or say. Forgiven. That is where he starts, and it is where most people should stop worrying.
Now the exception. And it is narrower than almost anyone realizes.
Jesus isn't talking about doubt. He isn't talking about anger at God, or questioning your faith, or making terrible mistakes, or even walking away from religion entirely. He is responding to something very specific — religious leaders who watched him heal a sick person and declared it the work of the devil.
Think about what that means. They saw love in action — a suffering human being made whole — and called it evil. Not out of ignorance. Out of deliberate, hardened resistance to truth. They knew what they were looking at. And they chose to invert it.
That is the unforgivable sin. Not a thought or a word. A condition of the heart that has become so closed, so inverted, so committed to calling good evil — that the inner voice of God can no longer reach it. And here's why it's unforgivable: not because God refuses to forgive, but because that voice — the Holy Spirit, the inner compass, the thing that draws a human heart back toward truth — has been completely silenced. You can't be led home if you've destroyed the map.
The original Greek doesn't say eternal damnation. It says eternal sin — a state you remain in, not a punishment handed down. The door isn't locked from the outside. It's locked from the inside.
If you're worried you've committed it — you almost certainly haven't. The fact that you care is the proof.","Mark 3:23-35 | Thomas 35, 44, 99 | Q 11:14–15; Q 11:17–23; Q 12:8–12",
1110,Y,Mark,Mark 4:21-25,"Do you bring in a lamp to put it under a bowl or a bed? Instead, don’t you put it on its stand? For whatever is hidden is meant to be disclosed, and whatever is concealed is meant to be brought out into the open. If anyone has ears to hear, let them hear. Consider carefully what you hear. With the measure you use, it will be measured to you – and even more. Whoever has will be given more; whoever does not have, even what they have will be taken from them.”",Lamps,Truth cannot stay hidden. Light always finds the lampstand.,The secrets Jesus shared with a small group were always meant for the whole world.,The secrets of the kingdom that Jesus shared quietly with a small group of followers in Galilee were always destined for the whole world. Truth cannot stay hidden. Light always finds the lampstand.,"Mark 4:21-25; Luke 8:16-18 | Thomas 5, 6, 33, 41 | Q 11:33; Q 12:2–3",
1110,N,Luke,Luke 8:16-18,"No one lights a lamp and hides it in a clay jar or puts it under a bed. Instead, they put it on a stand, so that those who come in can see the light. For there is nothing hidden that will not be disclosed, and nothing concealed that will not be known or brought out into the open. Therefore consider carefully how you listen. Whoever has will be given more; whoever does not have, even what they think they have will be taken from them.”",Lamps,Truth cannot stay hidden. Light always finds the lampstand.,The secrets Jesus shared with a small group were always meant for the whole world.,The secrets of the kingdom that Jesus shared quietly with a small group of followers in Galilee were always destined for the whole world. Truth cannot stay hidden. Light always finds the lampstand.,"Mark 4:21-25; Luke 8:16-18 | Thomas 5, 6, 33, 41 | Q 11:33; Q 12:2–3",
1111,Y,Mark,Mark 4:26-29,"This is what the kingdom of God is like. A man scatters seed on the ground. Night and day, whether he sleeps or gets up, the seed sprouts and grows, though he does not know how. All by itself the soil produces grain – first the stalk, then the head, then the full kernel in the head. As soon as the grain is ripe, he put the sickle to it, because the harvest has come.”",Growing Seed,You are not responsible for the harvest. You are responsible for the sowing. The earth does the rest.,"Living the Way plants seeds of the kingdom, and God, not you, is responsible for what grows.","This parable appears only in Mark — nobody else records it. And it may be the most reassuring thing Jesus ever said about how the kingdom actually works.
The farmer doesn't make it grow. He just sows and trusts.
This is Jesus describing how the kingdom spreads — not through human effort, strategy, or religious machinery. When you live the Way, when you love your neighbor, forgive your enemy, serve the least of these — you are sowing seed. What happens next is not your responsibility. The earth does the work. God does the work.
When you are living and embodying the kingdom, you are like a farmer throwing seeds everywhere. Good soil, bad soil — that's not up to you. A small act of kindness can be a seed that is planted inside someone. You may never see it happen. The farmer sleeps while the seed grows.
This takes enormous pressure off the follower of Jesus. You are not responsible for the harvest. You are responsible for the sowing. Love God, love others and God will take care of the rest.",Mark 4:26-29 | Thomas 21,
1112,Y,Mark,Mark 4:30-32,"What shall we say the kingdom of God is like, or what parable shall we use to describe it? It is like a mustard seed, which is the smallest of all seeds on earth. Yet when planted, it grows and becomes the largest of all garden plants, with such big branches that the birds can perch in its shade.”",Mustard Seed,"The smallest imaginable seed. The largest garden plant. That is what the kingdom looks like — under your notice, then everywhere.",The kingdom starts almost invisibly and grows into something large enough to shelter what comes to it.,"Jesus reaches for the most ordinary thing on the ground. A mustard seed. It is not exotic. It is not spectacular. It is a garden weed that any farmer in Galilee would have known — and it becomes the largest plant in that garden, big enough for birds to nest in. The image is not about size for its own sake. It is about the disproportion between what the kingdom looks like at its beginning and what it becomes. A quiet act of kindness. A refusal to retaliate. A meal shared. These are the actual seeds. Nothing about them looks like an empire.

The image of the great tree where birds nest is a callback to Ezekiel 17:23 and Daniel 4:12, both prophetic pictures of a kingdom under which peoples find shelter. Jesus is deliberately deflating the imperial imagery — the great cedar becomes a mustard bush. It is triple-attested (Mark, Q, Thomas), which means the earliest layers of the tradition all preserved it. Jesus clearly returned to this teaching over and over. The kingdom of heaven is not deployed by conquest or hierarchy. It grows the way seeds grow, in soil the sower did not control, and it becomes shelter for whatever comes to it — without discriminating about which birds are welcome.","Mark 4:30-32 | Thomas 20 | Q 13:18–19 | Peter 5:5 513, 527",
1113,Y,Mark,Mark 5:8-19,"Come out of this man, you impure spirit! What is your Name? Go home to your own people and tell them how much the Lord has done for you, and how he has had mercy on you.”",Legion,"""Go home and tell them what has been done for you."" A restored mind is the whole gospel in one person.","Jesus asks the tormented man his name, releases what has held him, and sends him home to tell what happened.","The man lives among the tombs, cutting himself, chains snapping when they tried to bind him. He is a picture of a psyche fractured under something too large to name — until Jesus names it. What is your name. Legion, for we are many. A Roman legion was six thousand soldiers, the occupying force of the empire that had brutalised this land. The demonic in this story is not a folkloric detail. It is the whole weight of occupation, trauma, and dehumanisation carried in one broken man. Jesus meets him, and the man is restored — sitting, clothed, in his right mind.

In the Jesus Way reading of the demonic, *HaSatan* is the adversary within — the accuser, the ego, the false self built up under pressure. Evil is privation (Aug), not a second power beside God. Whatever was riding this man is driven out, and the pigs — animals a Jewish audience would have associated with Roman legions (the Tenth Legion's emblem was a boar) — carry it into the sea. The town's reaction is telling: they beg Jesus to leave. Their economy depended on the pigs. A restored human being cost them money, and they preferred the money. The one command Jesus gives the healed man is not to follow him but to go home and tell his own people what has happened. The mission starts in his own village.",Mark 5:8-19; Luke 8:30-39,
1113,N,Luke,Luke 8:30-39,What is your name. Return home and tell how much God has done for you.”,Legion,"""Go home and tell them what has been done for you."" A restored mind is the whole gospel in one person.","Jesus asks the tormented man his name, releases what has held him, and sends him home to tell what happened.","The man lives among the tombs, cutting himself, chains snapping when they tried to bind him. He is a picture of a psyche fractured under something too large to name — until Jesus names it. What is your name. Legion, for we are many. A Roman legion was six thousand soldiers, the occupying force of the empire that had brutalised this land. The demonic in this story is not a folkloric detail. It is the whole weight of occupation, trauma, and dehumanisation carried in one broken man. Jesus meets him, and the man is restored — sitting, clothed, in his right mind.

In the Jesus Way reading of the demonic, *HaSatan* is the adversary within — the accuser, the ego, the false self built up under pressure. Evil is privation (Aug), not a second power beside God. Whatever was riding this man is driven out, and the pigs — animals a Jewish audience would have associated with Roman legions (the Tenth Legion's emblem was a boar) — carry it into the sea. The town's reaction is telling: they beg Jesus to leave. Their economy depended on the pigs. A restored human being cost them money, and they preferred the money. The one command Jesus gives the healed man is not to follow him but to go home and tell his own people what has happened. The mission starts in his own village.",Mark 5:8-19; Luke 8:30-39,
1114,Y,Mark,Mark 6:50,Take courage! It is I. Don’t be afraid.”,It Is I,"""Take courage. It is I. Do not be afraid."" The same three words that meet every disciple in the storm.",In the middle of a storm Jesus identifies himself and tells the terrified disciples to stop being afraid.,"The disciples are straining at the oars in the middle of the night. The wind is against them. Jesus comes across the water and they are terrified, thinking he is a ghost. He does not scold them for their fear or explain the physics of what is happening. He gives them three things. Take courage. It is I. Do not be afraid. In Greek the middle phrase is *ego eimi* — I am — which is also the divine name God gives Moses at the burning bush (Ex 3:14). Whether Mark meant that resonance or not, the moment is charged with it.

The pattern here is one Jesus repeats throughout the ministry. Whenever people encounter him in fear — the disciples in this boat, the women at the tomb, the frightened crowds — his standard opening is do not be afraid. It is possibly the most repeated command in scripture. In the Jesus Way reading, fear is the root soil in which the false self grows: the ego contracts, protects, hoards, judges, attacks. What Jesus keeps saying is that the ground under fear is not what fear says it is. He is here. That is enough. The storm does not have to stop for the fear to stop. The presence is what changes the boat.",Mark 6:50,
1115,Y,Mark,Mark 7:27-29,"First let the children eat all they want, for it is not right to take the children’s bread and toss it to the dogs. For such a reply, you may go; the demon has left your daughter.”",The Syrophoenician Woman,She refused to be sent away. She argued him back to the truth of his own kingdom. He honoured her for it.,"A Gentile mother out-argues Jesus for her daughter's healing, and Jesus honours the exchange and heals.","This is one of the strangest and most human scenes in the gospels. A Gentile woman begs Jesus for her daughter, and his first response is a hard word — let the children eat first; it is not right to take their bread and toss it to the dogs. She does not flinch. Lord, even the dogs under the table eat the children's crumbs. Something shifts. He answers: for such a reply, you may go — the demon has left your daughter. She has argued him back to the wider table that was always going to be part of his mission (Isa 56:7 — my house shall be a house of prayer for all nations).

Read this on its face. A non-Jewish mother displays more relentless faith than most of the people Jesus has been surrounded by, and he says so. The exchange is deeply Jewish in flavour — this is how rabbis argued, with texts and quick reversals — and she wins the argument. Whether the sharp word was a test or a real reflection of the boundaries Jesus initially understood for his mission, what matters is that the woman changes the moment, and Jesus honours it. The kingdom is not held by ethnicity or lineage. It is held by *pistis* — trust — and hers was fierce enough to talk him into it. The bread on the table is enough for everyone.",Mark 7:27-29,
1116,Y,Mark,Mark 7:34,Ephphatha! Be Opened!”,Ephphatha,"One Aramaic word. ""Be opened."" It is the whole ministry compressed into a single command.","Jesus commands a deaf and mute man's senses to open, and the crowd witnesses a healing performed in his own street language.","Mark preserves the Aramaic — *ephphatha* — because it is the actual word Jesus spoke, in the actual language he spoke it in. Not Greek. Not Latin. Not the temple Hebrew of the priests. The rough Galilean Aramaic of a carpenter's son from Nazareth. That single detail is a window onto the historical Jesus: bilingual at most, working-class, moving among people who spoke the same street language. The gospel writers, writing in Greek for a Greek-speaking audience, chose to keep this word untranslated. It carries something.

""Be opened"" is also the whole shape of the ministry in one command. Ears closed to what God has been saying since Sinai. Mouths closed to the truth of who a neighbour is. Hearts closed to the person begging by the roadside. Jesus's healings are not just cellular repairs. They are pictures of what he is doing to the deeper deafness. Isaiah 35:5 promised that in the age of restoration ""the ears of the deaf shall be unstopped, and the tongue of the mute shall sing for joy."" Jesus is enacting Isaiah on a man in a Decapolis village. The kingdom is here. Open.",Mark 7:34,
1117,Y,Mark,Mark 8:2-12,"I have compassion for these people; they have already been with me three days and have nothing to eat. If I send them home hungry, they will collapse on the way, because some of them have come a long distance. How many loaves do you have? Why does this generation ask for a sign? Truly I tell you, no sign will be given to it.”",Compassion for the Crowd,"""I have compassion for these people."" The feeding starts there. Not with a strategy — with a heart that noticed.",Jesus feeds four thousand from what little is on hand because he refuses to send hungry people away.,"The teaching here comes before any bread is broken. I have compassion for these people. They have been with me three days and have nothing to eat. If I send them home hungry, they will collapse on the way. The whole scene starts with Jesus noticing the actual bodies in front of him — that this crowd has been listening for three days and has not eaten. The miracle grows out of that noticing. Compassion is not an emotion he has *after* the problem is solved. It is the ground from which the solution comes.

Compare this with the request in the same chapter for a ""sign from heaven"" — some spectacular proof from the Pharisees who wanted a display. Jesus refuses. No sign will be given to this generation. Signs on demand, produced to satisfy the sceptical, are not how the kingdom works. But four thousand hungry people fed from seven loaves and a few small fish, because someone actually looked at them and cared — that is the kind of sign Jesus performs, without calling it one. The Sheep and Goats teaching (Mt 25) makes the same point from the other side: whatever you did for the hungry, you did for me. In this scene, Jesus is on both ends of it. He notices the hunger, and he feeds it.",Mark 8:2-12 | Q 11:16; Q 11:29–32,
1118,Y,Mark,Mark 8:15-21,"Be careful, watch out for the yeast of the Pharisees and that of Herod. Why are you talking about having no bread? Do you still not see or understand? Are your hearts hardened? Do you have eyes but fail to see, and ears but fail to hear? And don’t you remember? When I broke the five loaves for the five thousand, how many basketfuls of pieces did you pick up? And when I broke the seven loaves for the four thousand, how many basketfuls of pieces did you pick up? Do you still not understand?”",The Yeast of the Pharisees and Herod,A little corruption spreads through the whole loaf. Watch what you let into your heart — it will not stay small.,"Beware the slow, silent way that religious hypocrisy and political power quietly reshape a whole community from the inside.","Yeast works invisibly. A tiny amount changes the entire loaf. Jesus reaches for that image to warn the disciples about two forces that were pressing on his movement — the religious establishment of the Pharisees and the political machinery of Herod. Neither one announces itself as evil. Both spread by getting into everything a little at a time. The Pharisees added law upon law until the love-your-neighbor core was buried under 613 requirements. Herod dressed brutality in the language of order and made compromise feel practical. Jesus is telling his community: this is what corrupts a movement. Not persecution from outside. Small, tolerated adjustments from inside.

The disciples miss the point completely. They think he is scolding them for forgetting to pack bread, which lands the deeper rebuke — do you still not understand? He has just fed thousands twice. Bread is not the concern. The concern is what shapes their thinking. The Nazarene community around Jesus had come out of exactly this instinct — a break from a temple system they saw as compromised and a political order they saw as violent. Jer 8:8 called it ""the lying pen of the scribes."" Jesus is naming the same danger in real time. The eyes-that-see and ears-that-hear language echoes Isa 6:9-10 — the prophet's charge that God's own people can look straight at the truth and still miss it.",Mark 8:15-21,
1119,Y,Mark,Mark 8:23-26,Do you see anything? Don’t even go into the village.”,The Blind Man of Bethsaida,"Sight comes in stages. Even in the hands of the master, the second touch is often the one that clears the picture.","Jesus heals a blind man in two stages, showing that spiritual sight often opens gradually rather than all at once.","This is the only two-stage healing in the gospels, and Mark keeps it in for a reason. Jesus spits on the man's eyes, lays hands on him, and asks the honest question — do you see anything? The man answers honestly back: people look like walking trees. Jesus touches him again, and only then is the sight fully restored. Nothing about Jesus's power is limited here. What is being shown is the shape of awakening itself. First a blur. Then clarity. The pattern rings true to anyone who has actually turned toward the kingdom — the fog lifts in layers, not all at once.

Mark places this story between two moments of the disciples' own half-sight. Just before it, they still cannot understand the feeding miracles. Just after it, Peter confesses Jesus as messiah — and then immediately misreads what messiah means, earning the sharpest rebuke in the gospel. The blind man is the disciples in miniature. They can see something. They cannot yet see clearly. Jesus's instruction — don't even go into the village — fits the Markan pattern of quiet miracles, unlinked from the political messiah spectacle the crowds kept wanting. Healing in Jesus's hands is never a show. It is a personal reordering of a person's world, done at whatever pace that person can actually receive it.",Mark 8:23-26,
1120,Y,Mark,Mark 8:34-38,"Whoever wants to be my disciple must deny themselves and take up their cross and follow me. For whoever wants to save their life will lose it, but whoever loses their life for me and for the gospel will save it. Or what can anyone give in exchange for their soul? Truly I tell you, some who are standing here will not taste death before they see that the kingdom of God has come with power.”",Lose Your Life to Find It,The self you are protecting is the one you have to let go. Everything you would trade your soul for costs you your soul.,"Discipleship means disowning the ego-self and following the way of self-giving love, because the life spent protecting itself is the life already lost.","Deny yourself, take up your cross, follow me. In first-century Palestine, the cross was not a metaphor. It was Rome's most public tool of humiliation, and everyone in the crowd had seen a man walking to one. Jesus chooses that image on purpose. Discipleship is not a spiritual accessory. It is the daily disowning of the self that protects, performs, and puts itself first. The Greek verb behind ""deny yourself"" is *aparneomai* — to utterly disown, to break every link that binds you to the constructed self. Luke adds *daily* to make sure no one hears it as a one-time decision. And the word here for life is *psyche* — the ego-self, the identity you have built. Save the *psyche* and you lose the true self. Lose the *psyche* for the sake of the way and the true self is what remains.

Then the question that cuts through every calculation — what will you give in exchange for your soul? Every trade the ego makes to protect itself is a bad trade. Paul later reworked this teaching into a transaction God performs on your behalf — Christ died so you don't have to (Rom 5-6). Jesus says the opposite: pick up your own cross. The dying is yours to do. Not Him. You. Every day. That is the only path to becoming like the teacher.",Mark 8:34-38,
1121,Y,Mark,Mark 9:16-29,"What are you arguing with them about? You unbelieving generation, how long shall I stay with you? How long shall I put up with you? Bring the boy to me. How long has he been like this? If you can? Everything is possible for the one who believes. You deaf and mute spirit, I command you, come out of him and never enter him again. This kind can come out only by prayer.”",Everything Is Possible for the One Who Trusts,Trust is not certainty. It is the willingness to keep asking for more of what you already partly believe.,"Healing flows through trust, and the honest cry of a father who half-believes is enough for Jesus to work with.","The disciples cannot cast the spirit out. A crowd is arguing. The father steps forward with the most honest sentence in the gospel: if you can do anything, help us. Jesus catches the hedge — *if you can?* — and turns it around. Everything is possible for the one who trusts. And the father blurts back the line that has kept this story alive for two thousand years: I trust, help my untrust. Jesus does not require perfect faith. He requires a real one. A half-open door is still open. He heals the boy.

The Greek word again is *pistis* — trust, not intellectual belief. Not certainty about doctrine. A relational leaning-in. The disciples' failure was not lack of technique but lack of *pistis* — Jesus's private note that this kind comes out only by prayer names the interior work. Prayer here is not a formula that unlocks a miracle; it is the practice that keeps a heart soft enough to be a channel for what Jesus called kingdom power. This is the same pattern all through the gospels — the woman with the hemorrhage, the centurion, blind Bartimaeus. Your trust made you whole. Jesus keeps handing the healing back to the person. The kingdom moves through people who are willing to lean in even while still unsure.",Mark 9:16-29,
1122,Y,Mark,Mark 9:39-41,"Do not stop him, for no one who does a miracle in my name can in the next moment say anything bad about me, for whoever is not against us is for us. Truly I tell you, anyone who gives you a cup of water in my name because you belong to the Messiah will certainly not lose their reward.”",Whoever Is Not Against Us Is for Us,The circle of the kingdom is wider than the circle of your movement. Anyone doing good in the same direction is on the same side.,"Anyone acting in the spirit of Jesus belongs to the work, whether or not they carry the group's badge.","The disciples try to shut down an outsider who is healing in Jesus's name. He is not one of us, they say. Jesus refuses the gatekeeping outright. Do not stop him. Whoever is not against us is for us. It is one of the widest sentences he ever spoke, and it flatly contradicts the tribal instinct that has driven religious violence for most of history. The kingdom is recognized by fruit, not by membership. If good is being done, love is being done — and love is God's signature. The disciples want to draw a line around the movement. Jesus keeps erasing it.

He extends the point with the cup of water. Even the smallest kindness done in the spirit of the way carries weight. Not because Jesus is keeping a reward ledger, but because reciprocity is a law of the universe — what you send out returns. This teaching has been almost universally ignored by later Christian institutions, which spent centuries deciding who was in and who was out based on creed, sacrament, and denominational lineage. Jesus set the test somewhere else: are you doing good in the same direction? Then you are with us. The Ebionim, the Nazarenes, the outsider exorcist, the pagan giving a cup of water — all of them belong to whatever the kingdom actually is.",Mark 9:39-41,
1123,Y,Mark,Mark 10:36-45,"What do you want me to do for you? You don’t know what you are asking, can you drink the cup I drink or be baptized with the baptism I am baptized with? You will drink the cup I drink and be baptized with the baptism I am baptized with, but to sit at my right or left is not for me to grant. These places belong to those for whom they have been prepared. You know that those who are regarded as rulers of the Gentiles lord it over them, and their high officials exercise authority over them. Not so with you. Instead, whoever wants to become great among you must be your servant, and whoever wants to be first must be slave of all. For even the Son of Man did not come to be served, but to serve, and to give his life as a ransom for many.”",Greatness Is Downward,The world's ladder points up. Jesus's points down. Whoever wants to be first must be slave of all.,Real greatness in the kingdom is measured by how far down you are willing to go to serve others.,"James and John want the top seats when the kingdom arrives. It is a very human request, and Jesus does not shame them for it — he redirects it. You don't know what you're asking. The cup he is about to drink is not a throne but a cost. Then he calls the whole group together and lays out the inversion at the center of his way: rulers of the Gentiles lord it over people; not so with you. Whoever wants to be great must serve. Whoever wants to be first must be slave of all. This is not humble decoration for a normal power structure. It is a different structure altogether. The world's ladder points up. The kingdom's ladder points down.

The closing line — the Son of Man came to serve and to give his life as a ransom for many — has been carried by later theology into blood-atonement territory it did not originally hold. *Lutron* in the Greek is the price paid to free a slave or a prisoner. Jesus is describing the shape of a life spent for others, not a metaphysical transaction with an angry God. The prophets already said mercy, not sacrifice (Hos 6:6). Jesus is showing what a life laid down for love looks like — and calling the twelve to live the same way. The greatness question was never about seating. It was about which direction your feet are pointing.",Mark 10:36-45,
1124,Y,Mark,Mark 10:49-52,"Call him. What do you want me to do for you? Go, your faith has healed you.”",Your Faith Has Healed You,Jesus keeps handing the healing back. Not my power over you. Your trust in what is already available.,"The blind beggar's persistent trust opens his own eyes, and Jesus names the trust — not himself — as the source of the healing.","Bartimaeus is a nobody on a roadside. The crowd tries to hush him. He shouts louder. When Jesus asks the question — what do you want me to do for you — the beggar names it plainly: I want to see. And the answer Jesus gives is the answer he gives again and again: your faith has healed you. Not my power did this. Not my magic touch. Your trust made you whole. Jesus keeps giving the credit away.

The Greek is *pistis* — trust, active reliance, a leaning-in of the whole person. Not mental assent to a doctrine. Not belief that a certain man is God. Bartimaeus does not have a theology yet. He has an unrelenting willingness to keep calling out until he is heard. That is what Jesus honors. The same line runs across the gospels — the woman with the hemorrhage, the sinful woman at the Pharisee's house, the Samaritan leper who came back. Faith made you whole. Faith saved you. The pattern is the disciple becoming like the rabbi (*talmid* — the student who becomes what the teacher is). Jesus is not building followers who depend on him. He is showing them that the kingdom's healing power is already available to a heart that will trust it. Bartimaeus stands up, sees, and follows him on the road — which is the whole gospel in one image.",Mark 10:49-52,
1125,Y,Mark,Mark 11:14-26,"May no one ever eat fruit from you again. Is it not written: ‘My house will be called a house of prayer for all nations’? ‘But, you have made it a den of robbers.’ Have faith in God. Truly I tell you, if anyone says to this mountain, ‘Go, throw yourself into the sea,’ and does not doubt in their heart but believes that what they say will happen, it will be done for them. Therefore I tell you, whatever you ask for in prayer, believe that you have received it, and it will be yours. And when you stand praying, if you hold anything against anyone, forgive them, so that your Father in heaven may forgive you your sins.”",Anger,The measure you give is the measure you get. You cannot receive what you refuse to give.,Forgiveness operates by reciprocity: refusing to give it means refusing to receive it.,"Forgiveness sits at the absolute centre of Jesus's gospel. He returns to it constantly — in the Lord's Prayer, in his parables, in his direct teaching. The reason is simple: Jesus understood the universe to be built on perfect balance. The measure you give is the measure you get back. If you withhold forgiveness from others, you are withholding it from yourself. You cannot receive what you refuse to give.",Mark 11:14-26 | Thomas 106 | Q 12:58–59; Q 17:6,
1126,Y,Mark,Mark 12:24-27,"Are you not in error because you do not know the Scriptures or the power of God? When the dead rise, they will neither marry nor be given in marriage; they will be like the angels in heaven. Now about the dead rising – have you not read in the Book of Moses, in the account of the burning bush, how God said to him, ‘I am the God of Abraham, the God of Isaac, and the God of Jacob? He is not the God of the dead, but of the living. You are badly mistaken.”",The God of the Living,"God is not the God of graves. If Abraham is with God, then Abraham is alive — and the resurrection is already true.","The Sadducees miss the resurrection because they read the scriptures without understanding that God is a God of the living, not the dead.","The Sadducees, who reject the resurrection, come with a trap dressed as a riddle. Seven brothers, one widow, whose wife is she in the afterlife? Jesus refuses the terms. You do not know the Scriptures or the power of God. The risen life is not a continuation of earthly arrangements. There is no marriage in the age to come — not because love ends, but because the categories that made marriage a legal and reproductive contract are no longer needed. People will be like the angels. The relational shape of eternity is not property and lineage. It is love without possession.

Then the sharper move. He goes to the burning bush — Ex 3:6 — where God says *I am* the God of Abraham, Isaac, and Jacob. Present tense. If God is still their God, then they still are. God is not the God of the dead but of the living. Jesus finds the resurrection buried in the Torah itself, in a verb tense. It is a stunning piece of interpretation and a stunning theological claim — that in God there is no death, only relationship that continues. The Sadducees were the temple priestly aristocracy, deeply invested in the sacrificial economy and skeptical of the prophetic tradition Jesus stood in. He answers them out of the Torah they claimed as their authority — and shows they had not read it deeply enough.",Mark 12:24-27,
1127,Y,Mark,Mark 12:38-40,"Watch out for the teachers of the law. They like to walk around in flowing robes and be greeted with respect in the marketplaces, and have the most important seats in the synagogues and the places of honor at banquets. They devour widows’ houses and for a show make lengthy prayers. These men will be punished most severely.”",Beware the Robe-Wearers,Piety that performs for the crowd and preys on the poor is the shape of religion Jesus keeps naming as its own judgment.,Religious performance that seeks status and exploits the vulnerable is the opposite of the way Jesus teaches.,"The warning is specific. Watch out for the teachers of the law. He does not name a doctrinal error. He names a set of behaviors — the long robe, the reserved greeting, the front-row seat, the head-of-table place. All of it is about being seen. And then the darker line: they devour widows' houses and cover it with long prayers. Religious authority in his day had become a wealth-extraction system dressed in piety, and Jesus calls it out in public. His verdict is uncompromising — these will be judged most severely. Not because God is vindictive, but because reciprocity is a law of the universe. The measure you use for others returns. You cannot devour the vulnerable and expect a soft harvest.

This is a family resemblance to the prophets Jesus stood in — Isa 1, Amos 5, Micah 6, Jer 7 all indict religious leaders for elaborate worship performed on the backs of the poor. The Nazarene and Essene communities came out of the same instinct: withdraw from the corrupted temple system, live simply, share everything, hold no rank. Jesus's community was the anti-establishment inside second-temple Judaism. What he condemns here is not one bad set of people; it is the pattern religion falls into whenever status attaches to it. Notice what he does not attack: the law itself, prayer itself, teaching itself. He attacks the performance of them for gain.",Mark 12:38-40,
1128,Y,Mark,Mark 12:43-44,"Truly I tell you, this poor widow has put more into the treasury than all the others. They all gave out of their wealth; but she, out of her poverty, put in everything – all she had to live on.”",The Widow's Two Coins,Heaven's arithmetic is not the amount. It is the percentage of your heart.,The widow's small offering is greater than the wealthy givers' large ones because she gave everything she had.,"Jesus is sitting across from the temple treasury, watching people put in their offerings. The wealthy make impressive donations. A widow drops in two of the smallest coins in circulation. Jesus calls the disciples over to make sure they see this. Her two coins are worth more than all the rest combined. Not by amount. By proportion. They gave out of surplus. She gave out of survival. Heaven's math is not the amount. It is the percentage of your heart.

Read this together with the passage just before — the warning that the teachers of the law devour widows' houses. That framing is not an accident. Mark placed these two stories side by side deliberately. The very system that consumes widows is the one this widow is pouring her last coins into. Jesus is not celebrating the temple economy that has stripped her; he is honoring her heart and quietly indicting the machinery that has taken it. The Ebionim — the poor ones — were the community Jesus belonged to and blessed first. Her giving is the beatitude in action. Notice what he does not say. He does not promise her a supernatural refill. He does not moralize the wealthy givers by name. He simply notices what no one else is noticing, and hands the disciples a new definition of generosity. Give from what would cost you something. Everything else is decoration.",Mark 12:43-44; Luke 21:3-4,
1128,N,Luke,Luke 21:3-4,"Truly I tell you, this poor widow has put in more than all the others. All these people gave their gifts out of their wealth; but she out of her poverty put in all she had to love on.”",The Widow's Two Coins,Heaven's arithmetic is not the amount. It is the percentage of your heart.,The widow's small offering is greater than the wealthy givers' large ones because she gave everything she had.,"Jesus is sitting across from the temple treasury, watching people put in their offerings. The wealthy make impressive donations. A widow drops in two of the smallest coins in circulation. Jesus calls the disciples over to make sure they see this. Her two coins are worth more than all the rest combined. Not by amount. By proportion. They gave out of surplus. She gave out of survival. Heaven's math is not the amount. It is the percentage of your heart.

Read this together with the passage just before — the warning that the teachers of the law devour widows' houses. That framing is not an accident. Mark placed these two stories side by side deliberately. The very system that consumes widows is the one this widow is pouring her last coins into. Jesus is not celebrating the temple economy that has stripped her; he is honoring her heart and quietly indicting the machinery that has taken it. The Ebionim — the poor ones — were the community Jesus belonged to and blessed first. Her giving is the beatitude in action. Notice what he does not say. He does not promise her a supernatural refill. He does not moralize the wealthy givers by name. He simply notices what no one else is noticing, and hands the disciples a new definition of generosity. Give from what would cost you something. Everything else is decoration.",Mark 12:43-44; Luke 21:3-4,
1129,Y,Mark,Mark 14:6-9,"Leave her alone, why are you bothering her? She has done a beautiful thing to me. The poor you will always have with you, and you can help them any time you want. But you will not always have me. She did what she could. She poured perfume on my body beforehand to prepare for my burial. Truly I tell you, wherever the gospel is preached throughout the world, what she has done will also be told, in memory of her.”",She Did What She Could,She read the moment when no one else did. Extravagance for the living is not waste; it is love in time.,A woman anoints Jesus with costly perfume and he defends her as one who understood the moment more clearly than his own disciples.,"A woman breaks a jar of expensive nard over Jesus's head. The room reacts with indignation — this could have been sold and given to the poor. Jesus shuts it down. Leave her alone. She has done a beautiful thing. She has anointed him for his burial while he is still alive, which is more than the men closest to him will manage after he dies. She read the moment. They did not. And in a rare, personal promise, Jesus says wherever the good news is told, what she has done will be told with it. She has been remembered — and, notably, unnamed.

The line about the poor has been badly abused. ""The poor you always have with you"" has been quoted for centuries to excuse indifference. That reading turns the sentence inside out. Jesus is echoing Deut 15:11 — precisely because the poor are always with you, open your hand wide. He is not dismissing the poor. He is telling his disciples that this particular act, at this particular moment, is exactly right. The Ebionim were the community Jesus belonged to; care for the poor was not optional to his movement, it was constitutive. What he is defending here is discernment. Love does the right thing in the actual moment. Sometimes it feeds a crowd. Sometimes it breaks a jar. She did what she could. That is what he asks of any disciple.",Mark 14:6-9,
1130,Y,Mark,Mark 14:13-25,"Go into the city, and a man carrying a jar of water will meet you. Follow him. Say to the owner of the house he enters, ‘The Teacher asks: Where is my guest room, where I may eat the Passover with my disciples? He will show you a large room upstairs, furnished, and ready. Make preparations for us there. Truly I tell you, one of you will betray me – one who is eating with me. It is one of the Twelve, one who dips bread into the bowl with me. The Son of Man will go just as it is written about him. But woe to that man who betrays the Son of Man! It would be better for him if he had not been born. Take it; this is my body. This is my blood of the covenant, which is poured out for many. Truly I tell you, I will not drink again from the fruit of the vine until that day when I drink it new in the kingdom of God.”",The Last Supper,"A Passover meal, not a sacrificial altar. Bread broken and wine shared — the covenant is remembered around a table, not on a cross.","Jesus reframes the Passover meal around his own coming death, giving the disciples a shared table as the ongoing sign of the covenant.","This is a Passover. Jesus has arranged it carefully — the room, the water-carrier, the timing. The disciples sit down for a meal steeped in the memory of liberation from Egypt. He takes the bread, breaks it, and says take it, this is my body. He takes the cup and says this is my blood of the covenant, poured out for many. Then he pledges to drink it new with them in the kingdom of God. The evening carries grief — one of you will betray me — and hope in the same breath. What he institutes is not a new sacrifice. It is a shared meal. Communal. Repeatable. Simple. Bread and wine at a table, the way his community had already been eating together.

Later Christian theology, largely through Paul, turned this into a sacrificial transaction — the blood of Christ offered to satisfy divine wrath (Rom 3, Heb 9:22). Jesus's own words never carried that weight. He is doing what a Jewish teacher does at Passover: gathering the story of God's rescue and locating himself inside it. ""Blood of the covenant"" is Ex 24:8 language — the covenant Moses sealed with the people. Jesus is renewing that covenant at a table, not on an altar. Hosea already said God desires mercy, not sacrifice (Hos 6:6). The Nazarene and Ebionim communities kept a communal meal, not a repeated sacrifice. Do this in memory of me was an invitation to a table, not to a temple. The gathered community, sharing bread — that is what he asked to be remembered by.",Mark 14:13-25,
1131,Y,Luke,Luke 2:49,Why were you searching for me? Didn’t you know I had to be in my Father’s house?”,In My Father's House,The first recorded words of Jesus are a question about home. He knew where he belonged before anyone told him.,"The twelve-year-old Jesus is found teaching in the temple, already conscious that his life belongs to his Father.","The only glimpse of Jesus between infancy and adulthood, and it is a compact one. His parents lose him in Jerusalem. Three days later they find him in the temple courts, sitting with the teachers, asking and answering. His answer to Mary's worry is not defiant but oriented — didn't you know I had to be in my Father's house? The Greek is ambiguous: *en tois tou patros mou* — in the things of my Father, or in my Father's house. Either reading points to the same interior compass. The boy already knows where he belongs. He is not yet the teacher of the Sermon on the Mount, but the direction of his life is already set.

Luke is the only gospel to preserve this scene, and it sits between two stronger claims — the birth stories and the beginning of the public ministry. Read as a piece with the whole gospel, it grounds an important Jesus Way point. Jesus is not born quoting the Nicene Creed. He grows in wisdom, Luke says a verse later. The relationship with the Father he keeps calling people into is one he himself is growing in. That is what makes him the teacher to become like rather than the deity to worship. *Talmid* becomes like the rabbi (Lk 6:40). Every disciple starts where this boy starts — sensing that home is in the Father, and beginning to orient a whole life around it. Luke is showing you the seed of everything that follows.",Luke 2:49,
1132,Y,Luke,Luke 4:43,"I must proclaim the good news of the kingdom of God to the other towns also, because that is why I was sent.”",Sent to Proclaim the Kingdom,Not one town. Every town. The good news of the kingdom is not a franchise; it is a fire that will not stay in one place.,Jesus refuses to settle in one town because his mission is to announce the kingdom of God everywhere.,"Capernaum wants him to stay. He has just healed a synagogue full of people, and the crowds want more of the same. Jesus refuses. I must proclaim the good news of the kingdom of God to the other towns also — because that is why I was sent. The word *euangelion* — good news — is the whole point. He is not a wandering miracle-worker collecting a following. He is a herald with a message, and the message is the arrival of God's kingdom into human life right now.

Notice what the good news is. It is not a doctrine about his own death. It is not a plan of salvation involving blood. It is the kingdom itself — God's reality breaking into this world, available to any heart that will turn (*metanoia*, the transformation of consciousness) and enter it. Lk 17:21 says the kingdom is within you and among you. The Lord's Prayer asks for it to come *on earth as it is in heaven*. This verse is Jesus's own compression of his mission. Later Christian preaching often replaced this good news with a different one — that Jesus died for your sins so you can go to heaven when you die. Jesus's own good news was different. The kingdom is at hand. It is here. And he had to go from town to town, because the news of that could not stay in one place.",Luke 4:43,
1133,Y,Luke,Luke 5:4-10,"Put out into deep water, and let down the nets for a catch. Don’t be afraid; from now on you will fish for people.”",Fishers of People,Push out into the deep. The shallow catch is not what the kingdom is calling you toward.,Jesus calls fishermen to leave their nets and gather people into the kingdom instead of fish into a boat.,"Peter has fished all night and caught nothing. Jesus tells him to put out into deep water and drop the nets again. The catch is so large the nets begin to tear. Peter falls at Jesus's knees, undone. And Jesus reframes his whole life in one sentence: from now on you will fish for people. It is not a promotion. It is a redirection. The skill Peter already has — patience, reading water, working in the dark, hauling in what comes — turns out to be the skill the kingdom needs. Nothing about him is discarded. Everything about him is repointed.

The image echoes Jer 16:16, where God says I will send for many fishers who will catch my people and bring them home. Jesus is standing squarely in the prophetic tradition, gathering scattered Israel — and, before long, anyone else who will come. His movement will not be built by scholars and priests. It will be built by day laborers who know how to work. This is the Ebionim shape from the beginning: the poor ones, the manual workers, the ones the temple hierarchy did not see. Push out into the deep water is more than a fishing instruction. It is a discipleship instruction. The shallow catch — the safe, near-shore version of a life — is not what any of them are called to. From this moment, Peter and the others start walking a road that will change what fishing means.",Luke 5:4-10 | Peter 14:1–3; Peter 14:2–3,
1134,Y,Luke,Luke 5:27-31,"Follow me. It is not the healthy who need a doctor, but the sick. I have not come to call the righteous, but the sinners to repentance.”",I Came for the Sick,Doctors go where sickness is. Jesus goes where the religious have already stopped looking.,Jesus eats with tax collectors and outsiders because his mission is to reach the very people the religious have written off.,"Levi is a tax collector, which means he is a collaborator with Rome and unclean by every measure of the religious system. Jesus says follow me and Levi walks away from the toll booth. That evening Levi throws a dinner and fills it with his own people — more tax collectors, more outsiders. The Pharisees are scandalized. Why does he eat with them? Jesus's answer is disarming and pointed: healthy people don't need a doctor. Sick people do. I came for the sinners, not the righteous. He is not insulting the righteous. He is naming where the work is.

Repentance in his mouth is *metanoia* — the transformation of consciousness, not a guilty apology. He calls Levi to turn, and the turn happens instantly. The tax booth is left behind not because a rule was broken but because a heart was reoriented. Notice what Jesus does not do. He does not require Levi to make restitution first, undergo purification, or bring a temple sacrifice. He calls, Levi turns, and they eat together at the same table. The Pharisees' concern was contamination — you become what you touch. Jesus's practice reversed it — love flows the other direction. Later theology often reduced sinner to a category everyone belongs to and needs blood to escape. Jesus's use is more concrete. Sinners are the ones the system has excluded. And they are the ones he keeps looking for.",Luke 5:27-31 | Oxy 1224 5:1–2,
1135,Y,Luke,Luke 6:20-26,"Blessed are you who are poor, for yours is the kingdom of God. Blessed are you who hunger now, for you will be satisfied. Blessed are you who weep now, for you will laugh. Blessed are you when people hare you, when they exclude you and insult you and reject your name as evil, because of the Son of Man. Rejoice in that day and leap for joy, because great is your reward in heaven. For that is how their ancestors treated the prophets. But woe to you who are rich, for you have already received your comfort. Woe to you who are well fed now, for you will go hungry. Woe to you who laugh now, for you will mourn and weep. Woe to you when everyone speaks well of you, for that is how their ancestors treated the false prophets.”",Blessings and Woes,Blessed are the poor — not the poor in spirit. Luke keeps it economic. The kingdom belongs to the ones who have nothing to protect.,"Jesus pronounces blessings on the poor and hungry and grieving, and matching woes on the rich and full and celebrated, because reciprocity is the law of the kingdom.","Luke's Sermon on the Plain is starker than Matthew's Sermon on the Mount. Where Matthew softens ""poor"" into ""poor in spirit,"" Luke leaves it economic. Blessed are you who are poor. Woe to you who are rich. This is the Ebionim — the poor ones — hearing themselves directly named by their teacher. The blessings are not moral rewards. They are statements about who is already positioned to enter the kingdom. When you have nothing to protect, you have nothing standing between you and God. When you are full, comfortable, and admired, you have every incentive to keep things as they are. The woes are not curses. They are the honest consequence of a life spent stockpiling what cannot be kept.

Reciprocity runs underneath the whole set. Comfort now, hunger later. Applause now, empty seat later. It matches how Jesus talks everywhere else — the measure you give is the measure you get. Later Christian preaching often turned the Beatitudes into interior virtues so that no one with money had to feel implicated. Luke does not allow that move. He also flips a warning nobody quotes — woe when everyone speaks well of you, for that is how the false prophets were treated. Popularity is not vindication. Faithfulness in the direction of the kingdom often looks, from the outside, like losing. The blessings are for people who are already living that way. The woes are a chance to notice, while there is still time to turn.",Luke 6:20-26 | Q 6:20–26,
1136,Y,Luke,Luke 6:43-45,"No good tree beards bad fruit, nor does a bad tree bear good fruit. Each tree is recognized by its own fruit. People do not pick figs from thornbushes, or grapes from briers. A good man brings good things out to the good stored up in his heart, and an evil man brings evil things out of the evil stored up in his heart. For the mouth speaks what the heart is full of.”",A Tree and Its Fruit,"You cannot fake the fruit. The mouth is a readout of the heart, and thorns will never produce grapes.",What a person consistently produces reveals what is stored inside; the heart cannot be hidden from what the mouth eventually says.,"A good tree cannot produce bad fruit and a bad tree cannot produce good. The image is agricultural and unavoidable. You do not pick figs from a thornbush. Whatever a life produces over time is a truthful readout of what is inside it. Jesus is not talking about a single bad day or a slip of the tongue. He is talking about the pattern that repeats — the words that keep coming out, the reactions that keep surfacing, the actions that keep being taken. The mouth speaks what the heart is full of. The overflow is the evidence.

Which makes the inner work Jesus keeps calling for the only work that matters. You cannot polish the fruit. You have to tend the tree. *Metanoia* — the transformation of consciousness — changes the heart's storage. That, and only that, changes what overflows from the mouth. This is why Jesus keeps aiming at the interior: anger before murder, lust before adultery, resentment before revenge. Change the source and the stream takes care of itself. The teaching is doubly attested in Matthew and Luke and preserved in Q, which means it was central to how Jesus talked about the inner life. It is also why he was hard on religious performance. A person who has trained the outside without tending the inside will eventually be given away by what slips out. The fruit does not lie.",Luke 6:43-45 | Q 6:43–45,
1137,Y,Luke,Luke 7:13-14,"Don’t cry. Young man, I say to you, get up!”",The Widow's Son at Nain,"Two words for a grieving mother, two words for a dead son. Don't cry. Get up. That is what the kingdom sounds like.","Jesus stops a funeral procession and returns a widow's only son to her, moved by compassion for a mother about to lose everything.","The scene is small and devastating. A widow is walking behind the body of her only son. In her world this means not just grief but destitution — she has no one left to provide for her. Jesus sees her and, Luke says, his heart went out to her. Compassion is the trigger. He speaks two words to her — don't cry — and two words to her dead son — get up. And the boy sits up. Jesus gives him back to his mother. There is no theology being taught here. No demand for faith. No parable attached. Just a widow he does not know, a stranger's son, and love that will not accept the ending the day was writing.

The echo is unmistakable. Elijah raised a widow's son at Zarephath (1 Kgs 17). Elisha raised a widow's son at Shunem (2 Kgs 4). Luke is showing his readers that Jesus stands in the prophetic line, and the crowd names it out loud a verse later: a great prophet has arisen among us. But what makes the scene distinct is the emotional register. Compassion moves first. The healing is not proof-of-messiah. It is the natural expression of a heart aligned with God's — a God whose disposition toward suffering is to move toward it. This is the God of the Ebionim. This is the kingdom breaking into a Tuesday funeral for a woman nobody would otherwise have noticed.",Luke 7:13-14,
1138,Y,Luke,Luke 7:40-50,"Simon, I have something to tell you. Two people owed money to a certain moneylender. One owed him five hundred denarii, and the other fifty. Neither of them had the money to pay him back, so he forgave the debts of both. Now which of them will love him more? You have judged correctly. Do you see this woman? I came into your house. You did not give me any water for my feet, but she wet my feet with her tears and wiped them with her hair. You did not give me a kiss, but this woman, from the time I entered, has not stopped kissing my feet. You did not put oil on my head, but she has poured perfume on my feet. Therefore, I tell you, her many sins have been forgiven – as her great love has shown. But whoever has been forgiven little loves little. Your sins are forgiven. Your faith has saved you; go in peace.”",She Loved Much,No blood. No sacrifice. No creed. A woman loved much and was forgiven. That's the whole transaction.,"Forgiveness flows freely to a heart that loves extravagantly, without sacrifice or ritual.","A woman widely known as a sinner walks into a Pharisee's dinner party uninvited, falls weeping at Jesus's feet, washes them with her tears, dries them with her hair, and anoints them with expensive perfume. She The Pharisee, the most religiously observant man in the room, is horrified. Seeing this, Jesus answers with a parable about two cancelled debts — which debtor loves more? The one forgiven most, obviously.

Then the teaching: her sins, which are many, are forgiven — because she loved much. But the one who is forgiven little loves little.

No blood. No sacrifice. No creed. No confession. A woman loved extravagantly and was forgiven. That is the entire transaction.

Paul wrote that without the shedding of blood there is no forgiveness of sins. Jesus just forgave a woman's sins without a drop of blood shed — because she loved much. These are not two versions of the same gospel. Paul says blood. Jesus says love.  Both can't be true.

The kingdom works exactly the way Jesus said it would.",Luke 7:40-50,
1139,Y,Luke,Luke 9:41,"You unbelieving and perverse generation, how long shall I stay with you and put up with you? Bring your son here.”",An Unbelieving Generation,Jesus's sharpest sighs are aimed at his own disciples. Trust in the kingdom is not a mood — it is a muscle you have to use.,"Jesus's frustration with the disciples' failure to heal is a call to deeper trust, not a rebuke of the boy or his father.","Jesus comes down the mountain from the Transfiguration and finds the disciples defeated. A boy is convulsing. The father is desperate. They tried and could not help. Jesus's response has weary heat in it: unbelieving and perverse generation, how long shall I put up with you? Bring your son here. The scolding is aimed inward, at the disciples he has been teaching, not at the crowd or the father. He has shown them the kingdom's power at work. He has sent them out to do the same. And here they are, back in their old smallness. He takes over, heals the boy, and the story continues.

The Greek behind ""unbelieving"" is *apistos* — literally without *pistis*, without trust. The problem is not intellectual doubt about a doctrine. It is a heart that has not yet learned to lean fully on what is available. Jesus keeps saying it: everything is possible for the one who trusts. When Mark tells this story he adds that Jesus said this kind comes out only by prayer — meaning the disciples had gone to work without doing the interior work. The rabbi keeps handing back what the *talmid* is supposed to grow into. Not one more miracle from Jesus. A deeper practice from you. The sigh in this verse is the sigh of a teacher who wants his students to become what he has shown them they can be — and who is watching them not yet believe it.",Luke 9:41,
1140,Y,Luke,Luke 10:2-24,"The harvest is plentiful, but the workers are few. Ask the Lord of the harvest, therefore, to send out workers into his harvest field. Go! I am sending you out like lambs among wolves. Do not take a purse or bag or sandals; and do not greet anyone on the road. When you enter a house, first say, ‘Peace to this house.’ If someone who promotes peace is there, your peace will rest on them; if not, it will return to you. Stay there, eating and drinking whatever they give you, for the worker deserves his wages. Do not move around from house to house. When you enter a town and are welcomed, eat what is offered to you. Heal the sick who are there and tell them, ‘The kingdom of God has come near to you.’ But when you enter a town and are not welcomed, go into its streets and say, ‘Even the dust of your town we wipe from our feet as a warning to you. Yet be sure of this: The kingdom of God has come near.’ I tell you, it will be more bearable on that day for Sodom than for that town. Woe to you, Chorazin! Woe to you, Bethsaida! For if the miracles that were performed in you had been performed in Tyre and Sidon, they would have repented long ago, sitting in sackcloth and ashes. But it will be more bearable for Tyre and Sidon at the judgement than for you. And you, Capernaum, will you be lifted to the heavens? No, you will go down to Hades. Whoever listens to you listens to me; whoever rejects you rejects me; but whoever rejects me rejects him who sent me.” I have given you authority to trample on snakes and scorpions and to overcome all the power of the enemy; nothing will harm you. However, do not rejoice that the spirits submit to you, but rejoice that your names are written in heaven. I praise you, Father, Lord of heaven and earth, because you have hidden these things from the wise and learned, and revealed them to little children. Yes, Father, for this is what you were pleased to do. All things have been committed to me by my Father. No one knows who the Son is except the Father, and no one knows who the Father is except the Son and those to whom the Son chooses to reveal him. Blessed are the eyes that see what you see. For I tell you that many prophets and kings wanted to see what you see but did not see it, and to hear what you hear but did not hear it.”",The Sending of the Seventy-Two,Travel light. Speak peace first. Heal what you find. Say the kingdom has come near. Then move on.,"Jesus sends the seventy-two ahead of him with a minimalist mission — carry nothing, offer peace, heal, and announce that the kingdom of God is here.","This is the movement being scaled. Twelve was the inner circle. Seventy-two is the wider mission — and the number echoes the seventy nations of Gen 10, hinting that the reach is meant to be universal. The instructions are severe and practical. No purse. No bag. No sandals. No greetings on the road that delay the work. Travel as lambs among wolves. Enter a house and speak peace. Eat what is offered. Heal the sick. And say the same line everywhere: the kingdom of God has come near. It is a compact mission statement, and it is the same one Jesus himself has been living.

Several things stand out. The command to eat what is offered quietly sets aside the purity laws that turned every meal into a border check. The peace-first practice — *shalom* to this house — is the Nazarene greeting; if the household is at peace, your peace rests there; if not, it returns to you. Nothing is coerced. Nothing is wasted. The reward-language about names written in heaven and the woes to Chorazin and Bethsaida are not spite; they are reciprocity — the same law that runs through the whole gospel. When they return joyful because even demons submit, Jesus redirects: don't rejoice about that; rejoice that you belong to what is real. Then he prays what Q preserves as one of his most tender lines — the wise miss it and the little children see it. This is what a Jesus Way community, sent, looks like.","Luke 10:2-24 | Thomas 14, 38, 73 | Q 10:13–15; Q 10:16; Q 10:23–24; Q 10:2–12; Q 13:24–27 | Peter 2:5 496, 331",
1141,Y,Luke,Luke 10:26-37,"What is written in the Law? How do you read it? You have answered correctly, do this and you will live. A man was going down from Jerusalem to Jericho, when he was attacked by robbers. They stripped him of his clothes, beat him and went away, leaving him half dead. A priest happened to be going down the same road, and when he saw the man, he passed by on the other side. So too, a Levite, when he came to the place and saw him, passed by on the other side. But a Samaritan, as he traveled, came where the man was; and when he saw him, he took pity on him. He went to him and bandaged his wounds, pouring on oil and wine. Then he put the man on his own donkey, brought him to an inn and took care of him. The next day he took out two denarii and gave them to the innkeeper. ‘Look after him, and when I return, I will reimburse you for any extra expense you may have.’ Which of these three do you think was a neighbor to the man who fell into the hands of robbers? Go and do likewise.”",The Good Samaritan,Neighbor is not a category. It is a verb. The one who did mercy is the one who was neighbor.,Being a neighbor is defined by acts of mercy across every line that would otherwise divide you from the person in front of you.,"A lawyer wants a clean definition — who is my neighbor? Jesus refuses to draw the line the lawyer is asking for. Instead he tells a story. A man is beaten and left half-dead. A priest and a Levite — the religious professionals, the ones who know the law — walk past on the other side of the road. A Samaritan, one of the group Jews of the day held in contempt, stops. He binds the wounds, uses his own oil and wine, puts the man on his own animal, pays for his care, and promises to come back. Then Jesus flips the question. He does not answer who is my neighbor. He asks: which of these three *was* a neighbor? The lawyer cannot even bring himself to say the word Samaritan — he says the one who showed mercy. And Jesus says: go and do likewise.

The whole teaching turns on that flip. Neighbor is not a category to be defined; it is an act you perform. Love your neighbor as yourself (Lev 19:18) had been on the books for centuries. Jesus makes it inescapable by putting the mercy in the mouth of the outsider and the failure in the mouth of the temple hierarchy. Sin here is doing nothing — passing by. Righteousness is stopping, at cost to yourself, for a stranger you were taught to avoid. This is the whole law and the prophets in a single roadside scene. Paul later argued Christ ended the law (Rom 10:4); Jesus does the opposite — he tells the lawyer that the answer he already knew from the Torah is the answer, and go and do it.",Luke 10:26-37,
1142,Y,Luke,Luke 10:41-42,"Martha, Martha, you are worried and upset about many things, but few things are needed – or indeed only one. Mary has chosen what is better, and it will not be taken away from her.”",Only One Thing Is Needed,Serving the meal is not more important than sitting at the feet of the teacher. Choose what will not be taken from you.,Mary has chosen the one necessary thing — attention to the teacher — and Jesus refuses to send her back to the kitchen.,"Two sisters, two responses. Martha is doing the work of hospitality — a serious cultural obligation, and she is doing it alone. Mary is sitting at Jesus's feet, which is the posture of a disciple, a *talmid* — the posture that in her world was reserved for men. Martha's frustration is understandable. She asks Jesus to intervene. And he does, but not the way she expected. Martha, Martha — the doubled name is affectionate. You are worried and upset about many things. Only one is needed. Mary has chosen it, and it will not be taken from her.

Read this quietly. Jesus is not shaming Martha's service. Service is everywhere in his teaching. He is naming the distortion — anxious activity that has lost its center. Many things is the shape of a life pulled in every direction. One thing is presence with the teacher, from which everything else flows. And notice what he defends. He defends a woman occupying the disciple's seat, in a culture that did not put women there. Luke keeps quietly doing this. Mary is not being told to leave the classroom and go help her sister. She is being told she has chosen well. The Jesus Way makes room, in the same room, for the same teaching, for anyone willing to sit down. What she is receiving cannot be taken from her — because it is not a task performed; it is a heart being formed.",Luke 10:41-42,
1143,Y,Luke,Luke 11:2-13,"When you pray, say: Father, hallowed be your name, your kingdom come. Give us each day our daily bread. Forgive us our sins, for we also forgive everyone who sins against us. And lead us not into temptation. Suppose you have a friend, and you go to him at midnight and say, ‘Friend, lend me three loaves of bread; a friend of mine on a journey has come to me, and I have no food to offer him.’ And suppose the one inside answers, ‘Don’t bother me. The door is already locked, and my children and I hare in bed. I can’t get up and give you anything.’ I tell you, even though he will not get up and give you the bread because of friendship, yet because of your shameless audacity he will surely get up and give you as much as you need. So I say to you: Ask and it will be given to you; seek and you will find; knock and the door will be opened to you. For everyone who asks receives; the one who seeks finds; and to the one who knocks, the door will be opened. Which of you fathers, if your son asks for a fish, will give him a snake instead? Or if he asks for an egg, will give him a scorpion? If you then, though you are evil, know how to give good gifts to your children, how much more will your Father in heaven give the Holy Spirit to those who ask him!”","Ask, Seek, Knock",Keep asking. Keep seeking. Keep knocking. The door was never locked against you.,Prayer is persistent trust that the Father gives good gifts to those who keep asking with an open heart.,"Luke's version of the Lord's Prayer is shorter and rougher than Matthew's, closer to the original. Father, hallowed be your name. Kingdom come. Daily bread. Forgive as we forgive. Do not lead us into temptation. That is it. Then Jesus tells a story about a friend at midnight who bangs on the door until he gets bread. Not because the sleeping neighbor loves him but because he is shameless — the Greek is *anaideia*, unflinching persistence. And then the promise: ask and you will receive; seek and you will find; knock and it will be opened. The Greek verbs are continuous. Keep asking. Keep seeking. Keep knocking. Prayer is a posture, not a transaction.

And notice what he says the Father gives. Not necessarily the thing you named. If your child asks for a fish, you don't hand them a snake. If they ask for an egg, not a scorpion. If flawed human parents know how to give good gifts, how much more the Father will give the Holy Spirit — the presence of God's own life — to anyone who asks. This is the frame the whole prayer sits in: the Father is not withholding. The door is not locked. The wait is not the Father's reluctance; it is the shaping of the one who is asking. Jer 29:13 already said it — you will seek me and find me when you seek with all your heart. Jesus stands in that promise and hands it forward. Keep at it. What you are truly asking for is already what the Father wants to give.","Luke 11:2-13 | Thomas 2, 92, 94 | Q 11:2–4; Q 11:9–13 | Nazoreans 3",
1144,Y,Luke,Luke 11:33-36,"No one lights a lamp and puts it in a place where it will be hidden, or under a bowl. Instead they put it on its stand, so that those who come in may see the light. Your eye is the lamp of your body. When your eyes are healthy, your whole body also is full of light. But when they are unhealthy, your body also is full of darkness. See to it, then, that the light within you is not darkness. Therefore, if your whole body is full of light, and no part of it dark, it will be just as full of light as when a lamp shines its light on you.”",The Lamp of the Body,How you see is what you become. A clear eye fills the whole body with light.,"The way you see determines the state of your whole being; a healthy inner eye fills you with light, a diseased one leaves you in darkness.","The eye is the lamp of the body. If your eye is healthy, your whole body is full of light. If it is unhealthy, your body is full of darkness. The Greek is telling — *haplous* means single, whole, undivided. *Poneros* means diseased, evil, or in the Semitic idiom, stingy. Jesus is not talking about optics. He is talking about the way you see. A single, whole, generous seeing produces a life full of light. A grasping, suspicious, divided seeing produces a life full of darkness. What you take in is what fills you. What fills you is what you become.

Then the sharpest line: see to it that the light within you is not darkness. It is possible to think you are a lamp when you are actually the source of the shadow. Religious professionals were the perfect example in Jesus's day — certain of their own righteousness, and blind to it. He pairs the saying with the lamp on the stand (also in Thomas 33 and Q). The kingdom is not for hiding. But the lamp only gives light if the flame inside is actually clean. This is why *metanoia* — the ongoing transformation of how you see — is the whole interior work. Change the eye and the body changes. And the community around a person full of light does not need to be preached at. It just sees.","Luke 11:33-36 | Thomas 24, 61 | Q 11:33; Q 11:34–35",
1145,Y,Luke,Luke 11:39-52,"Now then, you Pharisees clean the outside of the cup and dish, but inside you are full of greed and wickedness. You foolish people! Did not the one who made the outside make the inside also? But now as for what is inside you – be generous to the poor, and everything will be clean for you. Woe to the Pharisees, because you give God a tenth of your mint, rue and all the other kinds of garden herbs, but you neglect justice and the love of God. You should have practiced the latter without leaving the former undone. Woe to you Pharisees, because you love the most important seats in the synagogues and the respectful greetings in the marketplaces. Woe to you, because you are like unmarked graves, which people walk over without knowing it. And you experts in the law, woe to you, because you load people down with burdens they can hardly carry, and you yourselves will not lift one finger to help them. Woe to you, because you build tombs for the prophets, and it was your ancestors who killed them. So you testify that you approve of what your ancestors did; they killed the prophets, and you build their tombs. Because of this, God in his wisdom said, ‘I will send them prophets and apostles, some of whom they will kill and others they will persecute.’ Therefore this generation will be held responsible for the blood of all the prophets that has been shed since the beginning of the world, from the blood of Abel to the blood of Zechariah, who was killed between the altar and he sanctuary. Yes, I tell you, this generation will be held responsible for it all. Woe to you experts in the law, because you have taken away the key to knowledge. You yourselves have not entered, and you have hindered those who were entering.”",Woes on the Pharisees,"You have taken the key of knowledge, entered nowhere yourselves, and slammed the door on those who tried.","Religious performance without inner cleanness, mercy, and justice is not righteousness — it is the very thing that kills the prophets.","Jesus takes the religious professionals apart in public. The critique is not that they follow the wrong tradition — it is that they polish the outside of the cup while the inside is full of greed. Tithing garden herbs down to the leaf, angling for the best seats, collecting deferential greetings in the marketplace — meanwhile they neglect justice and the love of God. That last phrase is the whole indictment. Jesus is holding the Golden Rule up against their scoreboard and pointing out that they have optimised for the wrong game entirely. The 613 scribal rules — what Jeremiah 8:8 calls the lying pen of the scribes — have crowded out the two commandments that actually hang the whole law: love God, love neighbor.

The experts in the law get their own woe: they load people down with burdens they will not lift a finger to help carry, and they have taken away the key of knowledge. That key is the direct, unmediated access to God that Jesus is opening up. Enter, and let others enter — or block the door. There is no third option. And the line about building tombs for the prophets while carrying on the family business of killing them is devastating. You cannot honor a dead prophet you would have murdered alive. This is preserved in Luke, in Matthew 23, and in Q — the tradition remembered Jesus returning to this again and again. It also became one of the reasons the establishment wanted him gone.",Luke 11:39-52 | Thomas 89 | Q 11:39b; Q 11:41–44; Q 11:46; Q 11:47–51; Q 11:52,
1146,Y,Luke,Luke 12:1-12,"Be on guard against the yeast of the Pharisees, which is hypocrisy. There is nothing concealed that will not be disclosed, or hidden that will not be made known. What you have said in the dark will be heard in the daylight, and what you have whispered in the ear in the inner rooms will be proclaimed from the roofs. I tell you, my friends, do not be afraid of those who kill the body and after that can do no more. But I will show you whom you should fear: Fear him who, after your body has been killed, has the authority to throw you into hell. Yes, I tell you, fear him. Are not five sparrows sold for two pennies? Yet not one of them is forgotten by God. Indeed, the very hairs on your head are all numbered. Don’t be afraid; you are worth more than many sparrows. I tell you, whoever publicly acknowledges me before others, the Son of Man will also acknowledge before the angels of God. But whoever disowns me before others will be disowned before the angels of God. And everyone who speaks a word against the Son of Man will be forgiven, but anyone who blasphemes against the Holy Spirit will not be forgiven. When you are brought before synagogues, rulers and authorities, do not worry about how you will defend yourselves or what you will say, for the Holy Spirit will teach you at that time what you should say.”",Warnings and Encouragements,Whatever you whisper in the inner rooms will be shouted from the roofs — reality has no hidden compartment.,"Nothing stays hidden, so live openly, fear only what can close the heart, and trust that you are seen and held.","Jesus strings together short sayings that all point the same direction — live as if everything is visible, because it is. The yeast of the Pharisees is hypocrisy: a small amount of pretending works through the whole loaf of a life until nothing in it is real. Whatever you have said in the dark will be heard in daylight. NDE reports keep confirming this at another register — the life review shows everything, from every angle, with no editing suite. Reciprocity is not a threat here. It is the physics of a moral universe that has no back rooms. Live in a way that would survive being played back in full.

Then the pivot to fearlessness. Do not be afraid of those who can kill the body. The only real danger is the condition Jesus has just named as the blaspheming of the Holy Spirit — a heart so closed to the inner voice that the map home is destroyed from inside. Fear that, and only that. Everything else is framed by God's attention. Five sparrows for two pennies and not one of them forgotten. The hairs on your head numbered. This is not a promise that nothing painful will happen — it is the assurance that you are held in the middle of it. Publicly acknowledge Jesus by walking his way, and the human one acknowledges you. Disown the way and you disown yourself. The Holy Spirit will give you the words when you need them. Trust it.","Luke 12:1-12 | Thomas 33, 44 | Q 12:2–3; Q 12:4–7; Q 12:8–12",
1147,Y,Luke,Luke 12:14-21,"Man, who appointed me a judge or an arbiter between you? Watch out! Be on your guard against all kinds of greed; life does not consist in an abundance of possessions. The ground of a certain rich man yielded an abundant harvest. He thought to himself, ‘What shall I do? I have no place to store my crops.’ Then he said, ‘This is what I’ll do. I will tear down my barns and build bigger ones, and there I will store my surplus grain.’ And I’ll say to myself, ‘You have plenty of grain laid up for many years. Take life easy; eat, drink and be merry.’ But God said to him, ‘You fool! This very night your life will be demanded from you. Then who will get what you have prepared for yourself?’ This is how it will be with whoever stores up things for themselves but is not rich toward God.”",The Rich Fool,"You cannot store your soul in a barn. The night your life is demanded, whose does the surplus become?",A life is not the size of its storehouse; hoarding for yourself while ignoring God and neighbor is the definition of foolishness.,"A man in the crowd tries to enlist Jesus as an inheritance arbitrator. Jesus refuses the role and turns the moment into a diagnosis of the underlying disease — greed, and the illusion that a life is measured by what it accumulates. The parable is almost cinematic. A good harvest, a private monologue, a plan to demolish and rebuild bigger, a self-congratulatory retirement speech to his own soul. Take life easy. Eat, drink, be merry. Then one line from God undoes it all: You fool. Tonight your life will be demanded. Who gets the surplus now? The rich man is not condemned for being productive. He is condemned for the pronouns. My crops, my barns, my grain, my soul. Not a single mention of God, and not a single mention of a neighbor.

This is the Jesus Way answer to the anxiety of accumulation. Rich toward God means rich in the currency the kingdom actually uses — generosity, mercy, presence, love. Thomas 63 preserves the same parable, and Thomas 72 preserves the same refusal to arbitrate an inheritance. In the Nazarene / Ebionim community around Jesus, this teaching had teeth. They pooled their possessions (Acts 2:44-45, 4:32-35; 1QS 6) precisely because they took him seriously. The rich fool is the anti-Ebionite — a man who solved the problem of abundance by building a bigger private container instead of opening the doors. The barn is the tomb.","Luke 12:14-21 | Thomas 63, 72",
1148,Y,Luke,Luke 12:35-48,"Be dressed ready for service and keep your lamps burning, like servants waiting for their master to return from a wedding banquet, so that when he comes and knocks they can immediately open the door for him. It will be good for those servants whose master finds them watching when he comes. Truly I tell you, he will dress himself to serve, will have them recline at the table and will come and wait on them. It will be good for those servants whose master finds them ready, even if he comes in the middle of the night or toward daybreak. But understand this: If the owner of the house had known at what hour the thief was coming, he would not have let his house be broken into. You also must be ready, because the Son of Man will come at an hour when you do not expect him. Who then is the faithful and wise manager, whom the master puts in charge of his servants to give them their food allowance at the proper time? It will be good for that servant whom the master finds doing so when he returns. Truly I tell you; he will put him in charge of all his possessions. But suppose the servant says to himself, ‘My master is taking a long time in coming,’ and he then begins to beat the other servants, both men and women, and to eat and drink and get drunk. The master of that servant will come on a day when he does not expect him and at an hour he is not aware of. He will cut him to pieces and assign him a place with the unbelievers. The servant who knows the master’s will and does not get ready or does not do what the master wants will be beaten with many blows. But the one who does not know and does things deserving punishment will be beaten with few blows. From everyone who has been given much, much will be demanded; and from the one who has been entrusted with much, much more will be asked.”",Watchfulness,"Live like the master might walk in tonight — because the moment the kingdom is real for you, he already has.","Stay awake and faithful with what you have been trusted with, because presence is measured moment by moment, not at some distant reckoning.","Keep your lamps burning. Be dressed for service. The image is a household in the middle of the night, alert for a returning master. In the Jesus Way reading this is not about calendar-watching for an apocalypse. The kingdom is at hand, within and around you (Lk 17:21) — the moment you turn (*metanoia*) you are already inside it. Watchfulness is the daily posture that keeps you in that awareness. The thief image tightens the point: reality does not schedule its arrivals. The knock comes when it comes. A life lived as if the master might walk in at any hour is a life that is actually awake.

The faithful and wise manager section flips the parable inward. What matters is not the return date but how you steward what you have been entrusted with in the meantime. Feed the household on time. Treat the other servants well. The moment the manager decides no one is watching and starts beating the servants and drinking the wine, the mask has dropped — the outward compliance was theater. This is the same warning as the yeast of the Pharisees, in parable form. And the closing line is one of the sharpest sentences Jesus ever spoke: from everyone who has been given much, much will be demanded. There is no neutral stewardship. The gifts you carry — knowledge, resources, influence, a healed heart — are given to be poured out, not laid away in a piece of cloth.","Luke 12:35-48 | Thomas 21, 103 | Q 12:39–40; Q 12:42–46",
1149,Y,Luke,Luke 12:49-53,"I have come to bring fire on the earth, and how I wish it were already kindled! But I have a baptism to undergo, and what constraint I am under until it is completed! Do you think I came to bring peace on earth? No, I tell you, but division. From now on there will be five in one family divided against each other, three against two and two against three. They will be divided, father against son and son against father, mother against daughter and daughter against mother, mother-in-law against daughter-in-law and daughter-in-law against mother-in- law.”",Not Peace but Division,The gospel is a fire. It warms some hearts and burns down the households that live on lies.,"Choosing the narrow way of Jesus will divide you from people who wanted you to stay comfortable — that split is not the failure of the gospel, it is the evidence of it.","This is one of the hard sayings, and it lands harder when you read it against the Christmas-card version of Jesus. He came to bring fire. He longs for it to be already kindled. He came not to bring peace but division — father against son, mother against daughter, five in one household split three against two. The Jesus Way reading is not that Jesus wants families to fight. It is that the moment one person in a household walks the narrow road — loves enemies, forgives without conditions, refuses to hoard, refuses to swear oaths, refuses to defer to power — the systems built on the opposite of those things will react. The peace Jesus refuses is the false peace of everyone politely propping up the same lie. That peace has to go before real peace can come.

The baptism Jesus is under constraint about is his own coming death. He knows the cost of what he is doing, and he knows the cost his followers will pay. Thomas preserves the same saying in tighter form (Th 10 — I have cast fire on the world; Th 16 — I have come to cast divisions), which is one of the ways we know it is authentic — it survives across independent streams. This is a Nazarene community memory. They knew what it was to be split from family and synagogue over the way they lived. Jesus is warning his people ahead of time: if you actually do this, you will lose some rooms in the house. Do it anyway. The fire is worth it.","Luke 12:49-53 | Thomas 10, 16, 82 | Q 12:49, 51, 53",
1150,Y,Luke,Luke 12:54-59,"When you see a cloud rising in the west, immediately you say, ‘It’s going to rain,’ and it does. And when the south wind blows, you say, ‘It’s going to be hot,’ and it is. Hypocrites! You know how to interpret the appearance of the earth and the sky. How is it that you don’t know how to interpret this present time? Why don’t you judge for yourselves what is right? As you are going with your adversary to the magistrate, try hard to be reconciled on the way, or your adversary may drag you off to the judge, and the judge turn you over to the officer, and the officer throw you into prison. I tell you, you will not get out until you have paid the last penny.”",Interpreting the Times,You can read a cloud on the horizon. Why can't you read the moment you're standing in?,The signs of the kingdom are all around you already — the only thing missing is the honesty to see them and act.,"Jesus turns weather forecasting into an indictment. You see a cloud in the west and call the rain. You feel a south wind and call the heat. You are experts on the sky. So why do you not know how to interpret this present time? The time in question is the moment of decision he has been putting in front of them for chapters — the kingdom of God has drawn near, the prophets Jesus stands in the line of are being echoed in his own voice, the choice is here. Hypocrites, he says. Not because they lack information. Because they have refused to draw the obvious conclusion from what they can plainly see.

Then a very practical piece of wisdom: settle with your adversary on the way to court. Do not let the reciprocal machinery of the universe grind you through the judge and the officer and the prison until the last penny is paid. This is the same law of measure-for-measure he teaches everywhere else, in a legal metaphor. Forgive now, on the road, before the case is filed. Reconcile now, while there is still room to move. The reciprocity is not a threat — it is a description. What you release now, you are released from. What you carry into the courtroom, you will pay in full. Thomas 91 preserves a version of the sign-reading rebuke, and the settle-on-the-way saying is also in Matthew's Sermon (5:25-26). Two independent streams, one clear demand: read the moment, and act on it.",Luke 12:54-59 | Thomas 91 | Q 12:54–56; Q 12:58–59,
1151,Y,Luke,Luke 13:2-9,"Do you think that these Galileans were worse sinners than all the other Galileans because they suffered this way? I tell you, no! But unless you repent, you too will all perish. Or those eighteen who died when the tower in Siloam fell on them – do you think they were more guilty than all the others living in Jerusalem? I tell you, no! But unless you repent, you too will all perish. A man had a fig tree growing in his vineyard, and he went to look for fruit on it but did not find any. So he said to the man who took care of the vineyard, ‘For three years now I’ve been coming to look for fruit on this fig tree and haven’t found any. Cut it down! Why should it use up the soil?’ ’Sir,’ the man replied, ‘leave it alone for one more year, and I’ll dig around it and fertilize it. If it bears fruit next year, fine! If not, then cut it down.“ Jesus Heals a Crippled Woman on the Sabbath",Repent or Perish,"The tower didn't fall because those eighteen were worse. But if you don't turn, you will fall the same way.","Suffering is not proof of sin, and safety is not proof of righteousness — but refusing to transform your consciousness will collapse the life you are building.","Someone brings Jesus news of Galileans Pilate has butchered, their blood mixed with their sacrifices. And then eighteen killed when a tower fell in Siloam. The question underneath the news is the ancient one: were they worse than the rest? Did they deserve it? Jesus rejects the premise flat. No — they were not worse. Suffering does not sort the good from the bad. This is one of the clearest places Jesus dismantles the punitive theology his contemporaries were raised on and much of the church has re-imported since. God is not running a reward-and-punishment casino where accidents mean guilt. The sun rises on the evil and the good (Mt 5:45).

But then the pivot — unless you repent, you too will all perish. That word is *metanoia*: transformation of consciousness, the whole turning of heart and mind toward God. Not guilt, not penance, not saying a formula. Jesus is not threatening supernatural revenge. He is describing a law. A life that will not turn will collapse under its own weight. And then the fig tree parable makes it grace. The owner wants to cut it down after three barren years. The gardener pleads for one more year, one more chance, one more round of digging and fertilizing. The judgment is real, and so is the patience. The gardener is buying you time. What is your fig tree doing with it?",Luke 13:2-9,
1152,Y,Luke,Luke 13:12-16,"Woman, you are set free from your infirmity. You hypocrites! Doesn’t each of you on the Sabbath untie your ox or donkey from the stall and lead it out to give it water? Then should not this woman, a daughter of Abraham, whom Satan has kept bound for eighteen long years, be set free on the Sabbath day from what bound her?”",Daughter of Abraham,Eighteen years bent double. He calls her a daughter of Abraham and stands her upright on the sabbath.,Setting a bound human being free is exactly what the sabbath is for; treating a rule as more sacred than a person is the real violation.,"A woman has been bent double for eighteen years. Jesus sees her in the synagogue, calls her over, and releases her — she straightens up and praises God. And the synagogue leader is indignant. Not at the suffering he has watched her carry for years. At the timing of the healing. There are six other days for work. Jesus's reply is one of the most exposing rhetorical questions in the gospels: you untie your ox on the sabbath to give it water — should this daughter of Abraham not be untied from what has bound her for eighteen years? The word for untie is the same word for what he did to her. He is drawing the parallel to their faces.

Two things worth naming. First — daughter of Abraham. Jesus refuses to see her as an object of debate. He names her covenant identity out loud, in a culture that would have written her off. Second — Satan has kept her bound. In the Jesus Way reading, *HaSatan* is the accuser, the adversary, the force of privation and closure that keeps human beings crushed under weight they were not made to carry. The sabbath was given for release, not for the enforcement of misery. Hosea 6:6 — I desire mercy, not sacrifice — sits under this whole scene. So does the deeper indictment of the 613 scribal expansions Jeremiah 8:8 called the lying pen of the scribes. When a rule is used to keep a woman bent double, the rule is the problem, not the healing.",Luke 13:12-16,
1153,Y,Luke,Luke 13:24-30,"Make every effort to enter through the narrow door, because many, I tell you, will try to enter and will not be able to. Once the owner of the house gets up and closes the door, you will stand outside knocking and pleading, ‘Sir, open the door for us.’ But he will answer, ‘I don’t know you or where you come from.’ Then you will say, ‘We ate and drank with you, and you taught in our streets.’ But he will reply, ‘I don’t know you or where you come from. Away from me, all you evil doers!’“ There will be weeping there, and gnashing of teeth, when you see Abraham, Isaac, and Jacob and all the prophets in the kingdom of God, but you yourselves thrown out. People will come from east and west and north and south, and will take their places at the feast in the kingdom of God. Indeed there are those who are last will be first, and first who will be last.”",The Narrow Door,"The door is narrow, not because God is stingy, but because the ego cannot get through.","Entering the kingdom takes real effort of transformation, not credentials of association — and people from every direction will make it when insiders don't.","Someone asks the classic question: will only a few be saved? Jesus answers with a door. Make every effort to enter through the narrow one, because many will try and not be able. The Greek is *agonizomai* — struggle, wrestle, the word behind agony. This is not about intellectual assent to a creed. It is about the whole-life work of turning — *metanoia* — until the ego-self small enough to fit through the door. That door has been open since the Sermon on the Mount. Love your enemies. Forgive without limit. Do not judge. Do not hoard. Do to others what you want done to you. That is the door. It is narrow because the false self will not go through it. The wide road is easy precisely because it lets the ego keep everything.

Then the sting. People who say we ate and drank with you, you taught in our streets, will hear I don't know you. Proximity is not participation. Familiarity with Jesus is not following him. And meanwhile people are streaming in from east and west and north and south to take places at the feast in the kingdom — outsiders, foreigners, the unexpected. The last will be first. This is Q, preserved also in Matthew 7:13-14 and 8:11-12, echoed in Thomas 4 and 75. Jesus returned to this teaching again and again. It is a direct correction of a religious economy that had confused belonging with entry. Nothing about being in the room saves you. What saves you is walking through the door.","Luke 13:24-30 | Thomas 4, 75 | Q 13:24–27; Q 13:28–30; Q 6:46–49",
1154,Y,Luke,Luke 13:32-35,"Go tell that fox, ‘I will keep on driving out demons and healing people today and tomorrow, and on the third day I will reach my goal.’ In any case, I must press on today and tomorrow and the next day – for surely no prophet can die outside Jerusalem! Jerusalem, Jerusalem, you who kill the prophets and stone those sent to you, how often I have longed to gather your children together, as a hen gathers her chicks under her wings, and you were not willing. Look, your house is left to you desolate. I tell you, you will not see me again until you say, ‘Blessed is he who comes in the name of the Lord.‘“ Jesus at a Pharisee’s House",Sorrow for Jerusalem,How often I longed to gather you like a hen gathers her chicks — and you were not willing.,God's love does not force itself on anyone; the tragedy of Jerusalem is a city that killed the prophets sent to save it and would not be gathered.,"Told that Herod wants him dead, Jesus calls the king a fox and refuses to change course. Today, tomorrow, the next day — he keeps healing, keeps casting out demons, keeps walking toward Jerusalem, because no prophet dies outside it. There is a kind of grim humor in the line, and there is also a settled acceptance. He knows what city he is walking into and what it does to people who speak in the voice of God. He is not a victim of the plot. He is walking into it with his eyes open, in the line of Jeremiah and Isaiah and every prophet the establishment silenced before him.

Then the lament, and it is unforgettable. Jerusalem, Jerusalem, you who kill the prophets and stone those sent to you — how often have I longed to gather your children under my wings as a hen gathers her chicks, and you were not willing. Two things sit inside that sentence. One, the maternal image of God — sheltering, warm, protective — that runs quietly through the Hebrew Bible (Ruth 2:12; Ps 91:4; Isa 66:13) and that Jesus picks up here without hesitation. Two, the tragic word: you were not willing. Free will is real. God does not override it. The house is left desolate not because God abandoned it but because the people refused to be gathered. The kingdom is offered, not imposed. This is preserved in Q, which means both Matthew and Luke are drawing from a very early memory of Jesus grieving over the city he loved.",Luke 13:32-35 | Q 13:34–35,
1155,Y,Luke,Luke 14:3-14,"Is it lawful to heal on the Sabbath or not? If one of you has a child or an ox that falls into a well on the Sabbath day, will you not immediately pull it out?” If so, the host who invited both of you will come and say to you, ‘Give this person your seat.’ Then, humiliated, you will have to take the least important place. But when you are invited, take the lowest place, so that when your host comes, he will say to you, ‘Friend, move up to a better place.’ Then you will be honored in the presence of all the other guests. For all those who exalt themselves will be humbled, and those who humble themselves will be exalted. When you give a luncheon or dinner, do not invite your friends, your bothers or sisters, your relatives, or your rich neighbors; if you do, they may invite you back and so you will be repaid. But when you give a banquet, invite the poor, the crippled, the lame, the blind, and you will be blessed. Although they cannot repay you, you will be repaid at the resurrection of the righteous.”",At a Pharisee's House,"When you throw a banquet, invite the people who cannot pay you back. That's when heaven shows up at the table.","Real generosity moves without expectation of return, and real honor is what comes to those who did not seek the honored seat.","Jesus is at a sabbath dinner in the house of a leading Pharisee, being watched. He opens by healing a man with dropsy — the same untie-your-ox logic he used in the synagogue. If your child or your ox fell into a well on the sabbath, you would pull them out. Silence in the room. Then he starts teaching from what he is watching. The guests are jockeying for the best seats. So he tells them a small, sharp parable: take the lowest place. If the host moves you up, you are honored. If you took the top place and get bumped, you are shamed in front of everyone. This is the operating principle everywhere in his teaching. All who exalt themselves will be humbled, and those who humble themselves will be exalted. Reciprocity again, in the language of a dinner party.

Then he turns on the host. Do not invite people who can invite you back. That is a transaction dressed up as hospitality. Invite the poor, the crippled, the lame, the blind — precisely the people the Pharisaic purity system pushed to the margins. Give without possibility of repayment. Then, Jesus says, you will be repaid at the resurrection of the righteous — meaning, the reciprocity works, just not on your ledger. This is the Ebionim ethic — the community named for the poor ones — brought right to the dinner tables of the elite. It is also a preview of the Great Banquet parable that follows immediately: the invited guests refuse, and the master fills the hall with exactly the people this Pharisee did not invite.",Luke 14:3-14 | Q 11:46; Q 11:52; Q 14:11,
1156,Y,Luke,Luke 14:16-24,"A certain man was preparing a great banquet and invited many guests. At the time of the banquet he sent his servant to tell those who had been invited, ‘Come, for everything is now ready.’ But they all alike began to make excuses. The first said, ‘I have just bought a field, and I must go and see it. Please excuse me.’ Another said, ‘I have just bought five yoke of oxen, and I’m on my way to try them out. Please excuse me.’ Still another said, ‘I just got married, so I can’t come.’“ The servant came back and reported this to his master. Then the owner of the house became angry and ordered his servant, ‘Go out quickly into the streets and alleys of the town and bring in the poor, the crippled, the blind and the lame.’ ‘Sir,’ the servant said. ‘what you have ordered has been done, but there is still room.’ Then the master told his servant, ‘Go out to the roads and country lanes and compel them to come in, so that my house will be full.’ I tell you, not one of those who were invited will get a taste of my banquet.“ The Cost of Being a Disciple",The Great Banquet,"The banquet was ready. The invited excused themselves for a field, an ox, a wedding. The master filled the hall with everyone else.",The kingdom feast is set — those who politely decline for their busy respectable lives are replaced at the table by the poor and the outsiders.,"A man throws a great banquet. When the food is ready he sends the servant to gather the guests who had already been invited. Every one of them makes an excuse. I bought a field. I bought oxen. I just got married. The excuses are not evil — they are the ordinary contents of a comfortable life. Property, business, family. And that is the point. It is not overt rebellion that keeps people from the kingdom feast. It is the endless little yeses to everything else. The invitations were real, and they were declined, one by one, for reasons that sound reasonable and are ruinous.

So the master orders the servant into the streets and alleys to bring in the poor, the crippled, the blind and the lame. When there is still room, he sends the servant out to the country roads to compel people to come in. The hall fills. And not one of the originally invited will taste it. Thomas 64 preserves an even sharper version — the excuses are more mercantile — and both versions land the same warning. The Jesus Way reading is direct. The kingdom is present tense, the doors are open, and the reason most people miss it is not sin as commonly imagined but a full calendar and a settled life. The tax collectors and prostitutes are going into the kingdom ahead of the religious respectable (Mt 21:31) for the same reason the poor fill this banquet hall — they had nothing important enough to say no with.","Luke 14:16-24 | Thomas 64 | Q 14:16–18, 21, 23",
1157,Y,Luke,Luke 14:26-35,"If anyone comes to me and does not hate father and mother, wife and children, brothers and sisters – yes, even their own life – such a person cannot be my disciple. And whoever does not carry their cross and follow me cannot be my disciple. Suppose one of you want to build a tower. Won’t you first sit down and estimate the cost to see if you have enough money to complete it? For if you lay the foundation and are not able to finish it, everyone who sees it will ridicule you, saying. ‘This person began to build and wasn’t able to finish.’ Or suppose a king is about to go to war against another king. Won’t he first sit down and consider whether he is able with ten thousand men to oppose the one coming against him with twenty thousand? If he is not able, he will send a delegation while the other is still a long way off and will ask for terms of peace. In the same way, those of you who do not give up everything you have cannot be my disciples. Salt is good, but if it loses its saltiness, how can it be made salty again? It is fit neither for the soil nor the manure pile; it is thrown out. Whoever has ears to hear, let them hear.”",The Cost of Being a Disciple,Sit down and count the cost. Build the tower or don't start. Half-built lives make everyone laugh.,"Following Jesus costs you the ego-self, the possessions you cling to, and every attachment you would put above the way — go in with your eyes open or don't go in at all.","This is one of the most demanding passages in the gospels, and it is unmistakably Jesus. The Aramaic idiom behind hate is not the English word. It is a Semitism for radical prioritization — love less by comparison. Nothing — not father, not mother, not spouse, not children, not siblings, not your own life — can outrank the way. Then the cross. Everyone in that first-century Palestinian crowd had seen crucifixions along the roads. Take up your cross meant carry the tool of your own execution. In practice this is *aparneomai* — to utterly disown the ego-self that clings to family approval and self-preservation. Not once. Every day, as Luke elsewhere adds.

Then two little parables that make the demand almost tender in its honesty. Would you start building a tower without counting whether you can finish it? Would a king march on a stronger army without asking whether he needs to sue for peace? Jesus is not tricking anyone into discipleship. He is saying: count the cost first. Give up everything you have, or do not call yourself my disciple. In the Nazarene / Ebionim community this was not metaphor — selling possessions and pooling them was the entry requirement (Acts 2:44-45, 4:32-35; 1QS 6). Then the salt image, preserved in Matthew and Mark and Thomas 32 and 101 as well as Q — salt that has lost its saltiness is useless. A half-hearted disciple is not a partial success. It is unsalted salt. Whoever has ears to hear.","Luke 14:26-35 | Thomas 32, 55, 101 | Q 11:33; Q 14:26–27; Q 14:34–35",
1158,Y,Luke,Luke 15:4-7,"And when he finds it, he joyfully puts it on his shoulders and goes home. Then he calls his friends and neighbors together and says, ‘Rejoice with me; I have found my lost sheep.’ I tell you that in the same way there will be more rejoicing in heaven over one sinner who repents than over ninety-nine righteous persons who do not need to repent.”",The Lost Sheep,He leaves the ninety-nine and goes after the one. Heaven throws a party over a turning heart.,"God actively pursues the one who has wandered, and heaven celebrates a single transformation more than the presence of a ninety-nine who never left.","This is the shepherd's math, and it does not compute in a spreadsheet. Ninety-nine sheep safe, one lost. The shepherd leaves the ninety-nine to go find the one. When he finds it he lifts it onto his shoulders — not drags it back with a rope, not scolds it home — carries it, and throws a party. Rejoice with me. I have found what I lost. And then Jesus turns the parable outward: this is what heaven looks like every time a single person turns. There is more rejoicing over one *metanoia* — one transformation of consciousness — than over ninety-nine who never needed one.

This is a direct rebuke to a religious culture (theirs and ours) that measures worth by staying in line. The Pharisees at the start of Luke 15 are muttering that Jesus welcomes sinners and eats with them. So he tells them what God actually looks like — not a gatekeeper counting infractions, but a shepherd out on the hillside at night, searching. Thomas 107 preserves a striking variant: the shepherd loves the lost sheep more than the ninety-nine, because it was the biggest. That version is more mystical, closer perhaps to what the Nazarene tradition heard. Either way, the picture is the same. God moves toward what is missing. And the joy of the finding is out of all proportion to the trouble of the search. Oxyrhynchus 1224 preserves a related fragment. The saying was old, remembered widely, and it kept unsettling anyone who thought the kingdom was a reward for the well-behaved.","Luke 15:4-7 | Thomas 107 | Q 15:4–5, 7 | Oxy 1224 5:1–2",
1159,Y,Luke,Luke 15:8-10,"Or suppose a woman has ten silver coins and loses one. Doesn’t she light a lamp, sweep the house and search carefully until she finds it? And when she finds it, she calls her friends and neighbors together and says, ‘Rejoice with me; I have found my lost coin.’ In the same way, I tell you, there is rejoicing in the presence of the angels of God over one sinner who repents.”",The Lost Coin,"She lights a lamp, sweeps the whole house, and searches until she finds it. That is God, looking for you.",God searches for what is lost with the diligence of a woman turning her whole house upside down for a single coin — and rejoices the same way when it is found.,"The second in a trio of lost-and-found parables, and quietly one of the most subversive. Jesus makes God a woman. Not metaphorically buried in the text — right at the surface. A woman with ten silver coins loses one. She lights a lamp, sweeps the house, searches carefully until she finds it. Then she calls her friends and neighbors and throws a party over one coin. This is what heaven does over one turning heart. The Nazarene community remembered a Jesus who was comfortable with maternal imagery for God — the hen gathering her chicks a few chapters earlier, the woman searching here, the woman with the leaven kneading the kingdom into three measures of flour. The Hebrew Bible already has this vein (Isa 66:13, Deut 32:11-12), and Jesus keeps drawing from it.

The theology of the parable is the same as the lost sheep — God moves toward the lost with delight, not condemnation. But the domestic setting matters. Not a shepherd on a hillside doing something heroic. A woman on her hands and knees with a lamp, checking corners, sweeping under furniture. The kingdom's search for you is not distant and grand. It is close and thorough. And the joy at the finding is disproportionate. One coin, one sheep, one son — every time, a celebration. In the Jesus Way lens this is the whole logic of *metanoia*. You turn, and heaven throws a party. Not because you earned anything. Because you were found.",Luke 15:8-10,
1160,Y,Luke,Luke 15:11-32,"There was a man who had two sons. The younger one said to his father, ‘Father, give me my share of the estate.’ So he divided his property between them. Not long after that, the younger son got together all he had, set off for a distant country and there squandered his wealth in wild living. After he had spent everything, there was a severe famine in that whole country, and he began to be in need. So he went and hired himself out to a citizen of that country, who sent him to his fields to feed pigs. He longed to fill his stomach with the pods that the pigs were eating, but no one gave him anything. When he came to his senses, he said, ‘How many of my father’s hired servants have food to spare, and here I am starving to death! I will set out and go back to my father and say to him: Father, I have sinned against heaven and against you. I am no longer worthy to be called your son; make me like on of your hired servants.“ So he got up and went to his father. But while he was still a long way off, his father saw him and was filled with compassion for him; he ran to his son, threw his arms around him and kissed him. The son said to him, ‘Father, I have sinned against heaven and against you. I am no longer worthy to be called your son.’ But the father said to his servants, ‘Quick! Bring the best robe and put it on him. Put a ring on his finger and sandals on his feet.’ Bring the fattened calf and kill it. Let’s have a feast and celebrate. For this son of mine was dead and is alive again; he was lost and is found.’ So they began to celebrate. Meanwhile, the older son was in the field. When he came near the house, he heard music and dancing. So he called one of the servants and asked him what was going on. ’Your brother has come,’ he replied, ‘and your father has killed the fattened calf because he has him back safe and sound.’ The older brother became angry and refused to go in. So his father went out and pleaded with him. But he answered his father, ‘Look! All these years I’ve been slaving for you and never disobeyed your orders. Yet you never gave me even a young goat so I could celebrate with my friends. But when this son of yours who has squandered your property with prostitutes comes home, you kill the fattened calf for him! ‘My son,’ the father said, ‘you are always with me, and everything I have is yours. But we had to celebrate and be glad, because this brother of your was dead and is alive again; he was lost and is found.’ “ The Parable of the Shrewd Manager",The Lost Son,The son rehearses his confession. The father is already running. Love did not wait for the speech.,"The father never left, never demanded penance, never required blood — the moment the son turned toward home he was already embraced.","This is the parable that dismantles blood atonement more thoroughly than any argument. A son takes his inheritance early — the ancient equivalent of wishing his father dead — squanders it in a distant country, ends up feeding pigs, and when he finally comes to his senses he starts drafting a confession. Make me like one of your hired servants. He rehearses the speech the whole way home. But while he is still a long way off, the father sees him, runs to him, throws his arms around him, kisses him. The son starts his prepared line and does not even finish it. The father is already calling for the best robe, the ring, the sandals, the fattened calf. There is no penance. There is no sacrifice. There is no proof of contrition demanded. There is only a father who has been watching the road.

Jesus is drawing the face of God, and it looks nothing like the transaction Paul would later build around Rom 3 and Heb 9:22. No blood is shed here. The son needed no substitute, no atoning victim, no legal satisfaction — he needed only to turn (*metanoia*) and start walking home. The father had never moved. This is exactly the theology of Hosea 6:6 — I desire mercy, not sacrifice — that Jesus quoted twice (Mt 9:13, 12:7). And the older brother's outrage is the mirror the parable holds up to the religious. Why is there a party for this sinner? Because there is always a party over one who was lost and is found. The older brother's problem is not that he stayed. It is that he stayed on the outside of the father's joy. The door is open to him too. He just has to walk in.",Luke 15:11-32,
1161,Y,Luke,Luke 16:1-18,"There was a rich man whose manager was accused of wasting his possessions. So he called him in and asked him, ‘What is this I hear about you? Give an account of your management, because you cannot be manager any longer.’ The manager said to himself, ‘What shall I do now? My master is taking away my job. I’m not strong enough to dig, and I’m ashamed to beg.’ I know what I’ll do so that, when I lose my job here, people will welcome me into their houses.’ So he called in each one of his master’s debtors. He asked the first, ‘How much do you owe my master?’ ‘Nine Hundred gallons of olive oil,’ he replied. The manager told him, ‘Take your bill, sit down quickly, and make it four hundred and fifty.’ Then he asked the second, ‘And how much do you owe?’ ‘A thousand bushels of wheat,’ he replied. He told him, ‘Take your bill and make it eight hundred.’“ The master commended the dishonest manager because he had acted shrewdly. For the people of this world are more shrewd in dealing with their own kind than are the people of the light. I tell you, use worldly wealth to gain friends for yourselves, so that when it is gone, you will be welcomed into eternal dwellings. Whoever can be trusted with very little can also be trusted with much, and whoever is dishonest with very little will also be dishonest with much. So if you have not been trustworthy in handling worldly wealth, who will trust you with the true riches? And if you have not been trustworthy with someone else’s property, who will give you property of your own? No one can serve two masters. Either you will hate the one and love the other, or you will be devoted to the one and despise the other. You cannot serve both God and money. You are the ones who justify yourselves in the eyes of others, but God knows your hearts. What people value highly is detestable in God’s sight. The Law and the Prophets were proclaimed until John. Since that time, the good news of the kingdom of God is being preached, and everyone is forcing their way into it. It is easier for heaven and earth to disappear than for the least stroke of a pen to drop out of the Law. Anyone who divorces his wife and marries another woman commits adultery, and the man who marries a divorced woman commits adultery.”",Two Masters,Mammon isn't money. It's the system that puts money at the center. You cannot make it your allegiance and orient toward God.,You cannot hold ultimate allegiance to both wealth and God because they pull in opposite directions.,"Mammon is an Aramaic word for wealth, money, or material possessions — but more precisely, it means the system of value that places money at the center of life. Jesus isn't saying money is evil. He's saying you cannot make it your ultimate allegiance and simultaneously be oriented toward God. The two are incompatible because they pull in opposite directions.

This was central to the Nazarene community's way of life. Members gave up their possessions upon joining, lived communally, and shared everything. ""Follow me"" wasn't metaphorical — it meant a real, practical reorientation of how you lived and what you valued. You either placed God at the center of your life, or you placed something else there.

Jesus understood that the human heart cannot hold two ultimate loyalties. At some point, a choice is made — consciously or not.",Luke 16:1-18 | Q 16:13; Q 16:16–17,
1162,Y,Luke,Luke 16:19-31,"There was a rich man who was dressed in purple and fine linen and lived in luxury every day. At his gate was laid a beggar named Lazarus, covered with sores and longing to eat what fell from the rich man’s table. Even the dogs came and licked his sores. The time came when the beggar died and the angels carried him to Abraham’s side. The rich man also died and was buried. In Hades, where he was in torment, he looked up and saw Abraham far away, with Lazarus by his side. So he called to him, ‘Father Abraham, have pity on me and send Lazarus to dip the tip of his finger in water and cool my tongue, because I am in agony in the fire.’ But Abraham replied, ‘Son, remember that in your lifetime you received your good things, while Lazarus received bad things, but now he is comforted here and you are in agony. And besides all this, between us and you a great chasm has been set in place, so that those who want to go from here to you cannot, nor can anyone cross over from there to us.’“ He answered, ‘Then I beg you, father, send Lazarus to my family, for I have five brothers. Let him warn them, so that they will not also come to this place of torment.’ Abraham replied, ‘They have Moses and the Prophets; let them listen to them.’“ ‘No, father Abraham,’ he said, ‘but if someone from the dead goes to them, they will repent.’ He said to him, ‘If they do not listen to Moses and the Prophets, they will not be convinced even if someone rises from the dead.’“ Sin, Faith, Duty",The Rich Man and Lazarus,"Every day the rich man stepped over Lazarus at the gate. In the life review, the gate was the whole story.","How you treat the poor at your gate is the measure of your soul, and no signs from beyond will reach a heart that would not listen to Moses and the prophets.","A rich man in purple and fine linen. A beggar named Lazarus at his gate, covered in sores, dogs licking him. And then the reversal — Lazarus carried to Abraham's side, the rich man in torment in Hades. Notice what Jesus does not say the rich man's sin was. He did not steal. He did not murder. He did not blaspheme. He simply lived every day inside abundance while a suffering human being lay outside his gate. That was enough. This is the Golden Rule in reverse: what he did not do to the least of these, he did not do to God. The Nazarene / Ebionim community would have heard this the loudest — they were living the exact opposite pattern, sharing everything with the poor at their own gates.

The second half of the story is aimed at his readers. The rich man wants Lazarus sent back from the dead to warn his brothers. Abraham refuses. They have Moses and the prophets. Let them listen to them. If they will not listen to Moses and the prophets, they will not be persuaded even if someone rises from the dead. Read that line slowly. Jesus is saying — before his own resurrection — that a resurrection will not, by itself, change a hardened heart. The Hebrew Bible had already said everything they needed to hear about the poor (Deut 15; Isa 58; Amos; Micah 6:8). If those words could not reach them, no supernatural evidence would either. This is one of the sharpest anti-magical statements in the gospels. Transformation comes from listening to the way, not from spectacle.",Luke 16:19-31,
1163,Y,Luke,Luke 17:1-10,"Things that cause people to stumble are bound to come, but woe to anyone through whom they come. It would be better for them to be thrown into the sea with a millstone tied around their neck than to cause one of these little ones to stumble. So watch yourselves. If your brother or sister sins against you, rebuke them; and if they repent, forgive them. Even if they sin against you seven times in a day and seven times come back to you saying, ‘I repent,’ you must forgive them. If you have faith as small as a mustard seed, you can say to this mulberry tree, ‘Be uprooted and planted in the sea,’ and it will obey you. Suppose one of you has a servant plowing or looking after the sheep. Will he say to the servant when he comes in from the field, ‘Come along now and sit down to eat’? Won’t he rather say, ‘Prepare my supper, get yourself ready and wait on me while I eat and drink; after that you may eat and drink’? Will he thank the servant because he did what he was told to do? So you also, when you have done everything you were told to do, should say, ‘We are unworthy servants; we have only done our duty.’“ Jesus Heals Ten Men With Leprosy","Sin, Faith, Duty","Seven times a day, seven times forgive. Mustard-seed faith moves trees. And when you've done it all — say you only did your duty.","Never cause a little one to stumble, forgive again and again without keeping score, trust deeply, and hold no self-importance about any of it.","Four short teachings, stacked. First — woe to anyone through whom stumbling comes to the little ones. Better a millstone around your neck and the sea. This is not primarily about children. The little ones are the vulnerable, the new, the ones whose trust is fragile. Cause one of them to fall away from the way and you have set a chain reaction in motion the universe will bill back to you. Second — the forgiveness rule. If your brother sins against you, rebuke him. If he repents, forgive. Even if seven times in a day he sins against you, and seven times comes back and says I repent, you must forgive. Matthew 18 takes it further — seventy times seven. Forgiveness is not counted. It is the air the kingdom breathes.

Third — faith as a mustard seed can move a mulberry tree into the sea. The Greek is *pistis* — trust, not intellectual assent. Not the size of the belief. The realness of the trust. A tiny amount of genuine trust in God's reality does more than a mountain of correct doctrine. Fourth — the unworthy servant. When you have done everything you were told to do, say we are unworthy servants. We have only done our duty. This is the last defense against spiritual pride. There is no ledger in the kingdom where you accumulate God-credit. There is only the daily practice of loving God and neighbor, which is what you were made for anyway. Doing it is not extra. It is the assignment. Q, Thomas 106, and a fragment from the Gospel of the Nazoreans all preserve pieces of this cluster — Jesus returned to these themes constantly.",Luke 17:1-10 | Thomas 106 | Q 17:1–2; Q 17:3–4; Q 17:6 | Nazoreans 5:1,
1164,Y,Luke,Luke 17:14-19,"Go, show yourselves to the priests. Were not all ten cleansed? Where are the other nine? Has no one returned to give praise to God except this foreigner? Rise and go; your faith has made you well.”",Ten Lepers,Ten were cleansed. One came back. Your faith made you whole — the rest were only healed.,Physical healing is not the same as wholeness — gratitude that turns toward God is what completes the miracle.,"Ten lepers keep their distance and call out for mercy. Jesus sends them to the priests — the required legal step for readmission to the community under Lev 13-14. On the way, they are cleansed. Nine keep walking to the priests. One, a Samaritan, turns around, comes back, throws himself at Jesus's feet, and thanks God. And Jesus asks the pointed question: were not all ten cleansed? Where are the other nine? Only this foreigner has returned. Then to the Samaritan he says something crucial: your faith has made you well. The Greek is *sozo* — saved, made whole, made complete. All ten got their skin back. Only this one got his soul aligned with the reality of what had happened.

Two Jesus Way threads are alive here. First, the healing points back to the person. Your faith — your *pistis*, your trust — made you whole. Jesus consistently returns the miracle to the person's own posture of trust. He is not a magician distributing favors. He is opening people up to what God already does. Second, the outsider is the one who sees. The Samaritan — the wrong ethnicity, the wrong theology, the excluded — is the one who registers what happened and turns around to give thanks. Everyone else went to check the boxes with the priests. This is the same reversal running through Luke's whole gospel. The insiders miss it. The outsiders get it. And the difference is not knowledge. It is gratitude, and the turning that gratitude produces.",Luke 17:14-19,
1165,Y,Luke,Luke 17:20-37,"The coming of the kingdom of God is not something that can be observed, nor will people say, ‘Here it is,’ or ‘There it is,’ because the kingdom of God is in your midst. The time is coming when you will long to see one of the days of the Son of Man, but you will not see it. People will tell you, ‘There he is!’ or ‘Here he is!’ Do not go running off after them. For the Son of Man in his day will be like the lightning, which flashes and lights up the sky from one end to the other. But first he must suffer many things and be rejected by this generation. Just as it was in the days of Noah, so also will it be in the days of the Son of Man. People were eating, drinking, marrying and being given in marriage up to the day Noah entered the ark. Then the flood came and destroyed them all. It was the same in the days of Lot. People were eating and drinking, buying and selling, planting and building. But the day Lot left Sodom, fire and sulfur rained down from the heaven and destroyed them all. It will be just like this on the day the Son of Man is revealed. On that day no one who is on the housetop, with possessions inside, should go down to get them. Likewise, no one in the field should go back for anything. Remember Lot’s wife! Whoever tries to keep their life will lose it, and whoever loses their life will preserve it. I tell you, on that night two people will be in one bed; one will be taken and the other left. Two women will be grinding grain together; one will be taken and the other left. Where there is a dead body, there the vultures will gather.”",The Coming of the Kingdom of God,The kingdom does not arrive with a fanfare. It is already in your midst — and only the one who loses their life finds it.,"The kingdom of God is not a future spectacle to wait for but a present reality already among you, entered by losing the ego-self.","The Pharisees ask when the kingdom will come. Jesus answers with what might be the single most important sentence in his teaching for the Jesus Way lens: the kingdom of God is not something you can observe. People will not say here it is or there it is. The kingdom of God is *entos hymon* — in your midst, within you, among you. Thomas 3 says exactly the same thing in independent words: the kingdom is inside you and outside you. Thomas 113 adds: the kingdom of the father is spread out upon the earth, and people do not see it. This is one of the best-attested teachings Jesus ever gave — canonical Luke and non-canonical Thomas converging perfectly. The kingdom is here. The problem is not its absence. The problem is our sight.

The rest of the passage seems to shift into apocalyptic sign-language — lightning, the days of Noah, Lot's wife, one taken and one left. Read it inside the frame Jesus has just set. He is not contradicting himself. He is warning against exactly the spectacle-hunting he just told them the kingdom does not do. Do not go running after people who claim to have found it in a location. When the kingdom breaks through, it will be as sudden and unmissable as lightning across the sky — and it will find people either asleep in their routines or awake. Then the pivot line, which he says everywhere: whoever tries to keep their life will lose it, and whoever loses their life will preserve it. The Greek is *psyche* — the constructed self, the ego. Cling to it and it dies with you. Release it and the true self, the kingdom-self, lives. This is preserved six times across the gospels. He kept saying it because it is the whole hinge.","Luke 17:20-37 | Thomas 3, 61, 113 | Q 17:20–21; Q 17:23–24; Q 17:26–30; Q 17:34–35, 37",
1166,Y,Luke,Luke 18:2-8,"In a certain town there was a judge who neither feared God nor cared what people thought. And there was a widow in that town who kept coming to him with the plea, ‘Grant me justice against my adversary.’ For some time he refused. But finally he said to himself, ‘Even though I don’t fear God or care what people think, yet because this widow keeps bothering me, I will see that she gets justice, so that she won’t eventually come and attack me!’ Listen to what that unjust judge says. And will not God bring about justice for his chosen ones, who cry out to him day and night? Will he keep putting them off? I tell you, he will see that they get justice, and quickly. However, when the Son of Man comes, will he find faith on the earth?”",The Persistent Widow,"If an unjust judge caves to a widow's persistence, how much more will a just God answer those who cry out day and night?","Keep asking, keep pressing, keep trusting — God is not the reluctant judge; if even he answers, how much more the Father.","A widow — the archetype of the powerless in first-century Palestine — keeps coming to a judge who does not fear God or care what people think. She has no leverage, no bribe, no protector. All she has is persistence. Eventually the judge caves, not out of principle but so she will stop bothering him. Jesus's argument is *qal va-chomer* — the classic Jewish light-to-heavy reasoning. If even this corrupt judge finally grants justice out of exhaustion, how much more will God — who is love, and whose whole disposition is toward the vulnerable — bring justice to the ones who cry out day and night?

The theology of persistent prayer that comes from this parable in later church tradition sometimes gets the whole thing backwards. The point is not that God is reluctant and needs to be worn down. The point is exactly the opposite. The unjust judge is the contrast, not the analogy. God is not that judge. God is more like the father running down the road toward the returning son, or the shepherd already out looking. The persistence is for us, not for God — *pistis*, trust demonstrated over time, the daily posture of asking, seeking, knocking (Lk 11:9-10). And the closing line is a knife: when the Son of Man comes, will he find faith on the earth? Will he find that trust? Will he find people still asking, still seeking, still living the way as if it were real? That is the question the parable actually asks.",Luke 18:2-8,
1167,Y,Luke,Luke 18:10-14,"Two men went up to the temple to pray, one a Pharisee and the other a tax collector. The Pharisee stood by himself and prayed: ‘God, I thank you that I am not like other people – robbers, evildoers, adulterers – or even like this tax collector.’ I fast twice a week and give a tenth of all I get. But the tax collector stood at a distance. He would not even look up to heaven, but beat his breast and said, ‘God, have mercy on me, a sinner.’ I tell you that this man, rather than the other, went home justified before God. For all those who exalt themselves will be humbled, and those who humble themselves will be exalted.”",The Pharisee and the Tax Collector,One prayed a resume. One prayed a plea. Only the one with nothing to prove went home right with God.,God resists the prayer that itemises its own righteousness and accepts the prayer that admits it needs mercy — the humble go home justified.,"Two men go up to the temple to pray. The Pharisee stands by himself and prays a prayer that is technically to God but is really a resume read aloud. I thank you I am not like other people — robbers, evildoers, adulterers, or even this tax collector. I fast twice a week. I tithe on everything I get. Every word is true, and every word is poison. The prayer is not a request. It is a self-congratulation with God as the mirror. Meanwhile the tax collector — the community's traitor, the man who collaborates with Rome and skims off the top — stands at a distance, will not even lift his eyes, beats his chest, and says God, have mercy on me, a sinner. That is the whole prayer. Seven words in English, fewer in Greek.

And Jesus's verdict is one of the shocks of the gospels. This man went home justified before God — not the other. The one everybody in that culture would have picked as the righteous man went home unchanged. The one everybody would have picked as the sinner went home right with God. Because righteousness in the Jesus Way is not a scoreboard of behaviors. It is the posture of the heart. The Pharisee had no need he was willing to admit, so mercy had nowhere to land. The tax collector opened his hands and mercy filled them. All those who exalt themselves will be humbled, and those who humble themselves will be exalted — Jesus said this so often it appears in Q, Matthew, and Luke both. It is one of his most consistent laws. It also lands directly on any religious culture — theirs or ours — that measures spiritual life by external observance and misses the entire point.",Luke 18:10-14 | Q 11:46; Q 11:52; Q 14:11,
1168,Y,Luke,Luke 18:41-42,What do you want me to do for you? Receive your sight; your faith has healed you.”,Your Faith Has Healed You,What do you want me to do for you? Receive your sight. Your faith healed you.,"Jesus turns the miracle back to the person — it is their own trust, not his magic, that made them whole.","A blind beggar hears Jesus is passing. He shouts for mercy. The crowd tells him to be quiet. He shouts louder. Jesus stops, has him brought over, and asks what might be the most respectful question a healer ever asked: what do you want me to do for you? He does not assume. He does not perform. He asks. The man says: Lord, I want to see. Jesus says: receive your sight. Your faith has healed you. And immediately the man sees, and follows Jesus, praising God, and all the people who see it praise God too.

The line Jesus consistently uses — your faith has healed you — is one of the most quietly important sentences in the gospels for the Jesus Way lens. He returns the power to the person. He does not accept the credit. He does not build a mystique around himself as the source. Your *pistis* — your trust — made you whole. This is exactly what a rabbi does with a *talmid*, and exactly what Jesus said about discipleship: the disciple, when fully trained, becomes like the teacher (Lk 6:40). Jesus is not building worshippers. He is building people who can do what he does. The blind man's faith was already there — his shouting past the crowd's rebukes was proof of it. Jesus simply confirmed what the man's own trust had already opened. The healing was collaboration, not sorcery. That is the pattern, over and over, in every Jesus healing story where he adds this line.",Luke 18:41-42,
1169,Y,Luke,Luke 19:5-10,"” Today salvation has come to this house, because this man, too, is a son of Abraham. For the Son of Man came to seek and to save the lost.”",Zacchaeus,"A short despised collaborator up a tree. Jesus stops, calls him by name, and stays at his house. Salvation walks in.",Salvation arrives at the house of the wealthy collaborator the moment he pays back fourfold and gives half to the poor — repentance is measured in what leaves your hands.,"Zacchaeus is a chief tax collector — meaning he has grown rich by collaborating with the Roman occupation and skimming from his own people. He is despised, and short. He climbs a sycamore tree to see Jesus over the crowd. Jesus stops, looks up, and calls him by name — a detail worth pausing on. Zacchaeus, come down immediately. I must stay at your house today. The crowd mutters. Jesus is dining with a sinner again. But by the end of the meal Zacchaeus is standing up and announcing that he will give half his possessions to the poor and pay back fourfold anyone he has cheated. And Jesus's verdict: today salvation has come to this house.

Notice what salvation looks like in the Jesus Way reading. It is not a confession of doctrine. It is not the shedding of blood. It is not a formula prayed. Salvation is the visible, financial, restitutionary reorientation of a whole life. Zacchaeus does not just feel bad. He gives half of everything away and repays what he stole four times over — which is more than the Torah required for restitution (Ex 22:1; Lev 6:5; Num 5:7). The tax collector out-Torahs the Torah, because *metanoia* is not measured in feelings. It is measured in what leaves your hands. This is precisely the pattern of the Nazarene / Ebionim community — sell what you have, give to the poor, hold everything in common. Zacchaeus enters the community that day. And Jesus's closing line — the Son of Man came to seek and to save the lost — echoes the shepherd on the hillside and the woman with the coin. God moves toward what is missing. Even the collaborator up the tree.",Luke 19:5-10,
1170,Y,Luke,Luke 19:12-27,"A man of noble birth went to a distant country to have himself appointed king and then to return. So he called ten of his servants and gave them ten minas. ‘Put this money to work,’ he said, ‘until I come back.’ But his subjects hated him and sent a delegation after him to say, ‘We don’t want this man to be our king.’ He was made king, however, and returned home. Then he sent for the servants to whom he had given money, in order to find out what they had gained with it. The first one came and said, ‘Sir, your mina has earned ten more.’ ‘Well done, my good servant!’ his master replied. ‘Because you have been trustworthy in a very small matter, take charge of ten cities.’ The second came and said, ‘Sir, your mina has earned five more.’ His master answered, ‘You take charge of five cities.’ Then another servant came and said, ‘Sir, here is your mina; I have kept it laid away in a piece of cloth. I was afraid of you, because you are a hard man. You take out what you did not put in and reap what you did not sow.’ His master replied, ‘I will judge you by your own words, you wicked servant! You knew, did you, that I am a hard man, taking out what I did not put in, and reaping what I did not sow?’ Why then didn’t you put my money on deposit, so that when I came back, I could have collected it with interest? Then he said to those standing by, ‘Take his mina away from him and give it to the one who has ten minas.’ ‘Sir,’ they said. ‘he already has ten!’ He replied, ‘I tell you that to everyone who has, more will be given, but as for the one who has nothing, even what they have will be taken away. But those enemies of mine who did not want me to be king over them – bring them here and kill them in front of me.’”",The Ten Minas,"To the one who has, more will be given. The one who buried the gift has nothing to bury but himself.","Whatever you have been entrusted with, put it to work — bury the gift and you lose even the gift itself.","A nobleman goes to a distant country to be appointed king. He leaves ten servants with a mina each and tells them to put the money to work until he returns. His subjects hate him and try to block the coronation, but he returns anyway, made king. He calls the servants for accounts. One made ten more. One made five. One kept the mina safe in a piece of cloth because he was afraid of the master's hardness. The master calls that servant wicked — not for losing the money, but for having done nothing at all with it out of fear. The mina is taken and given to the one who already has ten. To everyone who has, more will be given. From the one who has nothing, even what they have will be taken away.

Read in the Jesus Way lens, this is not a treatise on Wall Street. It is a warning about spiritual paralysis dressed up as caution. Whatever you have been trusted with — your gifts, your understanding, your resources, your voice — is meant to be put to work in the kingdom. Bury it out of fear and you lose the capacity to use it at all. The universe is generative. Life flows toward life in motion. The line about more will be given to the one who has is not economic injustice — it is a description of how trust and capacity actually compound. The final line about killing the enemies who did not want the king is the harshest note. Most scholars read it as Jesus drawing on the historical memory of Archelaus, whose delegation the crowd would have known — the parable uses that framework to sharpen the stakes without endorsing the violence. What matters is the middle. What did you do with what you were given?","Luke 19:12-27 | Q 19:12–13; Q 19:15–24, 26",
1171,Y,Luke,Luke 20:24-25,"Show me a denarius. Whose image and inscription are on it? Then give back to Caesar what is Caesar’s, and to God what is God’s.”",Render to Caesar,The coin bears Caesar's image. You bear God's. Give each what belongs to it — and notice which one is you.,"Give Caesar the coin that carries his image, and give God the life that carries God's.","The trap was clean. If Jesus says pay the tax, the crowd hears collaboration with Rome. If he says refuse, the authorities have him for sedition. He asks for the coin, has them name whose face is on it, and turns the question inside out. Give Caesar what is his. Give God what is God's. The unspoken second half is what makes it a teaching and not a dodge — because if the denarius belongs to Caesar because his image is stamped on it, what carries God's image? You do. Genesis 1:27. The coin is Caesar's little empire; your whole life is God's. Hand over the metal without a fight. Then ask what you are still holding back.

Thomas 100 preserves an even more pointed version — give Caesar's things to Caesar, God's to God, and what is mine, give to me. Egerton 3 has the same setup with a sharper edge. The saying is multiply attested and clearly authentic. In the Nazarene / Ebionim world, Roman coinage was already suspect — the image of Tiberius with the title 'son of the divine Augustus' was a walking blasphemy every time it changed hands. Jesus doesn't touch it. He asks them to produce it, which quietly exposes that his questioners are the ones carrying imperial idolatry in their pockets. The teaching is not about tax policy. It is about where your true allegiance sits, and how much of you Caesar has quietly annexed while you weren't paying attention.",Luke 20:24-25 | Thomas 100 | Egerton 3:1–6,
1172,Y,Luke,Luke 20:34-38,"The people of this age marry and are given in marriage. But those who are considered worthy of taking part in the age to come and in the resurrection from the dead will neither marry nor be given in marriage, and they can no longer die; for they are like the angels. They are God’s children, since they are children of the resurrection. But in the account of the burning bush, even Moses showed that the dead rise, for he calls the Lord ‘the God of Abraham, and the God of Isaac, and the God of Jacob.’ He is not the God of the dead, but of the living, for to him all are alive.”",Children of the Resurrection,"God is not the God of the dead. To Him, Abraham is alive right now. Resurrection is a present fact, not a future rescue.",The resurrected life is not more of this one — it is a different order of being where death and possession no longer apply.,"The Sadducees don't believe in resurrection, so they bring Jesus a riddle designed to make the whole idea look absurd — seven brothers, one widow, whose wife is she in heaven? Jesus tells them they've mistaken the question. The age to come is not a rerun of this one with better lighting. Marriage, procreation, ownership — the structures that hold this life together — belong to a world where people die and need to be replaced. In the resurrection, none of that applies. People are like the angels. They no longer die. The whole scaffolding of possession and lineage falls away.

Then he turns to their own scripture, which is what makes the answer devastating. The Sadducees only accepted the Torah, so Jesus meets them there. At the burning bush (Ex 3:6), God tells Moses, 'I am the God of Abraham, Isaac, and Jacob' — present tense, centuries after those men died. If God is not the God of the dead but of the living, then Abraham is alive to God right now. Resurrection isn't a doctrine to be argued from later prophets. It is written into the tense of God's own self-introduction. This lines up with what Jesus teaches elsewhere — the kingdom is present, the dead hear his voice now (Jn 5:25), eternal life begins the moment you cross from death to life. To God, all are alive. The line between the ages is thinner than the Sadducees ever imagined.",Luke 20:34-38,
1173,Y,Luke,Luke 20:46-47,Beware of the teachers of the law. They like to walk around in flowing robes and love to be greeted with respect in the marketplaces and have the most important seats in the synagogues and the places of honor at banquets. They devour widows’ houses and for a show make lengthy prayers. These men will be punished most severely.”,Beware the Long Robes,Religion becomes theatre when the costume matters more than the widow. Jesus called it out directly. It hasn't changed.,"Religious leaders who use their office for status, wealth, and applause will be judged the hardest.","This is short and Jesus doesn't soften it. The teachers of the law are performing — flowing robes for visibility, elaborate greetings in the marketplace, the best seats in the synagogue, the head of the table at banquets. Every detail is about being seen. And underneath the performance, they are eating widows out of house and home, then covering it with long public prayers. The prayers are not spiritual practice. They are marketing. Jesus reserves his hardest condemnation not for tax collectors or prostitutes but for religious professionals who monetize God.

This complaint has a long prophetic pedigree. Isaiah 1, Jeremiah 7, Amos 5, Micah 6 — the prophets Jesus quotes and stands inside — all thunder against religious display that runs alongside injustice to the vulnerable. Widows, orphans, and foreigners are the biblical stress test for whether your religion is real. Jesus is doing exactly what the Nazarene / Ebionim community was already doing — rejecting the temple establishment as corrupt, keeping the ethical core, refusing the costume. Notice what he doesn't attack. Not the Torah. Not prayer itself. Not synagogue. He attacks the use of religion as a business model and a status ladder. Every century since has produced fresh versions — the flowing robes just change fabric. If your religion is expanding your standing and shrinking someone else's home, you are what he is warning about.",Luke 20:46-47,
1174,Y,Luke,Luke 22:40-46,"Pray that you will not fall into temptation. Father, if you are willing, take this cup from me; yet not my will, but yours be done. Why are you sleeping? Get up and pray so that you will not fall into temptation.”",Not My Will,"Not my will, but yours. This is the whole surrender, spoken in the dark, before anyone comes to arrest him.","The prayer Jesus modelled in his hardest hour is the same one he taught the disciples — align your will with the Father's, and stay awake.","The hour has arrived and Jesus knows it. He goes to the Mount of Olives, tells the disciples to pray so they will not fall into temptation, and walks a stone's throw away to pray alone. The prayer itself is stripped bare of theology. Father, if you are willing, take this cup from me — the honest human ask. Yet not my will, but yours be done — the surrender. This is exactly what he taught them to pray in the Lord's Prayer: thy will be done, on earth as it is in heaven. Here he prays it in the flesh, in a garden, with sweat like blood, before anyone has laid a hand on him. He doesn't ask to be exempt from what is coming. He asks that God's will be what happens through him.

The temptation warning bookends the scene. Pray that you will not fall into temptation, he tells them going in. He finds them sleeping and says it again. The word for temptation, *peirasmos*, means trial or testing — the ego's moment of maximum pressure, when fear pushes you to defend, to run, to strike back. He knows what is coming for them, and he knows the only defense is a prayer-oriented heart before the crisis lands. They sleep through it and fail the test hours later — Peter denies, the rest scatter. Jesus does not fail it, because he has already fought it here, in the dark, with no witnesses awake. The victory over the ego is won in prayer before the ego is ever tested in public.",Luke 22:40-46,
1175,Y,Luke,Luke 22:67-70,"If I tell you, you will not believe me, and if I asked you, you would not answer. But from now on, the Son of Man will be seated at the right hand of the mighty God. So you say that I am.”",You Say That I Am,"They demanded a confession. He handed them a mirror. 'You say that I am.' The answer is theirs, not his.","Under interrogation, Jesus refuses to argue his identity and hands the naming back to his accusers.","The council has him and wants a formal charge. Are you the Messiah? He answers with a kind of Zen refusal — if I tell you, you will not believe me, and if I ask you, you will not answer. He knows this is not a real question. It is a trap being written into a court transcript. What he does offer is the Son of Man language from Daniel 7:13 — the human one seated at the right hand of power. Then they push: so you are the Son of God? And Jesus gives the famous line, 'You say that I am.' In front of Pilate the next morning he does the same thing — Are you the king of the Jews? 'You have said so.' He never claims either title in his own mouth in these trials. He returns the naming to the accuser.

This fits everything the Jesus Way lens sees in him. He rarely applied grand titles to himself. His preferred self-designation was *bar enasha* — 'the human one', a phrase that in Aramaic can mean simply a person, or in Daniel's usage the representative human before God's throne. The councils and later church would harden these titles into metaphysical claims about substance and nature, culminating at Nicaea in 325 AD. But in this moment, on trial for his life, Jesus refuses to hand them the weapon. He will not be the deity they want to convict, and he will not deny what his life has already demonstrated. He lets the question sit where it belongs — with the people asking it. What you call him depends on what you do.",Luke 22:67-70; Luke 23:3,
1175,N,Luke,Luke 23:3,You have said so.”,You Say That I Am,"They demanded a confession. He handed them a mirror. 'You say that I am.' The answer is theirs, not his.","Under interrogation, Jesus refuses to argue his identity and hands the naming back to his accusers.","The council has him and wants a formal charge. Are you the Messiah? He answers with a kind of Zen refusal — if I tell you, you will not believe me, and if I ask you, you will not answer. He knows this is not a real question. It is a trap being written into a court transcript. What he does offer is the Son of Man language from Daniel 7:13 — the human one seated at the right hand of power. Then they push: so you are the Son of God? And Jesus gives the famous line, 'You say that I am.' In front of Pilate the next morning he does the same thing — Are you the king of the Jews? 'You have said so.' He never claims either title in his own mouth in these trials. He returns the naming to the accuser.

This fits everything the Jesus Way lens sees in him. He rarely applied grand titles to himself. His preferred self-designation was *bar enasha* — 'the human one', a phrase that in Aramaic can mean simply a person, or in Daniel's usage the representative human before God's throne. The councils and later church would harden these titles into metaphysical claims about substance and nature, culminating at Nicaea in 325 AD. But in this moment, on trial for his life, Jesus refuses to hand them the weapon. He will not be the deity they want to convict, and he will not deny what his life has already demonstrated. He lets the question sit where it belongs — with the people asking it. What you call him depends on what you do.",Luke 22:67-70; Luke 23:3,
1176,Y,Luke,Luke 23:28-43,"Daughters of Jerusalem, do not weep for me; weep for yourselves and for your children. For the time will come when you will say, ‘Blessed are the childless women, the wombs that never bore and the breasts that never nursed!’ Then they will say on the mountains, ‘Fall on us!’ and to the hills, ‘Cover us!’ For if the people do these things when the tree is green, what will happen when it is dry? Father, forgive them, for they do not know what they are doing. Truly I tell you, today you will be with me in paradise.”","Father, Forgive Them","Nailed to a Roman cross, he prays for the men swinging the hammers. Every teaching he ever gave — love your enemies — is now the thing he is doing.","On the cross Jesus lives out everything he taught — forgiving his executioners, welcoming a criminal into paradise, caring for his mother.","This is the practical exam. Every teaching Jesus ever gave about loving enemies, forgiving without limit, and blessing those who curse you now has to hold under the worst pressure a human body can endure. And it does. To the weeping women on the road he says do not weep for me but for yourselves and your children — a last prophetic warning about what is coming to Jerusalem within a generation, using the imagery of Hos 10:8 (fall on us, cover us). To the executioners he says, 'Father, forgive them, for they do not know what they are doing.' Not a plea for justice. Not a curse. Forgiveness offered before it was asked for, from the man being killed to the men killing him. To the criminal beside him who asks to be remembered, he answers, 'Today you will be with me in paradise.' No creed. No sacrament. No time to be baptized or make amends. A dying thief's turning of heart in his final hour is enough.

Everything the later blood-atonement theology reads into this scene is absent from what Jesus actually says on the cross. He does not talk about paying for anyone's sins. He forgives them directly — the same way he had forgiven the paralytic, the woman who loved much, and everyone else, with no sacrifice involved. Hos 6:6, cited twice by Jesus in Matthew — mercy not sacrifice. From John's account, one more thing: he sees his mother and the beloved disciple and forms a new family on the spot, 'Woman, here is your son. Here is your mother.' Even in extremis, he is doing what he always did — dissolving old ties and reforming community around love. Paul will later write 'without shedding of blood there is no forgiveness' (Heb 9:22). Jesus, from the cross, forgives without a drop being asked for. Both cannot be right.",Luke 23:28-43; John 19:26-27 | Thomas 79 | Peter 4:1–3; Peter 4:2; Peter 4:4–5,
1176,N,John,John 19:26-27,"Woman, here is your son. Here is your mother.”","Father, Forgive Them","Nailed to a Roman cross, he prays for the men swinging the hammers. Every teaching he ever gave — love your enemies — is now the thing he is doing.","On the cross Jesus lives out everything he taught — forgiving his executioners, welcoming a criminal into paradise, caring for his mother.","This is the practical exam. Every teaching Jesus ever gave about loving enemies, forgiving without limit, and blessing those who curse you now has to hold under the worst pressure a human body can endure. And it does. To the weeping women on the road he says do not weep for me but for yourselves and your children — a last prophetic warning about what is coming to Jerusalem within a generation, using the imagery of Hos 10:8 (fall on us, cover us). To the executioners he says, 'Father, forgive them, for they do not know what they are doing.' Not a plea for justice. Not a curse. Forgiveness offered before it was asked for, from the man being killed to the men killing him. To the criminal beside him who asks to be remembered, he answers, 'Today you will be with me in paradise.' No creed. No sacrament. No time to be baptized or make amends. A dying thief's turning of heart in his final hour is enough.

Everything the later blood-atonement theology reads into this scene is absent from what Jesus actually says on the cross. He does not talk about paying for anyone's sins. He forgives them directly — the same way he had forgiven the paralytic, the woman who loved much, and everyone else, with no sacrifice involved. Hos 6:6, cited twice by Jesus in Matthew — mercy not sacrifice. From John's account, one more thing: he sees his mother and the beloved disciple and forms a new family on the spot, 'Woman, here is your son. Here is your mother.' Even in extremis, he is doing what he always did — dissolving old ties and reforming community around love. Paul will later write 'without shedding of blood there is no forgiveness' (Heb 9:22). Jesus, from the cross, forgives without a drop being asked for. Both cannot be right.",Luke 23:28-43; John 19:26-27 | Thomas 79 | Peter 4:1–3; Peter 4:2; Peter 4:4–5,
1177,Y,Luke,Luke 24:17-26,"What are you discussing together as you walk along? What things? How foolish you are, and how slow to believe all that the prophets have spoken! Did not the Messiah have to suffer these things and then enter his glory?”",On the Road to Emmaus,He walked beside them for hours before they knew who he was. The risen Christ is often the stranger you didn't recognize.,Two grieving disciples fail to recognize the risen Jesus until he opens the scriptures and breaks bread with them.,"Two disciples are walking home to Emmaus, seven miles from Jerusalem, defeated. Their hope has just been crucified. A stranger joins them and asks what they are talking about. They tell him — everything about Jesus of Nazareth, a prophet mighty in word and deed, who they had hoped would redeem Israel. Notice the past tense of the hope. They have already filed him under 'nice try.' Jesus, walking beside them, calls them foolish and slow of heart to believe the prophets — and then, Luke says, beginning with Moses and all the prophets, he explains what the scriptures said about the messiah. We don't get the exposition. We just know that later, at the table, when he broke the bread, their eyes were opened. And then he vanished.

The scene is doing several things at once. It reframes the whole passion — not as a failure but as the pattern the prophets had already described (Isaiah 53, Psalm 22, Zech 12:10). It shows recognition happening in the breaking of bread, not the theological lecture — the same gesture from the feeding of the thousands and the last supper. And it establishes something the resurrection accounts return to repeatedly: the risen Jesus is often not recognized at first. Mary at the tomb thinks he is the gardener. The disciples on the shore in John 21 don't know him. Here, hours of conversation pass before recognition lands. The Jesus Way reading of this is not primarily metaphysical. It is practical. The risen Christ meets you as a stranger on the road, in the person you didn't recognize, in the meal shared. If you're waiting for a burning bush, you'll miss him walking beside you.",Luke 24:17-26 | Peter 14:1–3,
1178,Y,Luke,Luke 24:36-49,"Peace be with you. Why are you troubled, and why do doubts rise in your minds? Look at my hands and my feet. It is I myself! Touch me and see; a ghost does not have flesh and bones, as you see I have. Do you have anything here to eat? This is what I told you while I was still with you: Everything must be fulfilled that is written about me in the Law of Moses, the Prophets and the Psalms. This is what is written: The Messiah will suffer and rise from the dead on the third day, and repentance for the forgiveness of sins will be preached in his name to all nations, beginning at Jerusalem. You are witnesses of these things. I am going to send you what my Father has promised; but stay in the city until you have been clothed with power from on high.” The Apostle John, also known as John the Evangelist, is a prominent figure in the New Testament of the Bible. John was one of the twelve apostles chosen by Jesus to be his closest followers and witnesses. He is often referred to as one of the ""inner circle"" along with his brother James and the apostle Peter. This inner circle was present at significant events like the Transfiguration and the raising of Jairus' daughter. John's Gospel places a strong emphasis on the divinity of Jesus and contains unique accounts not found in the other Gospels. John was the brother of James. Together, they are often referred to as the ""Sons of Thunder""",Peace Be With You,"Not a ghost. A meal. He asked for something to eat to prove the resurrection was real, not vaporous.","The risen Jesus proves his bodily reality, opens the disciples' minds to scripture, and commissions them as witnesses.","The disciples are locked in a room, still shaking from the last three days. Jesus appears among them and says, 'Peace be with you' — *shalom aleichem*, the ordinary Jewish greeting, which lands with anything but ordinary force. They think they are seeing a ghost. He handles the objection head-on. Look at my hands and my feet. Touch me. A ghost does not have flesh and bones. Then, in one of the more disarming details in all the resurrection accounts, he asks if they have anything to eat. They give him a piece of broiled fish. He eats it. Whatever the resurrection body is, it is not a phantom, and Luke wants that on the record.

Then the teaching. He tells them everything that happened had to happen — the Law of Moses, the Prophets, and the Psalms all pointed here. This is Luke's summary of the same scripture reframing that took place on the Emmaus road. Notice what the message boiled down to becomes: 'repentance for the forgiveness of sins will be preached in his name to all nations.' *Metanoia* — the transformation of consciousness — is the operative word. Not blood atonement. Not confess-and-believe. Turn your heart, and forgiveness follows, exactly the pattern of the prodigal son, the woman who loved much, the tax collector in the temple. Then the commission — you are witnesses. Stay in the city until you are clothed with power from on high. The mission is theirs now. He has shown them the pattern. What comes next depends on whether they will walk it.",Luke 24:36-49,
1179,Y,John,John 1:38-42,"What do you want? Come, and you will see. You are Simon son of John. You will be called Cephas.”",What Do You Want?,The first question Jesus ever asks a disciple. Not 'do you believe' but 'what are you looking for?' Everything begins there.,Jesus's first words to would-be followers are a question about what they are actually seeking.,"John the Baptist points at Jesus walking by and calls him the lamb of God. Two of John's disciples peel off and follow him — literally, walking behind him down the road. Jesus turns around and asks the first question of his ministry in this gospel: 'What do you want?' It is a stunning opening. Not a sermon. Not a claim. A question that puts the burden of self-knowledge on the seeker. What are you actually looking for? Because if you don't know, you won't find it here or anywhere else. They stumble — 'Rabbi, where are you staying?' — and he answers with the invitation that will echo through everything: 'Come, and you will see.'

That's the whole method. Come. See for yourself. Not creeds to sign, not doctrines to affirm, just the invitation to spend time in his presence and let the encounter do its work. When Simon is brought to him, Jesus takes one look and renames him — 'You will be called Cephas', Aramaic for rock (Greek *petros*). Renaming was serious business in the biblical tradition; Abram became Abraham, Jacob became Israel. Jesus does it on sight. What he sees in Simon is not what Simon is yet but what Simon will become through the walk that is starting right now. The Jesus Way is not a message you accept and then keep unchanged. It is a road that reshapes you as you walk it. The invitation is still the same: come and see.",John 1:38-42,
1180,Y,John,John 1:43-51,"Follow me. Here truly is an Israelite in whom there is no deceit. I saw you while you were still under the fig tree before Philip called you. You believe because I told you I saw you under the fig tree. You will see greater things than that. Very truly I tell you, you will see ‘heaven open, and the angels of God ascending and descending on’ the Son of Man.”",Follow Me,"Two words and a life changes direction. 'Follow me.' The gospel begins with an invitation, not a doctrine.","Discipleship begins with a simple call to follow, and the promise that you will see greater things by walking it.","Jesus finds Philip and says two words — 'Follow me.' No sermon, no vetting, no theology. Philip goes and finds Nathanael and tells him they have found the one Moses and the prophets wrote about, Jesus of Nazareth. Nathanael's response is one of the most human lines in the gospels: 'Can anything good come from Nazareth?' Jesus doesn't correct him. When Nathanael approaches, Jesus sees straight through him — 'Here is a true Israelite in whom there is nothing false.' Nathanael, startled, asks how he could possibly know him. Jesus says, 'I saw you under the fig tree before Philip called you.' Nathanael, undone, declares him Son of God and King of Israel. Jesus, unimpressed by the quick conversion, says, 'You believe because I said that? You will see greater things than that.'

The closing line is dense with meaning — 'you will see heaven opened and the angels of God ascending and descending on the Son of Man.' Jesus is deliberately quoting Jacob's ladder from Gen 28:12. In the original vision, Jacob sees a ladder connecting heaven and earth with angels moving up and down. Here Jesus places himself where the ladder was. He is the point of contact between heaven and earth, the seam where the two realities meet. And *bar enasha* — the Son of Man, the human one — is the phrase he chooses for himself. Not a distant deity descending. A human being through whom heaven and earth are joined. This is the pattern he offers every disciple. The talmid becomes like the rabbi. You follow, and you begin to see heaven opening in the ordinary — under fig trees, on dusty roads, in the person walking beside you.",John 1:43-51,
1181,Y,John,John 2:4-8,"Woman, why do you involve me? My hour has not yet come. Fill the jars with water. Now draw some out and take it to the master of the banquet.”",Water Into Wine,"The first sign is not a healing or a sermon. It is more wine at a wedding. Grace is extravagant, and the party is not over.","Jesus's first miracle turns ordinary water into abundant wine at a village wedding — grace is extravagant, and joy is where the kingdom shows up.","The wine runs out at a wedding in Cana. Mary tells Jesus. He says, 'Woman, why do you involve me? My hour has not yet come.' She ignores the pushback and tells the servants, 'Do whatever he tells you.' Which is, in one line, the whole discipleship instruction manual. Jesus tells them to fill six stone jars with water. Then draw some out and take it to the master of the banquet. The master tastes it, doesn't know where it came from, and complains to the bridegroom that he has saved the best wine for last. That's the sign. No proclamation, no crowd, no theological framing. A quiet miracle that saves a family from social embarrassment and keeps the party going.

The details matter. Six stone jars, each holding twenty or thirty gallons — roughly 150 gallons of wine. Wildly excessive for a village wedding whose party was already winding down. This is grace calibrated at a scandalous scale. The jars themselves are used for ceremonial washing — the water of ritual purity. Jesus turns the water of the old ceremonial system into the wine of celebration. John, writing later, wants the symbolism read: what religion used for purification, Jesus uses for joy. It is the same theological move he will make repeatedly — dissolving the ritual scaffolding and pointing to what actually matters. And the first sign is not judgment, not spectacle, not a healing. It is more wine at a wedding. The kingdom, when it breaks in, tends to look like a party where the host has been unexpectedly generous.",John 2:4-8,
1182,Y,John,John 2:16-19,"Get these out of here! Stop turning my Father’s house into a market! Destroy this temple, and I will raise it again in three days.”",Cleansing the Temple,"He didn't debate the priests. He drove out their business. The sacrificial economy was the target, not the ceremony.","Jesus's assault on the temple market was an attack on the sacrificial economy itself, not on the building.","This is Jesus at his most confrontational, and it is not a metaphor. He makes a whip out of cords, drives out the sellers of oxen, sheep, and doves, tips over the money changers' tables, and shouts at them to stop turning his Father's house into a market. In the Synoptics he quotes Jer 7:11 — 'you have made it a den of robbers' — where the Hebrew word *paritz* is stronger, closer to 'violent bandits.' This is not righteous frustration about atmosphere. It is a deliberate strike at the temple's whole economic engine — the animal trade that supplied the sacrifices, and the money exchange that converted foreign currency into the temple shekel required to buy them.

Understand what he is doing. The Nazarene / Essene / Ebionim community around him — the Dead Sea Scroll world — had already declared the temple priesthood corrupt and rejected sacrifice as never commanded by God (Jer 7:22, Ps 40:6, Ps 51:16, Hos 6:6, Amos 5, Micah 6). The Hebrew Gospel preserved by the Ebionim has Jesus saying flatly, 'I have come to abolish the sacrifices.' John places this scene at the start of the ministry to establish it as the frame for everything after. And when the authorities demand a sign, Jesus gives them the enigmatic line, 'Destroy this temple, and in three days I will raise it up.' John glosses it as his body — the temple relocating into a human being. Thomas 71 has a related saying: 'I shall destroy this house, and no one will be able to build it again.' The old sacrificial economy is over. The new temple is a life aligned with the Father's will. The whip in the courts was the announcement.",John 2:16-19 | Thomas 71 | Peter 3:4,
1183,Y,John,John 3:3-15,"Very truly I tell you, no one can see the kingdom of God unless they are born again. Very truly I tell you, no one can enter the kingdom of God unless they are born of water and the Spirit. Flesh gives birth to flesh, but the Spirit gives birth to spirit. You should not be surprised at my saying, ‘You must be born again.’ The wind blows wherever it pleases. You hear its sound, but you cannot tell where it comes from or where it is going. So it is with everyone born of the Spirit. You are Israel’s teacher, and do you not understand these things? Very truly I tell you, we speak of what we know, and we testify to what we have seen, but still you people do not accept our testimony. I have spoken to you of earthly things and you do not believe; how then will you believe if I speak of heavenly things? No one has ever gone into heaven except the one who came from heaven – the Son of Man. Just as Moses lifted up the snake in the wilderness, so the Son of Man must be lifted up, that everyone who believes may have eternal life in him.”",Born of the Spirit,You cannot see the kingdom with the mind you already have. Being born again is the mind itself becoming new.,"Entering the kingdom requires a rebirth of consciousness — being born of Spirit, not just of flesh.","Nicodemus comes at night. He is a Pharisee, a member of the ruling council, and he wants a private conversation because being seen with Jesus would cost him professionally. He opens politely — no one could do these signs unless God were with him. Jesus cuts straight past the flattery: no one can see the kingdom of God unless they are born *anothen* — a Greek word that means both 'again' and 'from above.' The double meaning is the whole teaching. Nicodemus takes it literally — how can a grown man be born? Jesus explains: flesh gives birth to flesh, spirit to spirit. There are two levels of being, and you have only accessed one. The kingdom is not visible from the level of ordinary consciousness. You have to be born into a new one.

The wind image seals it. *Pneuma* in Greek means both wind and spirit — the same word does both. The wind blows where it will; you hear the sound but cannot pin it down. That is what life in the Spirit looks like from the outside — unpredictable, uncontrollable by the old categories. This is the same teaching Jesus gives everywhere in different form. The Beatitudes describe it as blessedness. The Sermon on the Mount describes it as the narrow way. Thomas 22 says become like a child. Matthew 18 says turn and become as children. It all points at the same thing — *metanoia*, the transformation of consciousness that the church later flattened into 'repentance' with a moralistic gloss. Nicodemus, one of Israel's teachers, doesn't get it. Jesus is a little exasperated: 'You are Israel's teacher, and you do not understand these things?' The seeing eye is not built in the mind that already thinks it knows.",John 3:3-15,
1184,Y,John,John 4:7-26,"Will you give me a drink? If you knew the gift of God and who it is that asks you for a drink, you would have asked him and he would have given you living water. Everyone who drinks this water will be thirsty again, but whoever drinks the water I give them will never thirst. Indeed, the water I give them will become in them a spring of water welling up to eternal life. Go, call your husband and come back. You are right when you say you have no husband. The fact is, you have had five husbands, and the man you now have is not your husband. What you have just said is quite true. Woman, believe me, a time is coming when you will worship the Father neither on this mountain nor in Jerusalem. You Samaritans worship what you do not know; we worship what we do know, for salvation is from the Jews. Yet a time is coming and has now come when the true worshipers will worship the Father in the Spirit and in truth, for they are the kind of worshipers the Father seeks. God is spirit, and his worshipers must worship in the Spirit and in truth. I, the one speaking to you – I am he.”",Living Water at the Well,"A Samaritan woman, five husbands, no standing. He asks her for a drink and gives her theology no rabbi would give a man.","True worship happens in Spirit and truth, not on any mountain — and Jesus reveals this first to an outsider woman.","Everything about this scene breaks the rules. A rabbi does not speak to a woman in public. A Jew does not share a cup with a Samaritan. And no self-respecting teacher would engage a woman with the marital history this one has. Jesus does all three at once. He asks her for water — putting himself in the position of receiving from her. When she names the racial and gender line he has crossed, he tips the whole conversation into another register. If you knew who was asking, you would ask him, and he would give you living water. She keeps him on the literal — you don't even have a bucket. He shifts again: whoever drinks the water I give will never thirst, and it will become a spring welling up to eternal life.

Then he calls her marital history, gently. She tries the classic distraction — a theological argument about which mountain is the right place to worship, Gerizim or Jerusalem. Jesus refuses the frame entirely. The hour is coming, and now is, when true worshippers will worship the Father in *pneuma* and *aletheia* — spirit and truth. Not this mountain, not that mountain. God is spirit; the only location that matters is the interior one. This is one of the most radical theological statements in the gospels, and it is spoken to a woman with no religious standing. The old religion of place and priesthood is over. Then, quietly, he tells her he is the messiah. She is the first person in John's gospel to whom he says it plainly. She runs to town leaving her water jar behind, and half the village comes back to see for themselves. The message about worship in spirit and truth arrives through the least likely evangelist. That is Jesus's method throughout.",John 4:7-26,
1185,Y,John,John 4:32-38,"I have food to eat that you know nothing about. My food, is to do the will of him who sent me and to finish his work. Don’t you have a saying, ‘It’s still four months until harvest? I tell you, open your eyes and look at the fields! They are ripe for harvest. Even now the one who reaps draws a wage and harvests a crop for eternal life, so that the sower and the reaper may be glad together. Thus the saying ‘One sows and another reaps’ is true. I sent you to reap what you have not worked for. Others have done the hard work, and you have reaped the benefits of their labor.”",Food You Know Nothing About,"The fields are already white. The harvest is not next year. It is the person in front of you, right now.","Doing the Father's will is the deepest nourishment, and the harvest of transformed lives is happening in the present.","The disciples come back from town with food and are baffled that Jesus is not hungry. They wonder if someone brought him something to eat. He tells them, 'I have food to eat that you know nothing about.' Then the explanation: my food is to do the will of the one who sent me and to finish his work. This is the same principle he gave from the wilderness temptation — man does not live by bread alone (Deut 8:3). The deepest nourishment is not caloric. It is what you get from actually walking your assignment, moment to moment. The Samaritan woman and her whole town have just come streaming out to see him. He is fed.

Then he flips the harvest metaphor. Don't tell yourselves the harvest is four months away. Look at the fields — they are already white for harvest. The woman ran back and brought half the village. That is the harvest, arriving right now, from a source none of the disciples would have predicted. Others have done the hard work — probably the prophets, and John the Baptist, and the whole prophetic stream that prepared the ground — and you are stepping into a crop you did not plant. Notice what he is not saying. He is not telling them to wait for some future eschaton. He is not telling them the kingdom comes at the end of the age. It is present tense, right now, ripe, ready to be gathered by anyone willing to open their eyes. This is the same present-kingdom theology of Luke 17:21, Thomas 3, Thomas 113. The harvest is not later. The person in front of you is the harvest.",John 4:32-38,
1186,Y,John,John 4:48-53,"Unless you people see signs and wonders, you will never believe. Go, you son will live. Your son will live.”",Your Son Will Live,The child was healed the moment the father took Jesus at his word and started walking home. Trust is the mechanism.,"A father's simple trust in Jesus's word heals his son at a distance, before any sign has been given.","A royal official comes from Capernaum to Cana looking for Jesus — his son is dying. Jesus's opening line sounds harsh: 'Unless you people see signs and wonders, you will never believe.' It is a general rebuke aimed at the whole culture of miracle-hunting, not at this particular man. The father, unfazed, keeps his focus — 'Sir, come down before my child dies.' Jesus tells him, 'Go, your son will live.' No touch, no journey, no ceremony. Just a word. And here is the whole teaching: the man took Jesus at his word and departed. He started walking home, twenty miles, on the strength of a sentence. The next day his servants met him with news that the fever had left the boy at the exact hour Jesus had spoken.

*Pistis* — trust — is the mechanism. This is the same pattern that runs through every healing story in the gospels. Your faith has made you whole. Your trust is what opens the door. Jesus keeps pointing power back to the person's own alignment with the Father, not up to himself as the source. Notice also that this healing crosses distance and social lines. The official is a Herodian bureaucrat, probably Gentile-adjacent, definitely not part of the Nazarene community. His son is not present. Jesus never sees the boy. The healing arrives through a father's willingness to walk home carrying nothing but a word. The Jesus Way reading of miracle is not magic. It is what happens when a heart trusts what love has spoken and moves accordingly. The healing was already given. The father just had to walk into it.",John 4:48-53,
1187,Y,John,John 5:6-14,"Do you want to get well? Get up! Pick up your mat and walk. Pick up your mat and walk. See, you are well again. Stop sinning or something worse may happen to you.”",Do You Want to Get Well?,Thirty-eight years by that pool. Jesus asked the question everyone else assumed had been answered: do you actually want to get well?,Jesus asks a chronically sick man whether he actually wants healing — and then commands him to stand and walk.,"A man has been lying by the pool of Bethesda for thirty-eight years, waiting for the water to stir so he can be first in and be healed. Jesus asks him what sounds almost cruel: 'Do you want to get well?' Anyone who has spent time around chronic suffering knows why the question is not cruel. Long illness can fuse to identity. The waiting becomes a way of life. The excuse — 'I have no one to help me into the pool' — becomes the story that runs everything. Jesus cuts through the story with a direct command: 'Get up. Pick up your mat and walk.' No pool. No angel. No ritual. The healing bypasses the whole superstitious apparatus. And the man stands up and walks.

Then comes the sting in the tail — it was the Sabbath. The authorities immediately go after the healed man for carrying his mat, and after Jesus for healing on a day when work was forbidden. The whole conflict at the heart of Jesus's ministry compressed into one afternoon. Later Jesus finds him in the temple and adds a strange line — 'See, you are well. Stop sinning, or something worse may happen to you.' This is not blood-atonement talk. It is *hesed* wisdom: the healing you have just been given is a real gift, and squandering it by returning to what was harming you is worse than never being healed. Jesus is not saying his condition was caused by sin — elsewhere he explicitly rejects that assumption (John 9:3). He is saying: you have a new life. Live it accordingly. The condition Jesus removes from you is not automatically permanent if you walk back into what was killing you.",John 5:6-14,
1188,Y,John,John 5:17-30,"My Father is always at his work to this very day, and I too am working. Very truly I tell you, the Son can do nothing by himself; he can do only what he sees his Father doing, because whatever the Father does the Son also does. For the Father loves the Son and shows him all he does. Yes, and he will show him even greater works than these, so that you will be amazed. For just as the Father raises the dead and gives them life, even so the Son gives life to whom he is pleased to give it. Moreover, the Father judges no one, but has entrusted all judgement to the Son, that all may honor the Son just as they honor the Father. Whoever does not honor the Son does not honor the Father, who sent him. Very truly I tell you, whoever hears my word and believes him who sent me has eternal life and will not be judged but has crossed over from death to life. Very truly I tell you, a time is coming and has now come when the dead will hear the voice of the Son of God and those who hear will live. For as the Father has life in himself, so he has granted the Son also to have life in himself. And he has given him authority to judge because he is the Son of Man. Do not be amazed at this, for a time is coming when all who are in their graves will hear his voice and come out – those who have done what is good will rise to live, and those who have done what is evil will rise to be condemned. By myself I can do nothing; I judge only as I hear, and my judgement is just, for I seek not to please myself but him who sent me.”",The Son Does What the Father Does,"The Son does nothing on his own. He copies what the Father is doing. This is the pattern for every disciple, not just for him.",Jesus works only what he sees the Father doing — modelling the pattern every disciple is called to follow.,"The temple authorities have just caught Jesus healing on the Sabbath and calling God his own Father, which they read as a claim of equality. His answer is not to double down on the metaphysics. It is to describe a relationship of complete transparency: 'The Son can do nothing by himself; he can do only what he sees the Father doing.' This is not an argument for co-divinity. It is a description of a life so aligned with God that the human will has become perfectly permeable to the divine will. What the Father does, the Son does — because there is no ego between them filtering, blocking, or self-interested. It is exactly what he prayed on the mount of Olives: not my will but yours.

And here is what the tradition too often misses — this is the pattern being offered to every disciple. 'A student is not above his teacher, but everyone who is fully trained will be like his teacher' (Lk 6:40). The *talmid* becomes like the rabbi. Jesus is modelling the state a follower is meant to grow into, not staking out an exclusive category of being. The passage does contain harder-sounding lines — the Father judges no one but has entrusted all judgment to the Son; whoever hears my word and believes has crossed from death to life. These are not later Nicene claims read backward. They are the confidence of a teacher who knows what he is offering — the door out of the ego-driven life (death) into the God-aligned one (life), available immediately, in the present. 'Whoever hears my word and believes has crossed over' — perfect tense, already done, the moment the trust is real. Eternal life is not a location you go to. It is a quality of being you have already entered.",John 5:17-30,
1189,Y,John,John 5:31-47,"If I testify about myself, my testimony is not true. There is another who testifies in my favor, and I know that his testimony about me is true. You have sent to John and he has testified to the truth. Not that I accept human testimony; but I mention it that you may be saved. John was a lamp that burned and gave light, and you chose for a time to enjoy his light. I have testimony weightier than that of John. For the works that the Father has given me to finish – the very works that I am doing – testify that the Father has sent me. And the Father who sent me has himself testified concerning me. You have never heard his voice nor seen his form, nor does his word dwell in you, for you do not believe the one he sent. You study the scriptures diligently because you think that in them you have eternal life. These are the very Scriptures that testify about me, yet you refuse to come to me to have life. I do not accept glory from human beings, but I know you. I know that you do not have the love of God in your hearts. I have come in my Father’s name, and you do not accept me; but if someone else comes in his own name, you will accept him. How can you believe since you accept glory from one another but do not seek the glory that comes from the only God? But do not think I will accuse you before the Father. Your accuser is Moses, on whom your hopes are set. If you believed Moses, you would believe me, for he wrote about me. But since you do not believe what he wrote, how are you going to believe what I say?”",The Scriptures Testify,You study the scriptures thinking they hold the life. But they only point at the life. And the life is standing in front of you.,"The scriptures are a signpost, not the destination — and the leaders who study them most have missed what they point at.","Jesus is defending his ministry to hostile authorities and he lays out his witnesses in order. John the Baptist testified to him. The works themselves testify. The Father testifies. And the scriptures — the very texts these leaders spend their lives studying — testify to him. Then the sharp line: 'You study the scriptures diligently because you think that in them you have eternal life. These are the very scriptures that testify about me, yet you refuse to come to me to have life.' This is a devastating diagnosis of religious scholarship divorced from lived encounter. You can master the text and miss what the text is pointing at. You can be Israel's teacher (as he told Nicodemus) and still not see.

The reason he gives is not intellectual — it is relational. 'I know that you do not have the love of God in your hearts.' Without that love, the scriptures become an end in themselves, a system for scoring who is in and who is out, rather than a lamp pointing to the reality they were written to describe. He goes further: 'Your accuser is Moses, on whom your hopes are set.' The very Torah they claim to defend is the Torah that pointed at him — Deut 18:15, the prophet like Moses; Isa 61:1, the anointed one bringing good news. This is a classic Nazarene / Ebionim critique. The 613 scribal expansions had piled on top of what Moses gave until the original signposts were buried. Jer 8:8 — 'How can you say we are wise, when the lying pen of the scribes has handled it falsely?' The scriptures are meant to bring you to the living reality. If they become a fortress against it, they have been misused. Egerton 1 preserves a related saying — you search the scriptures and think you have life in them, but they testify about me.",John 5:31-47 | Egerton 1:1–6,
1190,Y,John,John 6:26-58,"Very truly I tell you, you are looking for me, not because you saw the signs performed but because you ate the loaves and had you fill. Do not work for food that spoils, but for food that endures to eternal life, which the Son of Man will give you. For on him God the Father has placed his seal of approval. The work of God is this: to believe in the one he has sent. Very truly I tell you, it is not Moses who has given you the bread from heaven, but it is my Father who gives you the true bread from heaven. For the bread of God is the bread that comes down from heaven and gives life to the world. I am the bread of life. Whoever comes to me will never go hungry, and whoever believes in me will never be thirsty. But as I told you, you have seen me and still you do not believe. All those the Father gives me will come to me, and whoever comes to me I will never drive away. For I have come down from heaven not to do my will but to o the will of him who sent me. And this is the will of him who sent me, that I shall lose none of all those he has given me, but raise them up at the last day. For my Father’s will is that everyone who looks to the Son and believes in him shall have eternal life, and I will raise them up at the last day. I am the bread that came down from heaven. I came down from heaven. Stop grumbling among yourselves, no one can come to me unless the Father who sent me draws them, and I will raise them up at the last day. It is written in the Prophets: ‘They will all be taught by God.’ Everyone who has heard the Father and learned from him comes to me. No one has seen the Father except the one who is from God; only he has seen the Father. Very truly I tell you, the one who believes has eternal life. I am the bread of life. Your ancestors ate the mana in the wilderness, yet they died. But here is the bread that comes down from heaven, which anyone may eat and not die. I am the living bread that came down from heaven. Whoever eats this bread will live forever. This bread is my flesh, which I will give for the life of the world. Very truly I tell you, unless you eat the flesh of the son of Man and drink his blood, you have no life in you. Whoever eats my flesh and drinks my blood has eternal life, and I will raise them up at the last day. For my flesh is real food and my blood is real drink. Whoever eats my flesh and drinks my blood remains in me, and I in them. Just as the living Father sent me and I live because of the Father, so the one who feeds on me will live because of me. This is the bread that came down from heaven. Your ancestors ate manna and died, but whoever feeds on this bread will live forever.”",The Bread of Life,The bread from heaven is not manna. It is a life so aligned with God that eating it means feeding on his very being.,"Jesus is the true bread from heaven, and to feed on his life is to be sustained by the Father's own reality.","The day after the feeding of the five thousand, the crowd tracks Jesus down. He calls them out — you are not looking for me because you saw the sign; you are looking because you got fed. Don't work for food that spoils, work for food that endures to eternal life. They ask what they must do, and he gives one of the tightest definitions of *pistis* in the gospels: 'The work of God is this — to trust in the one he has sent.' Not sign a creed. Trust. Then the crowd, still literal, wants more bread — Moses gave our fathers manna, what will you give us? Jesus makes the pivot the whole chapter turns on. Moses did not give the bread; my Father gives the true bread from heaven, which gives life to the world. 'I am the bread of life.' Whoever comes to me will never hunger; whoever trusts in me will never thirst.

The language that follows — eat my flesh, drink my blood — is deliberately shocking, and it costs him half his followers. The Ebionites, the branch of the Jesus movement that stayed closest to his original community, understood this figuratively, as Jesus's own words insist a few verses later: 'The Spirit gives life; the flesh counts for nothing. The words I have spoken to you — they are spirit and life.' The eating and drinking is spiritual assimilation, not literal blood. Feeding on him is taking his whole way of being into yourself until it becomes your own. This is the pattern that will be ritualized in the breaking of bread the community continued to practice (Didache 9-10, which contains no atonement theology, only thanksgiving for life and knowledge). John's language is dense and later communities would over-literalize it into sacramental machinery. The teaching itself is simpler and more radical: consciousness of the Father, expressed in a human life, is the bread that keeps a soul alive. Eat it daily.",John 6:26-58,
1191,Y,John,John 6:61-70,"Does this offend you? Then what if you see the Son of Man ascend to where he was before! The Spirit gives life; the flesh counts for nothing. The words I have spoken to you – they are full of the Spirit and life. Yet there are some of you who do not believe. This is why I told you that no one can come to me unless the Father has enabled them. You do not want to leave too, do you? Have I not chosen you, the Twelve? Yet one of you is a devil!”",The Flesh Counts for Nothing,'The Spirit gives life; the flesh counts for nothing.' He said this to correct the people taking him too literally.,"When the crowd stumbles over the flesh-and-blood language, Jesus tells them plainly it is spiritual, not literal.","The bread-of-life discourse has just cost him most of his crowd. Many of his own disciples are grumbling that the teaching is too hard. Jesus does not soften it — but he does clarify what he actually meant. 'The Spirit gives life; the flesh counts for nothing. The words I have spoken to you are spirit, and they are life.' This is the interpretive key to the whole chapter, delivered by Jesus himself. The eating and drinking is not literal ingestion. It is spiritual assimilation. The Spirit is what matters. The flesh — the literal, material-only reading — counts for nothing. Later sacramental theology would flip this exactly upside down and insist on the literal flesh. Jesus is on the record here saying the opposite.

Even with the clarification, many walk away. Jesus turns to the twelve — 'You do not want to leave too, do you?' Peter gives one of the great answers in the gospels: 'Lord, to whom shall we go? You have the words of eternal life.' Not the metaphysics. The words. The teaching itself is what holds him. Jesus's response is a strange preview of what is coming — he chose the twelve, and yet one of them is a devil. *Diabolos* in Greek — the accuser, the divider. Judas is being flagged before he has done anything. This connects to the deep Jesus Way understanding of the adversary — not a horned figure but the accuser within, the ego-force that inverts truth and turns against love. It can operate inside the inner circle. Being close to Jesus, even being chosen, does not exempt anyone from the daily work of denying the ego-self. The teaching stays true whether the crowd stays or leaves.",John 6:61-70,
1192,Y,John,John 7:6-24,"My time is not yet here; for you any time will do. The world cannot hate you, but it hates me because I testify that its works are evil. You go to the festival. I am not going up to this festival, because my time has not yet fully come. My teaching is not my own. It comes from the one who sent me. Anyone who chooses to do the will of God will find out whether my teaching comes from God or whether I speak on my own. Whoever speaks on their own does so to gain personal glory, but he who seeks the glory of the one who sent him is a man of truth; there is nothing false about him. Has not Moses given you the law? Yet not one of you keeps the law. Why are you trying to kill me? I did one miracle, and you are all amazed. Yet, because Moses gave you circumcision (though actually it did not come from Moses, but from the patriarchs), you circumcise a boy on the Sabbath. Now it a boy can be circumcised on the Sabbath so that the law of Moses may not be broken, why are you angry with me for healing a man’s whole body on the Sabbath? Stop judging by mere appearances, but instead judge correctly.”",Judge Rightly,Stop judging by appearances. Look through the surface to the substance. A whole body healed is worth more than any Sabbath rule kept.,Jesus corrects the crowd for enforcing Sabbath rules while ignoring the actual good he did — a whole man made well.,"At the Festival of Tabernacles Jesus is in Jerusalem, controversial, controversial-loved and controversial-hated. He tells his brothers he is not going up to the feast — his time has not yet fully come — and then goes quietly. Halfway through the festival he starts teaching openly in the temple courts. The authorities marvel that he speaks with such learning without formal training. His answer: 'My teaching is not my own. It comes from the one who sent me.' Then the diagnostic line — 'Anyone who chooses to do the will of God will find out whether my teaching comes from God or whether I speak on my own.' Truth is not verified by argument. It is verified by living it. Try the way and see whether it holds. This is the Jesus Way epistemology in one sentence.

Then he circles back to the healing at Bethesda that has these people so agitated. Moses gave you circumcision, he says — and you circumcise on the Sabbath without hesitation, because the eighth-day rule outranks the Sabbath rule. So why are you angry with me for healing a man's whole body on the Sabbath? The logic is airtight and characteristically prophetic — Hos 6:6 territory. Mercy over sacrifice. The whole body of a suffering human being over the ritual observance of a day. Then the punchline: 'Stop judging by mere appearances. Judge rightly.' The Greek is *krisis dikaia* — a right, penetrating judgment that sees through the surface issue (Sabbath rule) to what is actually happening (a broken life restored). Jesus is not against judgment as such. He is against surface judgment that gets the priorities backwards. See what is really in front of you.",John 7:6-24,
1193,Y,John,John 7:28-37,"Yes, you know me, and you know where I am from. I am not here on my own authority, but he who sent me is true. You do not know him, but I know him because I am from him and he sent me. I am with you for only a short time, and then I am going to the one who sent me. You will look for me, but you will not find me; and where I am, you cannot come. You will look for me, but you will not find me. Where I am, you cannot come. Let anyone who is thirsty come to me and drink. Whoever believes in me, as Scripture has said, rivers of living water will flow from within them.”",Rivers of Living Water,"If anyone thirsts, come and drink. The spring is not in Jerusalem. It flows out of the person who trusts.","Jesus offers himself as the source of an inner spring, and promises the same living water will flow out through anyone who trusts.","The Festival of Tabernacles included a daily water-drawing ceremony where the priests poured water at the altar, remembering the wilderness provision and pleading for the fall rains. On the last and greatest day of the feast, Jesus stands up and shouts across the temple courts: 'If anyone is thirsty, let them come to me and drink. Whoever trusts in me — as the scripture says — rivers of living water will flow from within them.' He is claiming, in the middle of the water ritual, to be the true source. Not the temple ceremony. Not the annual rain. Him. And more startling still — the same living water will pour out of anyone who trusts. The disciple becomes a spring. It is the same promise he gave the Samaritan woman at the well.

This is the interior kingdom teaching in one gesture. The old religion needed a place — this temple, this altar, this ceremony — to access God. Jesus keeps moving the location inward. The kingdom is within you. The Father is worshipped in spirit and truth, not on any mountain. Living water rises out of the trusting heart. And notice the outward flow. This is not private mysticism. The water flows out of you toward the world. Trust in the source makes you a source. Thomas 38 preserves a related saying about looking for him and not finding him — 'You will look for me and not find me' — from this same period, and Egerton 1 has him rebuking those who search the scriptures without coming to the life. The crowd is divided at this point — some say he is the Prophet, some the Messiah, some a deceiver. He keeps teaching. The spring does not stop flowing because people are still deciding what to call it.",John 7:28-37 | Thomas 38 | Egerton 1:8–10,
1194,Y,John,John 8:12-19,"I am the light of the world. Whoever follows me will never walk in darkness, but will have the light of life. Even if I testify on my own behalf, my testimony is valid, for I know where I came from and where I am going. But you have no idea where I come from or where I am going. You judge by human standards; I pass judgement on no one. But if I do judge, my decisions are true, because I am not alone. I stand with the Father, who sent me. In your own Law it is written that the testimony of two witnesses is true. I am one who testifies for myself; my other witness is the Father, who sent me. You do not know me or my Father, if you knew me, you would know my Father also.”",The Light of the World,"I judge no one, he said in the same breath. The one who called himself the light of the world declined the judge's seat.",Jesus claims to be the light for anyone who follows him — and in the same passage says he judges no one.,"'I am the light of the world. Whoever follows me will never walk in darkness, but will have the light of life.' It is one of the great sayings in John, and the offer is universal — anyone who follows. But the Pharisees challenge him on legal grounds: you can't be your own witness, so your testimony doesn't hold. Jesus doesn't concede the point. He says even if I do testify about myself, my testimony is true, because I know where I come from and where I am going. You are judging by human standards. Notice the next line, which the church has often skipped over: 'I pass judgment on no one.' The one who is offering himself as the light of the world declines the seat of judgment in the very same breath.

This matches everything else Jesus says about judgment throughout the gospels. Do not judge, and you will not be judged (Mt 7:1). The Father judges no one but has entrusted all judgment to the Son (Jn 5:22) — and here the Son says he judges no one either. What actually happens is that people encounter the light and self-select. Walk toward it and you see. Walk away and you don't. The 'judgment' is the natural consequence of your own orientation, not a verdict imposed from outside. This lines up with the *hesed* God of Jesus who sends rain on the righteous and unrighteous alike (Mt 5:45). The light is on. Following the one who carries it is how you stop stumbling in the dark. Not because he is watching you. Because the light itself shows you where you are going.",John 8:12-19,
1195,Y,John,John 8:21-29,"I am going away, and you will look for me, and you will die in your sin. Where I go, you cannot come. Where I go, you cannot come. You are from below; I am from above. You are of this world; I am not of this world. I told you that you would die in your sins; if you do not believe that I am he, you will indeed die in your sins. Just what I have been telling you from the beginning, I have much to say in judgment of you. But he who sent me is trustworthy, and what I have heard from him I tell the world.” The one who sent me is with me; he has not left me alone, for I always do what pleases him.”",From Above,You are from below; I am from above. Two consciousnesses looking at the same world and seeing different realities.,"Jesus tells his opponents they are operating from a different order of consciousness — one from below, one from above.","The dispute in the temple courts sharpens. Jesus tells the leaders he is going away and they will look for him and not find him and will die in their sins. They wonder aloud if he plans to kill himself. Then he draws the line that names the whole problem: 'You are from below; I am from above. You are of this world; I am not of this world.' This is not a metaphysical claim about pre-existent souls. It is a description of two orders of consciousness. The 'from below' consciousness operates from ego, fear, self-protection, and the assumption that this material world is all there is. The 'from above' consciousness operates from the Father — from love, trust, alignment, and the awareness that the kingdom is present. Two people can be standing in the same courtyard and living in different worlds.

'If you do not believe that I am he, you will die in your sins.' The phrase is *ego eimi* — I am — the divine name from Ex 3:14. In John, Jesus uses it repeatedly and unadorned, and the leaders hear it every time. But in the Jesus Way reading, the point is not to secure orthodoxy about his nature. The point is to enter the same *ego eimi* awareness — the pure I AM presence that stands under all the ego's clutter and knows itself as one with the Father. Dying in your sins means staying trapped in the from-below consciousness, missing the door the whole life is standing in front of. And he ends the passage with a line that reveals the whole method — 'I always do what pleases him. The one who sent me is with me; he has not left me alone.' Not a boast. A description of what any life fully aligned with the Father is like. Never alone. Doing what the Father is doing. Available to any *talmid* willing to follow.",John 8:21-29,
1196,Y,John,John 8:31-47,"If you hold to my teaching, you are really my disciples. Then you will know the truth, and the truth will set you free. Very truly I tell you, everyone who sins is a slave to sin. Now a slave has no permanent place in the family, but a son belongs to it forever. So if the Son sets you free, you will be free indeed. I know that you are Abraham’s descendants. Yet you are looking for a way to kill me, because you have no room for my word. I am telling you what I have seen in the Father’s presence, and you are doing what you have heard from your father. If you were Abraham’s children, then you would do what Abraham did. As it is, you are looking for a way to kill me, a man who has told you the truth that I heard from God. Abraham did not do such things. You are doing the works of your own father. If God were your Father, you would love me, for I have come here from God. I have not come on my own; God sent me. Why is my language not clear to you? Because you are unable to hear what I say. You belong to your father, the devil, and you want to carry out your father’s desires. He was a murderer from the beginning, not holding to the truth, for there is no truth in him. When he lies, he speaks his native language, for he is a liar and the father of lies. Yet because I tell the truth, you do not believe me! Can any of you prove me guilty of sin? If I am telling the truth, why don’t you believe me? Whoever belongs to God hears what God says. The reason you do not hear is that you do not belong to God.”",Children of Abraham,You can claim any lineage you like. The fruit tells the truth about who your father actually is.,Bloodline claims mean nothing — you belong to whoever's work you are doing.,"Jesus draws a hard line here, and the line has nothing to do with ancestry. If you hold to his teaching, you are his disciple — a *talmid*, one who becomes like the rabbi. Everything else is decoration. Abraham's descendants who plot murder are Abraham's descendants only on paper. The father you actually serve is the one whose work you do. This is the same principle Jesus teaches everywhere else — you know a tree by its fruit. Words about God are cheap; the life reveals the source. Truth sets free, and freedom looks like a life that no longer runs on lies, violence, and self-protection. Slavery to sin isn't a metaphysical status — it is the compulsion to keep harming, keep lying, keep defending the ego at any cost.

The ""father of lies"" language is stark, but it is the same figure Jesus called *HaSatan* — the adversary, the accuser, the ego-mind that murders love and manufactures untruth to protect itself. When Jesus says his opponents share that father, he is naming the state of consciousness they are operating from, not their genealogy. John's gospel writes with sharper edges than the Synoptics, and the polemic against ""the Jews"" here reflects late-first-century tensions between the Johannine community and the synagogue, not a blanket verdict on a people. Read it as Jesus reads it — a test of fruit, applied without exception to anyone claiming to belong to God.",John 8:31-47,
1197,Y,John,John 8:49-58,"I am not possessed by a demon, but I honor my Father and you dishonor me. I am not seeking glory for myself; but there is one who seeks it, and he is the judge. Very truly I tell you, whoever obeys my word will never see death. If I glorify myself, my glory means nothing. My Father, whom you claim as your God, is the one who glorifies me. Though you do not know him, I know him. If I said I did not, I would be a liar like you, but I do know him and obey his word. Your father Abraham rejoiced at the thought of seeing my day; he saw it and was glad. Very truly I tell you, before Abraham was born, I am!”",Before Abraham Was,"The teacher who says the Father is greater than him also says: before Abraham, I am. Hold both.",Jesus points beyond his person to the eternal reality of God that speaks and acts through him.,"This is the passage that later theology built the doctrine of divinity on. Read it carefully and it is more subtle than the creeds made it. Jesus refuses self-glorification twice — ""if I glorify myself, my glory means nothing"" — and points to the Father as the one who glorifies. He obeys the Father's word. He is *sent*. This is the language of a prophet and a *talmid*, not a self-declaring deity. Then comes the *ego eimi* — ""I am"" — the divine name from Exodus 3:14. In John's high-Christology framing, Jesus is drawing the eternal Word into visible form. In the Jesus Way reading, he is naming the timeless reality of God's presence that speaks through him, the same reality every awakened person is meant to know and manifest.

Eternal life, Jesus says three chapters later, is to *know* the Father — experiential knowing, not creedal assent. Whoever obeys his word will never see death because they have entered a life that death cannot touch. The Nicene Council in 325 AD collapsed the distinction Jesus keeps here — between the Son who obeys and the Father who is greater (Jn 14:28) — and made him metaphysically identical to God. John's gospel gives them ammunition. Jesus's own words give them pause. He honors the Father. He is not seeking glory for himself. That posture, more than any title, is the mark of the one truly sent.",John 8:49-58,
1198,Y,John,John 9:3-7,"Neither this man nor his parents sinned, but this happened so that the works of God might be displayed in him. As long as it is day, we must do the works of him who sent me. Night is coming, when no one can work. While I am in the world, I am the light of the world. Go, wash in the Pool of Siloam.”",Neither This Man Nor His Parents,The blindness isn't a punishment. It never was. Suffering is not the ledger closing on a hidden sin.,Suffering is not divine retribution for sin — Jesus explicitly rejects that theology.,"The disciples ask the standard question of the ancient world — who sinned to cause this affliction, the man or his parents? It is the same question Job's friends asked. It is the assumption still buried in half of religious thinking today: something bad happened, so someone must have earned it. Jesus dismantles it in a sentence. Neither. This condition is not a debt being collected. It is an occasion for God's healing work to become visible. In one line Jesus overturns the whole retribution framework the priests had built around suffering and impurity.

The healing itself is spare and physical. Spit, mud, a walk to the Pool of Siloam. Siloam means *sent* — the same word Jesus uses of himself. The man is sent to wash and comes back seeing. ""I am the light of the world"" here is not a metaphysical boast but a working description: while the light is here, the works of God get done. Night — the time when no one can work — is coming. This is Jesus urging his followers to act now, in the daylight of his presence, and to keep acting after him. The disciple carries the light forward. Note too the striking absence of any demand for repentance, sacrifice, or blood. Jesus heals. That is the whole transaction, again.",John 9:3-7,
1199,Y,John,John 9:35-41,"Do you believe in the Son of Man? You have now seen him; in fact, he is the one speaking with you. For judgement I have come into this world, so that the blind will see and those who see will become blind. If you were blind, you would not be guilty of sin; but now that you claim you can see, your guilt remains.”",Those Who Claim to See,The blind man ends the story seeing. The men with perfect eyes end it in the dark. Certainty is the disease.,The people most sure they see clearly are the ones most blind to what is right in front of them.,"The healing has already happened. Now comes the deeper healing — the man's *seeing* moves from eyes to heart. He recognizes the Son of Man standing in front of him and trusts him. Meanwhile the religious experts, who witnessed the same miracle, walk away angrier than when they arrived. Jesus names the pattern out loud. For judgment I have come — meaning, the presence of truth is itself a sorting. Those aware of their blindness receive sight. Those certain they already see cannot receive anything, because certainty has sealed the door.

This is one of Jesus's sharpest teachings on spiritual pride. The Pharisees weren't stupid — they were the most learned religious minds of their day. That was the problem. Every framework they had built to interpret God was now filtering out God standing in front of them. ""If you were blind, you would not be guilty"" — the guilt Jesus names isn't a legal debt, it is a *condition*. Willed blindness. The same state described in Isaiah 6:9-10, which Jesus quotes elsewhere: hearing they do not hear, seeing they do not perceive. The gate to the kingdom is childlike openness. Expertise, credentials, and religious authority are not shortcuts around it — they can be the very thing that closes it.",John 9:35-41,
1200,Y,John,John 10:1-18,"Very truly I tell you Pharisees, anyone who does not enter the sheep pen by the gate, but climbs in by some other way, is a thief and a robber. The one who enters by the gate is the shepherd of the sheep. The gatekeeper opens the gate for him, and the sheep listen to his voice. He calls his own sheep by name and leads them out. When he has brought out all his own, he goes on ahead of them, and his sheep follow him because they know his voice. But they will never follow a stranger; in fact, they will run away from him because they do not recognize a stranger’s voice. Very truly I tell you, I am the gate for the sheep. All who have come before me are thieves and robbers, but the sheep have not listened to them. I am the gate; whoever enters through me will be saved. They will come in and go out and find pasture. The thief comes only to steal and kill and destroy; I have come that they may have life, and have it to the full. I am the good shepherd. The good shepherd lays down his life for the sheep. The hired hand is not the shepherd and does not own the sheep. So when he sees the wolf coming, he abandons the sheep and runs away. Then the wolf attacks the flock and scatters it. The man runs away because he is a hired hand and cares nothing for the sheep. I am the good shepherd; I know my sheep and my sheep know me – just as the Father knows me and I know the Father – and I lay down my life for the sheep. I have other sheep that are not of this sheep pen. I must bring them also. They too will listen to my voice, and there shall be one flock and one shepherd. The reason my Father loves me is that I lay down my life – only to take it up again. No one takes it from me, but I lay it down of my own accord. I have authority to lay it down and authority to take it up again. This command I received from my Father.”",The Good Shepherd,"The sheep know the shepherd's voice. And there are other sheep, in other pens, who will also come.","Jesus is the trustworthy guide his own recognize by voice, and his flock reaches far beyond one fold.","The image runs through the whole Hebrew Bible. Yahweh as the shepherd of Israel (Psalm 23, Ezekiel 34), the leaders as hired hands who fatten themselves while the flock is scattered. Jesus stands squarely inside that tradition and turns it into a self-portrait. He is the gate, meaning the way in. He is the shepherd, meaning the one who leads and does not run. He lays down his life freely — no one takes it from him. That last phrase matters. The crucifixion in John is not a cosmic transaction in which a wrathful Father demands blood before he will forgive. It is a shepherd choosing to stand between his flock and the wolf. Love, not appeasement.

The most quietly explosive line comes in verse 16 — ""other sheep that are not of this sheep pen."" Jesus's community had one flock in mind. He tells them there are more. The kingdom is not tribal. The voice of the true shepherd can reach anyone with ears to hear it, in any tradition, in any age. The hallmark of a genuine shepherd is that the sheep *recognize* the voice — an inner resonance, not a credential. And the hallmark of the hireling is flight in the face of danger. Test any teacher by both: does the voice ring true in you, and does the teacher stay when it costs them?",John 10:1-18 | Q 10:21–22,
1201,Y,John,John 10:25-38,"I did tell you, but you do not believe. The works I do in my Father’s name testify about me, but you do not believe because you are not my sheep. My sheep listen to my voice; I know them, and they follow me. I give them eternal life, and they shall never perish; no one will snatch them from out of my hand. My Father, who has given them to me, is greater than all, no one can snatch them out of my Father’s hand. I and the Father are one. I have shown you many good works from the Father. For which of these do you stone me? Is it not written in your Law, ‘I have said you are “gods” If he called them ‘gods,’ to whom the word of God came – and Scripture cannot be set aside – what about the one whom the Father set apart as his very own and sent into the world? Why then do you accuse me of blasphemy because I said, ‘I am God’s Son’? Do not believe me unless I do the works of my Father. But if I do them, even though you do not believe me, believe the works, that you many know and understand that the Father is in me, and I in the Father.”",I Have Said You Are Gods,"Charged with blasphemy, Jesus points to a psalm — you are gods. The oneness he claims is one you can share.",Jesus defends his union with the Father by pointing to a scripture that extends divine sonship to all who receive God's word.,"This is the exchange later church councils treated as the knockout proof of Jesus's metaphysical divinity. His own defense goes a different direction. Accused of blasphemy for saying ""I and the Father are one,"" Jesus doesn't claim a status unique to him — he quotes Psalm 82:6: *I said, you are gods.* If Scripture can call the recipients of God's word ""gods,"" why is it blasphemy for the one the Father set apart to call himself God's Son? The argument only works if he means the union he speaks of is available. Not identity with God — participation in God. The same union he prays for his disciples to have in John 17:21.

The test Jesus offers is the Jesus Way test throughout — believe the works. Don't take a title on faith; watch the fruit. Where the works of the Father are being done — sight to the blind, freedom to the captive, food to the hungry, love to the enemy — the Father is present in the doer. This is what *talmid* means. The disciple becomes like the rabbi. The Nazarene stream Jesus came out of held that the human being was made to bear the divine image without distortion; the ego, the accuser, is what fractures it. Christ is not a metaphysical exception; he is the pattern. ""Whoever believes in me will do the works I have been doing"" (Jn 14:12). That verse is his own commentary on this one.",John 10:25-38 | Egerton 1:7–10,
1202,Y,John,John 11:4-15,"The sickness will not end in death. No, it is for God’s glory so that God’s Son may be glorified through it. Let us go back to Judea. Are there not twelve hours of daylight? Anyone who walks in the daytime will not stumble, for they see by this world’s light. It is when a person walks at night that they stumble, for the have no light. Our friend Lazarus has fallen asleep; but I am going there to wake him up. Lazarus is dead, and for your sake I am glad I was not there, so that you may believe. But let us go to him.”",Lazarus Has Fallen Asleep,He calls death sleep. He walks toward it without hurry. This is what fearlessness in the presence of the last enemy looks like.,Jesus treats death as sleep and moves toward the grave with unshaken trust in the Father's work.,"Two things stand out about Jesus's approach here. First, the deliberate delay. He waits two days after hearing Lazarus is sick, then announces they are going to Judea — the very region where they just tried to stone him. When the disciples object, he answers with a small parable about walking in the light. As long as the day of his mission is running, no accident can take him early; the hours are appointed. This is trust, *pistis*, in operation — not a mood but a settled orientation toward the Father's timing.

Second, the language for death. Jesus calls it sleep. He does not describe it as annihilation, nor as a soul flying off to a disembodied heaven, nor as a soul falling into torment. It is *sleep* — a state from which the sleeper can be called. That framing runs through the earliest Christian language (Paul, unusually in agreement here, calls the dead ""those who have fallen asleep""). The kingdom of God, in the Jesus Way reading, is a present reality that death does not sever; the Father of the living is God of Abraham, Isaac, and Jacob because they are alive to him. Jesus is glad for the disciples' sake that Lazarus died — because what is about to happen at that tomb will show them, in a way argument never could, that the boundary they most fear is porous where love and trust are present.",John 11:4-15,
1203,Y,John,John 11:23-34,"Your brother will rise again. I am the resurrection and the life. The one who believes in me will live, even though they die; and whoever lives by believing in me will never die. Do you believe this? Where have you laid him?”",I Am the Resurrection,Resurrection isn't a date on the calendar. It is the life that is present wherever the Living One is present.,"Resurrection is a present reality embodied in Jesus, not only a future event at the end of time.","Martha gives the standard Pharisaic answer — yes, my brother will rise at the resurrection on the last day. That was mainstream first-century Jewish belief. Jesus doesn't correct the future hope; he collapses it into the present tense. *I am* the resurrection. *I am* the life. The reality Martha is deferring to the end of the age is standing in front of her now. To be joined to that life — to trust it, to abide in it — is already to be inside a life that death cannot end. The one who lives by trusting in Jesus will never die in the sense that most matters.

This is the same present-kingdom logic Jesus teaches everywhere. The kingdom is within you, and among you, right now. Eternal life is not an infinite quantity of future time; it is a *quality* of life — knowing the only true God (Jn 17:3). Resurrection, on the Jesus Way reading, is the same. It is the reality of God's undying life becoming operative in you here, and continuing through the sleep of the body into whatever comes next. ""Do you believe this?"" is not a question about doctrine. It is Jesus asking whether Martha will let her grief be reframed by his presence in the next five minutes — before he has done anything at all at the tomb.",John 11:23-34,
1204,Y,John,John 11:39-44,"Take away the stone. Did I not tell you that if you believe, you will see the glory of God? Father, I thank you that you have heard me. I knew that you always hear me, but I said this for the benefit of the people standing here, that they man believe that you sent me. Lazarus, come out! Take off the grave clothes and let him go.”","Lazarus, Come Out",Take away the stone. Come out. Take off the grave clothes. Every command in this scene is an invitation to the living.,The one who calls the dead by name shows what trust in the Father can bring to visible life.,"Notice how much of this miracle is delegated. Jesus does not roll the stone himself — he tells them to. He does not unwrap Lazarus — he tells them to. The one thing only he can do — call the dead man by name — he does aloud, and he prays first so those standing there hear the source he is drawing from. ""I knew that you always hear me, but I said this for the benefit of the people standing here."" The healing is done in the Father's power, and Jesus makes that visible on purpose. The disciple is meant to see the mechanism and learn it.

""If you believe, you will see the glory of God"" is not a promise that trust will always dissolve tumors and reopen graves. It is a promise that trust opens the eyes to God's work wherever it is happening — including in situations that look, from the outside, like utter defeat. Lazarus stumbles out still bound. He needs the community to free him from the wrappings. Even a resurrection is not the whole liberation. The people around him have work to do. That pattern holds. The Christ calls; the community loosens the grave-clothes. Not Him. You.",John 11:39-44,
1205,Y,John,John 12:44-50,"Whoever believes in me does not believe in me only, but in the one who sent me. The one who looks at me is seeing the one who sent me. I have come into the world as a light, so that no one who believes in me should stay in darkness. If anyone hears my words but does not keep them, I do not judge that person. For I did not come to judge the world, but to save the world. There is a judge for the one who rejects me and does not accept my words; the very words I have spoken will condemn them at the last day. For I did not speak on my own, but the Father who sent me commanded me to say all that I have spoken. I know that his command leads to eternal life. So whatever I say is must what the Father has told me to say.”","Not to Judge, But to Save",The words judge. The teacher does not. What you do with what you have heard is what condemns or vindicates you.,"Jesus does not judge those who reject him — the teaching itself is the judgment, activated by how you respond to it.","Two lines in this passage cut against every image of Jesus as the future courtroom judge with a gavel. ""I did not come to judge the world, but to save the world."" And, ""There is a judge for the one who rejects me — the very words I have spoken."" The judgment is not something Jesus later delivers on us. It is something the teaching itself accomplishes, automatically, by how we respond to it. Same law he teaches everywhere. The measure you use is the measure used on you. What you do with the light determines whether you are walking in it or refusing it. The gavel is your own hand.

This is why ""believe in me"" in John cannot be reduced to mental assent to a set of propositions. Whoever *believes* in Jesus, Jesus says, is really believing in the One who sent him — trusting the source, the same God the prophets pointed to. Faith is *pistis*, trust demonstrated by how you actually live. Paul's later formula in Romans 10:9 — confess with your mouth, believe in your heart, you will be saved — narrows this to a mental transaction. Jesus keeps saying the opposite in every gospel, including this one. Not everyone who says Lord, Lord (Mt 7:21). Anyone who *loves me will obey my teaching* (Jn 14:23). Belief that changes nothing about your life is not the belief he is talking about.",John 12:44-50,
1206,Y,John,John 13:7-17,"You do not realize now what I am doing, but later you will understand. Unless I wash you, you have no part with me. Those who have had a bath need only to wash their feet; their whole body is clean. And you are clean, though not every one of you. Do you understand what I have done for you? You call me ‘Teacher” Now that I, your Lord and Teacher, have washed your feet, you also should wash one another’s feet. I have set you an example that you should do as I have done for you. Very truly I tell you, no servant is greater than his master, nor is a messenger greater than the one who sent him. Now that you know these things, you will be blessed if you do them.”",Wash One Another's Feet,"The Teacher takes the towel. That gesture, on its own, is the whole ethic of the new community.",Greatness in Jesus's community means taking the lowest servant's role and doing it for each other.,"In first-century Palestine, foot-washing was slave work. Guests arrived with the road on their feet; a household slave rinsed them clean at the door. If no slave was available, the lowest-status person present did it. In this scene the Lord and Teacher of the community picks up the basin and does it himself. Then he says the words that reorganize everything: *I have set you an example that you should do as I have done for you.* This is the ritual that never took hold. Christianity kept the meal and largely dropped the basin. Yet here Jesus makes it explicit — *this* is what discipleship looks like.

The echo of the Nazarene / Essene / Ebionim pattern is direct. Communal meals, no rank, radical mutual service, the reversal of the master-servant hierarchy. ""No servant is greater than his master"" isn't a threat — it is an invitation into the same posture the master has just modelled. You call me Teacher and Lord, and rightly so; now the Teacher tells you what the lesson is. The blessing at the end is quiet and unmissable: *you will be blessed if you do them*. Not if you understand them, not if you agree with them, not if you can articulate them theologically. If you *do* them. Faith without works is dead. The Jesus Way is a way you walk with a basin in your hand.",John 13:7-17,
1207,Y,John,John 13:18-27,"I am not referring to all of you; I know those I have chosen. But this is to fulfill this passage of Scripture: ‘He who shared my bread has turned against me.’ I am telling you now before it happens, so that when it does happen you will believe that I am who I am. Very truly I tell you, whoever accepts anyone I send accepts me. Very truly I tell you, one of you is going to betray me. It is the one to whom I will give this piece of bread when I have dipped it in the dish. What you are about to do, do quickly.”",One of You Will Betray Me,"The bread is offered to the one about to betray him. Even at the table, the invitation stays open.","Jesus knows what is coming, meets it clear-eyed, and does not withdraw the offered bread from the one who will hand him over.","The tone in this scene is remarkable for what it isn't. There is no rage, no exposure, no dramatic accusation across the table. Jesus quotes Psalm 41:9 — *he who shared my bread has turned against me* — and hands the dipped bread to Judas. In first-century table etiquette, offering someone a choice morsel from the dish was an act of honor. The betrayer receives it. ""What you are about to do, do quickly"" is not permission; it is the calm of someone whose center is already elsewhere. Jesus is not being surprised by events. He is walking into them.

The passage sits inside a longer thread in John where Jesus repeatedly announces things *before* they happen, so that when they do, the disciples will trust the source. This is how *pistis* is built — trust confirmed by pattern. The Judas figure has been theologized in every direction, from tragic pawn to necessary sacrifice-machine to cosmic villain. Read it as it stands and something quieter is happening: a friend chooses the accuser's voice, and Jesus does not stop him. Free will operates all the way to the end. The Jesus Way does not require you to make people be good. It requires you to keep the table set, the bread offered, and your own center unmoved.",John 13:18-27,
1208,Y,John,John 14:1-4,"Do not let your hearts be troubled. You believe in God; believe also in me. My Father’s house has many rooms; if that were not so, would I have told you that I am going there to prepare a place for you? And if I go and prepare a place for you, I will come back and take you to be with me that you also may be where I am. You know the way to the place where I am going.”",In My Father's House,Many rooms. Not a narrow door with a bouncer. The Father's house was always more spacious than the doctrine.,"The Father's household has room for many, and Jesus goes ahead to prepare a place there.","This is the passage funerals lean on, and rightly. ""Do not let your hearts be troubled"" is not a lecture; it is a hand on the shoulder of grieving people. The disciples are about to lose him in the most public and shameful way available in their world, and he is quietly reassuring them that the separation is not the end of the relationship. Trust God, trust me — the pairing is deliberate. To trust Jesus is to trust the One he trusts. The two motions are one motion.

""Many rooms"" in the Greek is *monai pollai* — many dwelling places, many abidings. The same root as the *meno* / *abide* language that saturates the next chapter: *remain in me*. The Father's house has room for many kinds of abiding. Later exclusivist readings — only our tribe, our creed, our altar call gets in — cannot survive contact with this line. The house is large. Jesus is not the wall around it; he is the one who prepares the space and comes back for you. ""You know the way to the place where I am going"" trips Thomas up in the next verse and sets up the *I am the way* answer that follows. But even before that answer, the promise is here: you are not being left behind, and the destination is not a scarce commodity.",John 14:1-4,
1209,Y,John,John 14:6-14,"I am the way and the truth and the life. No one comes to the Father except through me. If you really know me, you will know my Father as well. From now on, you do know him and have seen him. Don’t you know me, Phillip, even after I have been among you such a long time? Anyone who has seen me has seen the Father. How can you say, ‘Show us the Father? Don’t you believe that I am in the Father, and that the Father is in me? The words I say to you I do not speak on my own authority. Rather, it is the Father, living in me, who is doing his work. Believe me when I say that I am in the Father and the Father is in me; or at least believe on the evidence of the works themselves. Very truly I tell you, whoever believes in me will do the works I have been doing, and they will do even greater things than these, because I am going to the Father. And I will do whatever you ask in my name, so that the Father may be glorified in the Son. You may ask me anything in my name, and I will do it.”","The Way, The Truth, The Life",The way is a way. Walk it and you know the Father. It was never a password.,Jesus is the way to the Father not as a gatekeeper checking credentials but as the living pattern to walk.,"Few verses have been more weaponized than ""no one comes to the Father except through me."" Read as an entrance exam — right words, right religion, right label — it becomes the club at the door of every exclusivist theology. Read as Jesus meant it, the sentence is about *the way*. He has just spent three years teaching, living, embodying a way — love your enemies, forgive without limit, serve the least, deny the ego, do the will of the Father. *That* is the way to the Father. Walk it and you arrive. Refuse it and you don't, no matter what tribe or creed you belong to. The way is a way. It has a shape. It looks like his life.

Verse 12 is the interpretive key most readings skip. *Whoever believes in me will do the works I have been doing, and they will do even greater things.* This is not the language of a deity to be worshipped from a distance. It is the language of a teacher training successors. *Talmid* becomes like the rabbi. When Jesus says the Father is in him and he is in the Father, he immediately extends it: on that day you will realize I am in the Father, *and you in me, and I in you* (Jn 14:20). The oneness he describes is contagious. It is meant to be. The way through him is not a metaphysical bottleneck; it is an actual road, walkable, marked in his footprints.",John 14:6-14,
1210,Y,John,John 14:15-31,"If you love me, keep my commands. And I will ask the Father, and he will give you another advocate to help you and be with you forever – the Spirit of truth. The world cannot accept him, because it neither sees him nor knows him. But you know him, for he lives with you and will be in you. I will not leave you as orphans; I will come to you. Before long, the world will not see me anymore, but you will see me. Because I live, you also will live. On that day you will realize that I am in my Father, and you are in me, and I am in you. Whoever has my commands and keeps them is the one who loves me. The one who loves me will be loved by my Father, and I too will love them and show myself to them. Anyone who loves me will obey my teaching. My Father will love them, and we will come to them and make our home with them. Anyone who does not love me will not obey my teaching. These words you hear are not my own; they belong to the Father who sent me. All this I have spoken while still with you. But the Advocate, the Holy Spirit, whom the Father will send in my name, will teach you all things and will remind you of everything I have said to you. Peace I leave with you; my peace I give you. I do not give to you as the world gives. Do not let your hearts be troubled and do not be afraid. You heard me say, ‘I am going away, and I am coming back to you.’ If you loved me, you would be glad that I am going to the Father, for the Father is greater than I. I have told you now before it happens, so that when it does happen you will believe. I will not say much more to you, for the prince of this world is coming. He has no hold over me, but he comes so that the world my learn that I love the Father and do exactly what my father has commanded me. Come now; let us leave.”",Another Advocate,"If you love me, keep my commands. Everything else in this chapter unfolds from that one line.","Love for Jesus is measured by obedience, and the Advocate he sends teaches from within.","The passage opens with the whole ethic in one sentence: *if you love me, keep my commands.* Love is a verb here, not a feeling. It is fidelity to the teaching. Jesus repeats it in verse 21, in verse 23, and again in verse 24 for anyone still missing the point. ""Anyone who loves me will obey my teaching"" — the same James-like insistence that faith without works is empty. There is no version of loving Jesus that leaves how you live untouched. The proof of the love is the shape of the life.

Against that backdrop the Advocate — *parakletos*, the one called alongside — is promised. He is the Spirit of truth who *lives with you and will be in you*. Not an external force reserved for a priestly caste, but an inner voice given to every disciple, the same voice the prophets called God's spirit written on the heart (Jer 31:33, Ezek 36:26). The role Jesus assigns him is teacher and reminder — bringing back what Jesus said, guiding into all truth. That framing matters. The Spirit does not overwrite Jesus's words with new revelations that contradict them. He completes them, deepens them, applies them. Any ""spirit"" that leads away from the teaching Jesus actually gave is not the Advocate he promised. The peace he leaves at the end of the chapter is not the world's peace of comfortable circumstances. It is the untroubled center of someone who has aligned with the Father's will and is walking in it.",John 14:15-31,
1211,Y,John,John 15:1-17,"I am the true vine, and my Father is the gardener. He cuts off every branch in me that bears no fruit, while every branch that does bear fruit he prunes so that it will be even more fruitful. You are already clean because of the word I have spoken to you. Remain in me, as I also remain in you. No branch can bear fruit by itself; it must remain in the vine. Neither can you bear fruit unless you remain in me. I am the vine; you are the branches. If you remain in me and I in you, you will bear much fruit; apart from me you can do nothing. If you do not remain in me, you are like a branch that is thrown away and withers; such branches are picked up, thrown into the fire and burned. If you remain in me and my words remain in you, ask whatever you wish, and it will be done for you. This is to my Father’s glory, that you bear much fruit, showing yourselves to be my disciples. As the Father has loved me, so have I loved you. Now remain in my love. If you keep my commands, you will remain in my love, just as I have kept my Father’s commands and remain in his love. I have told you this so that my joy may be in you and that your joy may be complete. My command is this: Love each other as I have love you. Greater love has no one than this: to lay down one’s life for one’s friends. You are my friends if you do what I command. I no longer call you servants, because a servant does not know his master’s business. Instead, I have called you friends, for everything that I learned from my Father I have made known to you. You did not choose me, but I chose you and appointed you so that you might go and bear fruit – fruit that will last – and so that whatever you ask in my name the Father will give you. This is my command: Love each other.”",Remain in Me,"Apart from the vine, nothing. Attached, everything. The whole spiritual life reduces to this.",Continuous connection to Jesus is the source of every fruit worth bearing.,"The Greek verb *meno* — remain, abide, dwell — runs through this passage like a heartbeat, eleven times in a few verses. This is not a doctrine to affirm; it is a state to inhabit. The branch does not strain to produce grapes. It stays connected to the vine and grapes appear. Every attempt at moral effort disconnected from that abiding is exhausting, brittle, and eventually fruitless. Every fruit that actually lasts — love, patience, generosity, forgiveness — comes from staying joined to the source. The pruning language stings, but the gardener prunes only what is *already* fruitful, to make it more so. Suffering, on the Jesus Way reading, is often the pruning of what is real, not the punishment of what is bad.

At the heart of the passage Jesus reduces his whole command to one line: *love each other as I have loved you.* Verse 12 and verse 17 bracket the same instruction. This is the same Golden Rule / Great Commandment reduction he does everywhere — the whole Law and the Prophets, one principle, applied. ""Greater love has no one than this"" — the shepherd's line from chapter 10 restated. And then the redefinition of relationship: *no longer servants but friends*. The Master-servant hierarchy dissolves for those who abide and obey. Everything the Father showed him, he shows you. This is the intimacy the Nazarene community lived toward — communal life, shared everything, no rank — because the vine held them all.",John 15:1-17,
1212,Y,John,John 15:18-25,"If the world hates you, keep in mind that it hated me first. If you belonged to the world, it would love you as its own. As it is, you do not belong to the world, but I have chosen you out of the world. That is why the world hates you. Remember what I told you: ‘A servant is not greater than his master.’ If they persecuted me, they will persecute you also. If they obeyed my teaching, they will obey yours also. They will treat you this way because of my name, for they do not know the one who sent me. If I had not come and spoken to them, they would not be guilty of sin; but now they have no excuse for their sin. Whoever hates me hates my Father as well. If I had not done among them the works no one else did, they would not be guilty of sin. As it is, they have seen, and yet they have hated both me and my Father. But this is to fulfill what is written in their Law: ‘They hated me without reason.’”",The World Will Hate You,"The narrow road provokes. If your discipleship costs nothing and offends no one, check whose road you're on.","Walking Jesus's way puts you crosswise with a world organized around ego, power, and self-interest — expect the friction.","This is Jesus preparing his community for reality. The way he has been teaching — non-violence, enemy-love, downward mobility, refusal of oaths and rank, rejection of the sacrificial economy — cuts against the operating logic of every empire and every religious establishment. He knows they will pay for it, because he is about to. ""A servant is not greater than his master"" — the same line from the foot-washing, now applied to persecution. If they came for the shepherd, they will come for the sheep. That was the historical fact of the first century for Nazarenes, Ebionim, and the wider Jesus movement. It has been the fact in every century since where the teaching gets lived seriously.

The pastoral point is not to court hostility, and never to become the hostile party. Jesus is clear that the hatred coming toward the disciples is *without cause* — he quotes Psalm 35:19 / 69:4 for exactly that reason. The disciple does not earn opposition by being unpleasant; the disciple attracts it by embodying a way that exposes the wide road for what it is. If your practice of the Jesus way is provoking no friction anywhere, it may be a version that has been made comfortable enough to keep everyone comfortable. The gospel Jesus taught disturbed the temple, the empire, and the ego. It still does. Standing on the narrow road with peace in your center — that is what he is preparing them for here.",John 15:18-25,
1213,Y,John,John 15:26-27,"When the Advocate comes, whom I will send to you from the Father – the Spirit of truth who goes out from the Father – he will testify about me. And you also must testify, for you have been with me from the beginning.”",The Spirit of Truth,The Advocate does not invent new gospels. He guides you deeper into the one Jesus gave.,"The Spirit's role is to testify to Jesus, guide into truth, and remind — not to replace the teaching with a different one.","Jesus is finishing the promise from chapter 14 and giving it a job description. The Advocate — *parakletos* again, the one called alongside — is *the Spirit of truth*. He will testify about Jesus. He will guide the disciples into all truth. Crucially, he does not speak on his own — he speaks only what he hears from the Father through the Son. This is a check every generation needs. A ""spirit"" that leads people away from what Jesus actually said and did is not the Spirit Jesus promised. The Advocate deepens the teaching, applies it to new situations, brings it back to memory when it fades. He does not overturn it.

The warning that opens chapter 16 is stark and prophetic. ""Anyone who kills you will think they are offering a service to God."" This was the Nazarene community's lived reality within a few decades — stoned, expelled from synagogues, executed by authorities convinced they were defending the divine order. It has been the reality of every genuine reform movement inside religion since. Jesus tells them ahead of time so that when it happens they will not lose their footing. The Spirit will keep testifying. The community will keep testifying with him. The final verses about the *prince of this world* standing condemned point to the Jesus Way understanding of evil — not an equal-and-opposite second power, but the ego-world's grip, which the truth exposes and dissolves as it is walked out.",John 15:26-27; John 16:1-15 | Thomas 92,
1213,N,John,John 16:1-15,"All this I have told you so that you will not fall away. They will put you out of the synagogue; in fact, the time is coming when anyone who kills you will think they are offering a service to God. They will do such things because they have not known the Father or me. I have told you this, so that when their time comes you will remember that I warned you about them. I did not tell you this from the beginning because I was with you, but now I am going to him who sent me. None of you asks me, ‘Where are you going?’ Rather, you are filled with grief because I have said these things. But very truly I tell you, it is for your good that I am going away. Unless I go away, the Advocate will not come to you; but if I go, I will send him to you. When he comes, he will prove the world to be in the wrong about sin and righteousness and judgment: about sin, because people do not believe in me; about righteousness, because I am going to the Father, where you can see me no longer; and about judgement, because the prince of this world now stands condemned. I have much more to say to you, more than you can now bear. But when he, the Spirit of truth, comes, he will guide you into all the truth. He will not speak on his own; he will speak only what he hears, and he will tell you what is yet to come. He will glorify me because it is from me that he will receive what he will make known to you. All that belongs to the Father is mine. That is why I said the Spirit will receive from me what he will make known to you.”",The Spirit of Truth,The Advocate does not invent new gospels. He guides you deeper into the one Jesus gave.,"The Spirit's role is to testify to Jesus, guide into truth, and remind — not to replace the teaching with a different one.","Jesus is finishing the promise from chapter 14 and giving it a job description. The Advocate — *parakletos* again, the one called alongside — is *the Spirit of truth*. He will testify about Jesus. He will guide the disciples into all truth. Crucially, he does not speak on his own — he speaks only what he hears from the Father through the Son. This is a check every generation needs. A ""spirit"" that leads people away from what Jesus actually said and did is not the Spirit Jesus promised. The Advocate deepens the teaching, applies it to new situations, brings it back to memory when it fades. He does not overturn it.

The warning that opens chapter 16 is stark and prophetic. ""Anyone who kills you will think they are offering a service to God."" This was the Nazarene community's lived reality within a few decades — stoned, expelled from synagogues, executed by authorities convinced they were defending the divine order. It has been the reality of every genuine reform movement inside religion since. Jesus tells them ahead of time so that when it happens they will not lose their footing. The Spirit will keep testifying. The community will keep testifying with him. The final verses about the *prince of this world* standing condemned point to the Jesus Way understanding of evil — not an equal-and-opposite second power, but the ego-world's grip, which the truth exposes and dissolves as it is walked out.",John 15:26-27; John 16:1-15 | Thomas 92,
1214,Y,John,John 16:16-33,"In a little while you will see me no more, and then after a little while you will see me. In a little while you will see me no more, and then after a little while you will see me. Because I am going to the Father. Are you asking one another what I meant when I said, ‘In a little while you will see me not more, and then after a little while you will see me’? Very truly I tell you, you will weep and mourn while the world rejoices. You will grieve, but your grief will turn to joy. A woman giving birth to a child has pain because her time has come; but when her baby is born she forgets the anguish because of her joy that a child is born into the world. So with you: Now is your time of grief, but I will see you again and you will rejoice, and no one will take away your joy. In that day you will no longer ask me anything. Very truly I tell you, my Father will give you whatever you ask in my name. Until now you have not asked for anything in my name. Ask and you will receive, and your joy will be complete. Though I have been speaking figuratively, a time is coming when I will no longer use this kind of language but will tell you plainly about my Father. In that day you will ask in my name. I am not saying that I will ask the Father on your behalf. No, the Father himself loves you because you have loved me and have believed that I came from God. I came from the Father and entered the world; now I am leaving the world and going back to the Father. Do you now believe? A time is coming and in fact has come when you will be scattered, each to your own home. You will leave me all alone. Yet I am not alone, for my Father is with me. I have told you these things, so that in me you may have peace. In this world you will have trouble. But take heart! I have overcome the world.”",Your Grief Will Turn to Joy,The pain is real. The pain is not the end. Every birth costs what it costs before the child is in your arms.,"The grief the disciples are about to feel is labor pain — real, brief, and followed by a joy no one can take.","The image is not accidental. Jesus reaches for a woman in labor to describe what his community is about to walk through. The pain is not denied; the woman genuinely suffers. But the suffering has a direction and an end — and once the child is born, the anguish is swallowed by joy. Applied to what is coming in the next twenty-four hours, this is astonishing pastoral care. He is telling them that the crucifixion is not a random catastrophe. Something is being born through it. Their grief will not be the last word.

He ends the discourse with the sentence people have carried for two thousand years: *in this world you will have trouble. But take heart! I have overcome the world.* The overcoming is not the promise of a trouble-free life. It is the promise that the *kosmos* — the world-system built on fear, scarcity, ego, and violence — has already been unmasked by the way of love he has taught and lived, and that same way is now available to anyone who will walk it. The peace he leaves them is not a mood. It is the settled center of a person aligned with the Father, in whom the trouble of the world can no longer install itself as the ultimate reality. ""I am not alone, for my Father is with me."" Neither are they. Neither are you.",John 16:16-33,
1215,Y,John,John 17:1-5,"Father, the hour has come. Glorify your Son, that your Son may glorify you. For you granted him authority over all people that he might give eternal life to all those you have given him. Now this is eternal life: that they know you, the only true God, and Jesus Christ, whom you have sent. I have brought you glory on earth by finishing the work you gave me to do. And now, Father, glorify me in your presence with the glory I had with you before the world began.”",The Hour Has Come,Eternal life is not endless time. It is knowing the Father — a knowing that starts now.,Eternal life is defined by Jesus as the experiential knowing of the one true God.,"The high-priestly prayer opens with Jesus offering the whole event that is about to unfold back to the Father. ""Glorify your Son, that your Son may glorify you"" — the glory is reciprocal, not competitive. He has finished the work he was sent to do. The work, as everywhere in this gospel, is to make the Father knowable. Not to appease the Father. Not to buy the Father's love with blood. To *reveal* the Father — the one Jesus keeps calling *my Father and your Father*.

Verse 3 is one of the most quietly important lines in the New Testament, because Jesus defines eternal life *himself* here and it looks nothing like the popular picture. *This is eternal life: that they know you, the only true God, and Jesus Christ, whom you have sent.* The Greek is *ginosko* — experiential, relational knowing, not information gathering. Eternal life is not an infinite quantity of future time bolted onto your ordinary life once you die. It is the quality of life that comes from actually knowing God, and it begins the moment that knowing does. And note the careful grammar: the *only true God* is the Father; Jesus is the one the Father *sent*. The Nicene creeds worked hard to blur this line. Jesus draws it clearly himself. The one he prays to is greater than he is (Jn 14:28), and the eternal life he mediates is knowledge of *that* one. Christ is the road, not the destination.",John 17:1-5,
1216,Y,John,John 17:6-19,"I have revealed you to those whom you gave me out of the world. They were yours; you gave them to me and they have obeyed your word. Now they know that everything you have given me comes from you. For I gave them the words you gave me and they accepted them. They knew with certainty that I came from you, and they believed that you sent me. I pray for them. I am not praying for the world, but for those you have given me, for they are yours. All I have is yours, and all you have is mine. And glory has come to me through them. I will remain in the world no longer, but they are still in the world, and I am coming to you. Holy Father, protect them by the power of your name, the name you gave me, so that they may be one as we are one. While I was with them, I protected them and kept them safe by that name you gave me. None has been lost except the one doomed to destruction so that Scripture would be fulfilled. I am coming to you now, but I say these things while I am still in the world, so that they may have the full measure of my joy within them. I have given them your word and the world has hated them, for they are not of the world any more than I am of the world. My prayer is not that you take them out of the world but that you protect them from the evil one. They are not of the world, even as I am not of it. Sanctify them by the truth; your word is truth. As you sent me into the world, I have sent them into the world. For them I sanctify myself, that they too may be truly sanctified.”",Protect Them from the Evil One,"Not out of the world. Into it. Kept safe not by removal, but by truth.","Jesus asks the Father to keep his disciples in the world, hold them in truth, and guard them from the accuser.","Jesus is praying aloud in front of his disciples — pastorally, so they will hear how he thinks of them. Everything he has, he received; everything they have, he handed on. ""They knew with certainty that I came from you"" — the trust the community has developed is real and now needs to be sustained after the visible teacher is gone. He asks for two things concretely: unity (""that they may be one as we are one"") and protection from *the evil one* — the accuser, *HaSatan*, the ego-force that fractures community and turns disciples on each other.

He explicitly does *not* pray that they be taken out of the world. That line matters. The Jesus Way is not an escape hatch from earthly life; it is a mission into it. Sanctified — *hagiazo*, set apart for God's purpose — *by the truth*. Not by ritual purity, not by separating physically like some Essene branches did, but by the truth of the Father's word working in them. That truth is what protects. Where the ego-mind loses its hold on you — where its lies about scarcity, superiority, and vengeance no longer land — the evil one has no traction. Jesus is asking that this state be preserved in his community after he leaves. It has been the church's task in every generation to remain in that truth rather than trade it for something more institutionally convenient.",John 17:6-19,
1217,Y,John,John 17:20-26,"My prayer is not for them alone. I pray also for those who will believe in me through their message, that all of them may be one, Father, just as you are in me and I am in you. May they also be in us so that the world may believe that you have sent me. I have given them the glory that you gave me, that they may be one as we are one – I in them and you in me – so that they may be brought to complete unity. Then the world will know that you sent me and have loved them even as you have loved me. Father, I want those you have given me to be with me where I am, and to see my glory, the glory you have given me because you loved me before the creation of the world. Righteous Father, through the world does not know you, I know you, and they know that you have sent me. I have made you known to them, and will continue to make you known in order that the love you have for me may be in them and that I myself may be in them.”",That They May Be One,"The oneness he asks the Father for is the oneness he has with the Father — extended, generously, to us.",Jesus prays that the unity between him and the Father would be the same unity shared by everyone who receives his teaching.,"Read this passage slowly. Jesus is not praying only for the eleven men in the room. He is praying ""for those who will believe in me through their message"" — every disciple across every generation who receives what the community carried forward. And what he asks for them is staggering. That they may be *one* — the same oneness he shares with the Father. ""I in them and you in me — so that they may be brought to complete unity."" This is the ceiling of the Jesus Way, spoken aloud by the teacher himself. The union with God he embodies is what he wants for you.

That prayer alone dismantles the theological wall later councils built to separate Jesus's divine nature from ours. If the oneness he had with the Father is the oneness he asks for us, then whatever that oneness *is*, it is meant to be shared — not admired from a metaphysically safe distance. This is the same logic as ""I have said, you are gods"" (Ps 82:6, quoted in Jn 10:34), and ""greater works than these you will do"" (Jn 14:12), and the *talmid* pattern that runs through the whole gospel tradition. The disciple becomes like the rabbi. Complete unity is the design. The world knowing the Father sent Jesus is not a doctrinal victory to argue for; it is what happens naturally when a community actually lives the oneness he prayed into being.",John 17:20-26,
1218,Y,John,John 18:20-23,"I have spoken openly to the world, I always taught in synagogues or at the temple, where all the Jews come together. I said nothing in secret. Why question me? Ask those who heard me. Surely they know what I said. If I said something wrong, testify as to what is wrong. But if I spoke the truth, why did you strike me?”",I Said Nothing in Secret,"No secret doctrine. No inner circle password. Everything he taught was said in the open, and the record is public.","Jesus's teaching was public, on the record, and testable — no hidden system reserved for insiders.","Struck in the face during interrogation, Jesus answers with a factual protest that is also a theological one. He taught in the synagogues and at the temple, in the open, in front of everyone. Ask the people who were there. Nothing was hidden. This matters for how we read the Jesus tradition. There is no secret gospel with a different message reserved for elites. What he taught is what is recorded — Sermon on the Mount, parables, the Great Commandment, healing, forgiveness, non-violence. Whenever a later movement claims a hidden Jesus who really meant something contradictory to the public one, this line is the correction.

The strike itself is worth noting. Jesus does not turn the other cheek by staying silent; he turns it by *asking the question*. ""If I said something wrong, testify as to what is wrong. But if I spoke the truth, why did you strike me?"" Non-violence in the Jesus Way is not passivity. It is the refusal to answer force with force *combined with* the moral courage to name what is happening. He does not retaliate. He also does not pretend the blow was justified. He calmly holds the ground of truth-telling under duress. This is the whole ethic in one exchange — clarity without violence, dignity without vengeance, the accuser given no material to work with. The wide road here would be either silence or a returning blow. He walks the narrow one.",John 18:20-23,
1219,Y,John,John 19:11,You would have no power over me if it were not given to you from above. Therefore the one who handed me over to you is guilty of a greater sin.”,No Power Except from Above,"Pilate imagines the power is his. Jesus, in chains, corrects him without ever raising his voice.",Human authority is derivative — a given permission — and moral responsibility scales with the choice made under it.,"Pilate has just claimed the power of life and death over Jesus. Jesus's reply is one of the most quietly subversive lines in the trial. *You would have no power over me if it were not given to you from above.* Every human authority — Roman procurators, high priests, empires, kings — operates within a permission it did not create and cannot ultimately hold. Jesus is not paralyzed by Pilate's power precisely because he sees its limit. This is the same posture he modelled in the wilderness when the accuser offered him ""all the kingdoms of the world."" All the kingdoms of the world were already, in one sense, on loan.

And then the moral calibration: *the one who handed me over to you is guilty of a greater sin.* Notice what Jesus does *not* do. He does not exonerate Pilate. He does not release Caiaphas by pinning everything on Judas. He *ranks* responsibility. Both parties are accountable. The one closer to the truth, further inside the covenant community, with more knowledge of what he was rejecting, bears greater weight. This is the reciprocity teaching applied inside a courtroom. The measure you use — including the measure of knowledge and light you had when you acted — is the measure used on you. Guilt in the Jesus Way is not a fixed metaphysical mark; it is proportional, calibrated, and always tethered to what you actually knew and freely chose.",John 19:11,
1220,Y,John,John 20:15-17,"Woman, why are you crying? Who is it you are looking for? Mary. Do not hold on to me, for I have not yet ascended to the Father. Go instead to my brothers and tell them, ‘I am ascending to my Father and your Father, to my God and your God.’”",My God and Your God,"Risen, radiant, standing in the garden — and still he calls the Father my God and your God. Even now, no equivalence.","Even after the resurrection Jesus refers to the Father as his God and ours, keeping the distinction he kept his whole ministry.","Mary is crushed by grief and does not recognize him. He says her name. That single word is the whole revelation — the shepherd knows his sheep by name, and the sheep know the shepherd by voice (Jn 10:3-4, restaged here in miniature). Everything Jesus taught about intimacy with God shows up in that one syllable. She turns. She sees. She calls him Rabboni — my teacher. Not my God. My teacher. Even in the shock of the empty tomb, the Jesus Way category holds. He is the *rabbi* whose disciple you become.

""Do not hold on to me"" is not rejection; it is release. The relationship is changing form and Mary needs to let go of the pre-crucifixion version to receive the new one. But the sentence that follows is the one to sit with. *Go to my brothers and tell them, I am ascending to my Father and your Father, to my God and your God.* Even on the far side of resurrection, Jesus does not collapse the distinction between himself and the Father. The Father is *my God* — his God. The Father is also *your God* — the same God, in the same relationship, available to the disciples. The oneness of chapter 17 is confirmed and the difference of chapter 14:28 is preserved in a single line. He also sends the message to ""my brothers"" — not servants, not worshippers, brothers. And he sends it through a woman. The first apostle of the resurrection was Mary Magdalene. That fact alone reorders more church history than most people are ready to sit with.",John 20:15-17,
1221,Y,John,John 20:19-23,"Peace be with you! Peace be with you! As the Father has sent me, I am sending you. Receive the Holy Spirit. If you forgive anyone’s sins, their sins are forgiven; if you do not forgive them, they are not forgiven.”",Peace Be With You,The first word the risen teacher speaks is Shalom — and then he hands the whole mission over.,"The risen Jesus commissions his disciples with peace, breath, and the authority to release people from what binds them.","The disciples are hiding behind locked doors, terrified. Jesus walks in and says shalom — the Hebrew greeting that means wholeness, completeness, everything-in-right-relation. He says it twice. This is not a pleasantry. It is the entire content of what he came to deliver. Then he does something that echoes Genesis 2:7, where God breathes life into the first human — he breathes on them and says receive the Holy Spirit. The same creative breath that made humanity is now being poured into the community that will carry the way forward.

And then the commission: as the Father sent me, I send you. Not build a church. Not preach a creed. Continue the work. Whose sins you forgive are forgiven. Whose you retain are retained. The authority to release people from what binds them is now in their hands — which is exactly what he had been doing his whole ministry. No sacrifice mentioned. No blood transaction. No priesthood required. The mechanism of forgiveness is direct, human, spirit-empowered, and it flows through the community. This is the Jesus Way handed off intact: peace, breath, mission, forgiveness. Everything the movement needed to keep going, given in three sentences.",John 20:19-23,
1222,Y,John,John 20:26-29,"Peace be with you! Put your finger here; see my hands. Reach out your hand and put it into my side. Stop doubting and believe. Because you have seen me, you have believed; blessed are those who have not seen and yet have believed.”",Blessed Are Those Who Have Not Seen,Faith isn't seeing and concluding. It's trusting without proof — and being blessed for it.,Jesus honors Thomas's need for evidence but declares a deeper blessing on those who trust without it.,"Thomas gets a bad reputation, but Jesus doesn't scold him. He invites him — put your finger here, reach your hand. The evidence is offered without condescension. What Jesus challenges is not doubt itself but the condition of remaining stuck in it. Stop doubting and trust. The Greek here is not about mental certainty; *pistis* is trust, commitment, a way of moving through the world. Thomas needed a sign to shift from paralysis to action. Jesus met him where he was, and then pointed past him.

Blessed are those who have not seen and yet have trusted. This is the beatitude for everyone who came after — including us. The Jesus Way is not built on eyewitness proof. It is built on recognizing the truth of the teaching by living it. You know the kingdom is real because you experience it when you forgive, when you love your enemy, when you give without expectation. The proof is in the fruit. This is why the Gospel of Thomas — a very different Thomas tradition — opens with the promise that whoever finds the interpretation of these sayings will not experience death. The evidence is the transformation. You don't need to touch the wounds. You need to live the way.",John 20:26-29,
1223,Y,John,John 21:5-12,"Friends, haven’t you any fish? Throw your net on the right side of the boat and you will find some. Bring some of the fish you have just caught. Come and have breakfast.”",Breakfast on the Shore,The teacher who was crucified is now cooking breakfast on the beach. That's what resurrection looks like.,"The risen Jesus meets the disciples in their ordinary work, feeds them, and calls them back to their calling.","The disciples have gone back to fishing. It's what they knew before Jesus called them. After the trauma of the crucifixion and the confusion of the empty tomb, they returned to the boats. They caught nothing all night. Then a figure on the shore calls out — friends, haven't you any fish? — and tells them to throw the net on the other side. The catch is overwhelming. John recognizes him first. Peter jumps in the water.

What Jesus does next is what makes this scene unforgettable. He has already made a fire. He is cooking breakfast. Come and eat. No lecture about their abandonment during the arrest. No demand for repentance. Just fish, bread, and warmth. This is the risen teacher — still serving, still feeding, still meeting people in their ordinary lives. The kingdom Jesus preached was never abstract. It was always tangible — bread, water, healing, presence. This scene mirrors the miraculous catch in Luke 5, where he first called them from these same nets. The circle closes. Nothing has changed about who Jesus is. And the mission is about to be handed back to them, over a shared meal, on the same shore where it began.",John 21:5-12,
1224,Y,John,John 21:15-23,"Simon son of John, do you love me more than these? Feed my lambs. Simon son of John, do you love me? Take care of my sheep. Simon son of John, do you love me? Do you love me? Feed my sheep. Very truly I tell you, when you were younger you dressed yourself and went where you wanted; but when you are old you will stretch out your hands, and someone else will dress you and lead you where you do not want to go. Follow me! If I want him to remain alive until I return, what is that to you? You must follow me. If I want him to remain alive until I return, what is that to you?”",Feed My Sheep,Peter denied three times. Jesus asks three times. Love me? Then feed my sheep. That's the whole restoration.,Restoration with Jesus is measured not by apology but by whether love turns into care for the people he loved.,"Peter denied Jesus three times on the night of the arrest. Now, on the beach, Jesus asks three times: do you love me. Three denials, three affirmations. The mirror is deliberate. But watch what Jesus does not do. He never mentions the denial. He never asks for an apology. He never extracts a confession. He simply asks the one question that matters — do you love me — and then translates the answer into action. Feed my lambs. Take care of my sheep. Feed my sheep.

Love in the Jesus Way is never a feeling on its own. It is care that shows up in the world. If you love me, feed the people I loved. This is the same law running through the whole gospel — what you do to the least of these, you do to me. The restoration of Peter is not a private transaction between him and Jesus. It is a redirection outward, toward the community that will need shepherding. Then Jesus foretells Peter's own death — you will stretch out your hands and someone else will lead you where you don't want to go — traditionally read as his eventual crucifixion. And the final word: follow me. When Peter looks over at John and asks about him, Jesus refuses to indulge the comparison. What is that to you. You follow me. Discipleship is not a group project you measure against others. It is your own road.",John 21:15-23,
1225,Y,Thomas,Gospel of Thomas 1,"And he said, ""Whoever finds the interpretation of these sayings will not experience death.""",Find the Interpretation,The sayings won't save you. Finding what they mean — and living it — will.,The point of Jesus's teachings is not memorization but interpretation that leads to transformation and life.,"The very first line of Thomas hands you the whole point of the collection. These sayings are not doctrine to be recited. They are riddles, koans, wisdom that demands to be worked on. Whoever finds the interpretation will not experience death. Not whoever reads them. Not whoever believes them. Whoever *finds* — the Greek in the underlying Q-like tradition is *heuriskō*, to discover through active seeking. This is the same verb behind seek and you will find.

And notice what is promised. Not eternal life as a future reward for correct belief. Not escape from mortality. Something more radical — will not experience death. Thomas repeatedly points to a kind of aliveness that death cannot touch, a recognition of your true origin in the light that makes the ending of the body irrelevant. This is the kingdom-within teaching in a different key. When you truly understand what Jesus was pointing at — when love becomes your default, when the ego loosens its grip, when you recognize yourself as a child of the living Father — death loses its ultimate character. The sayings are the map. Interpretation is the journey. Life is what you find when you arrive.",Gospel of Thomas 1,Lambdin translation
1226,Y,Thomas,Gospel of Thomas 7,"Jesus said, ""Blessed is the lion which becomes man when consumed by man; and cursed is the man whom the lion consumes, and the lion becomes man.""",The Lion Consumed,Whatever you consume becomes you. Whatever consumes you also becomes you. Choose carefully.,What you master gets integrated and elevated; what masters you drags you down to its level.,"This is one of the most puzzling sayings in Thomas, and it rewards slow reading. Two scenarios. In the first, a human consumes the lion — the lion becomes human. Blessed. In the second, the lion consumes the human — the human becomes the lion. Cursed. The lion in ancient wisdom literature is a symbol of raw appetite, animal impulse, the ego with claws. Whatever you swallow and integrate rises to your level. Whatever swallows you drags you down to its level.

This is the inner life described as a food chain. The passions, cravings, fears, and reactive impulses that live inside every human being — Jesus calls his followers to master them, to consume them, to bring them under the direction of the awakened self. When you do, the raw energy of that lion becomes part of you, elevated. But if you let the lion consume you — if anger runs you, if lust runs you, if fear runs you — you become the animal. This is the same territory as deny yourself, *aparneomai*, disown the ego. The lion is not to be killed. It is to be integrated. The Jesus Way is not about repressing the human animal. It is about making sure the higher self is doing the eating.",Gospel of Thomas 7,Lambdin translation
1227,Y,Thomas,Gospel of Thomas 12,"The disciples said to Jesus, ""We know that you will depart from us. Who is to be our leader?"" Jesus said to them, ""Wherever you are, you are to go to James the righteous, for whose sake heaven and earth came into being.""",Go to James,Not Peter. Not John. Not Paul. James — the brother of Jesus — for whose sake heaven and earth came into being.,Jesus names his brother James as the leader of the movement after his departure.,"This one saying quietly rearranges the standard Christian story. The disciples ask who will lead them when Jesus is gone. His answer is not Peter, on whom the Catholic tradition would later build the papacy. Not John, the beloved disciple of the fourth gospel. Not Paul, who was not yet on the scene. Go to James the righteous. James the Just — the brother of Jesus — for whose sake heaven and earth came into being. That last phrase is astonishing praise. Thomas is telling us that the earliest community understood James as the rightful successor.

And the historical record backs it up. Josephus mentions James's execution in 62 AD and the outrage it caused in Jerusalem. Acts 15 shows James presiding over the Jerusalem council, with Peter and Paul deferring to his ruling. Paul in Galatians 1-2 admits he had to go up and get James's approval. The letter of James — an early Jewish-Christian witness — is pure Jesus Way — faith without works is dead, mercy triumphs over judgment, no distinction between rich and poor. The Ebionim tradition — the poor ones — traced its leadership through James, not Peter or Paul. Church history buried this. Thomas 12 preserved it. The original movement was led by Jesus's own brother, in his own community, teaching his own gospel — and it looked nothing like the religion that eventually took over the empire.",Gospel of Thomas 12,Lambdin translation
1228,Y,Thomas,Gospel of Thomas 15,"Jesus said, ""When you see one who was not born of woman, prostrate yourselves on your faces and worship him. That one is your father.""",The One Not Born of Woman,"There is a source behind every source — and when you recognize it, you're home.",The true Father is the uncreated source that stands behind every human origin.,"This is dense mystical language, and it does not yield easily. The one not born of woman — everyone born of woman has an origin in time, a mother, a beginning. The one not born of woman has no such origin. It is the uncreated. The source itself. And Jesus says when you see that one, prostrate yourself and worship — because that one is your father. Not your biological father. Not the tribal deity of one nation. The prior source out of which all being flows.

This fits with a theme Thomas returns to repeatedly. You came from the light. You are children of the living Father. Recognize your true origin. The kingdom-within teaching in yet another form. What Jesus is pointing at is the ground of being — what Genesis calls the breath moving over the waters, what the prophets call the God who is beyond all image, what mystics across traditions have called the One. And the striking claim of the saying is that this uncreated source is not distant. It is your father. You share its nature. When you see it — really see it — the appropriate response is not analysis but reverence. Prostrate yourself. Not out of fear. Out of recognition.",Gospel of Thomas 15,Lambdin translation
1229,Y,Thomas,Gospel of Thomas 17,"Jesus said, ""I shall give you what no eye has seen and what no ear has heard and what no hand has touched and what has never occurred to the human mind.""",What No Eye Has Seen,"The gift Jesus offers cannot be seen, heard, touched, or even imagined — which is why most people miss it.","What Jesus gives lies beyond the reach of the senses and the ordinary mind — it must be received, not grasped.","Every human faculty is listed and then set aside. Eye. Ear. Hand. Mind. None of them will get you there. This is not because what Jesus offers is unreal. It is because it belongs to a different order than sense-data or conceptual thought. The kingdom-within is not something you observe from the outside. It is a shift in the observer.

Paul quotes a version of this saying in 1 Corinthians 2:9, attributing it loosely to Isaiah. Isaiah 64:4 says something close — no eye has seen a God besides you who acts for those who wait for him. Jesus and the tradition around him took this line and sharpened it. Whatever this gift is — call it the kingdom, call it awakening, call it *metanoia*, call it seeing with the single eye — it will not appear in your usual categories. If you are waiting for a sign that fits your existing map, you will wait forever. What Jesus offers is a new map, given from beyond the mind's reach. You receive it by becoming quiet enough that something previously unimaginable can become known. Ask, seek, knock — and then let the door open onto something you never pictured.",Gospel of Thomas 17,Lambdin translation
1230,Y,Thomas,Gospel of Thomas 18,"The disciples said to Jesus, ""Tell us how our end will be."" Jesus said, ""Have you discovered, then, the beginning, that you look for the end? For where the beginning is, there will the end be. Blessed is he who will take his place in the beginning; he will know the end and will not experience death.""",The End Is the Beginning,You keep asking how it ends. Find the beginning — and you'll see they're the same place.,Whoever finds their origin in the eternal source has already passed beyond the fear of any ending.,"The disciples want a timeline. When does it end. What are the signs. Jesus turns the question inside out. Have you discovered the beginning that you look for the end. Where the beginning is, there the end will be. This is not linear thinking. It is circular — or better, it is timeless. The origin and the destination are the same reality, and if you have located yourself in it, the question of endings dissolves.

The beginning here is not a date on a calendar. It is the source from which you actually come — the light, the living Father, what Thomas 50 will call the place where the light came into being on its own accord. Find your true origin and you find your true end. Take your place there and you will not experience death. This is the same promise as Thomas 1. The mystical logic of Thomas keeps returning to it. Your fear of the end comes from thinking you began at your birth and will finish at your death. But if you recognize a deeper beginning — the eternal source you emerged from and return to — then birth and death are events inside a life that was never bounded by them. This is the kingdom within, taught as origin-consciousness.",Gospel of Thomas 18,Lambdin translation
1231,Y,Thomas,Gospel of Thomas 19,"Jesus said, ""Blessed is he who came into being before he came into being. If you become my disciples and listen to my words, these stones will minister to you. For there are five trees for you in Paradise which remain undisturbed summer and winter and whose leaves do not fall. Whoever becomes acquainted with them will not experience death.""",Five Trees in Paradise,Blessed is the one who existed before existing. Even the stones will serve you.,Awakening to your prior origin puts you back in the garden — where nothing you need is missing.,"Blessed is he who came into being before he came into being. Another impossible sentence that becomes coherent only when you drop linear time. There is a you that existed prior to your birth — the light you came from, the divine source you are made of. Recognizing that prior existence is what makes you blessed. Then a startling promise — if you become my disciples and listen to my words, these stones will minister to you. Elemental reality itself becomes your ally when you are aligned with the source.

And then the five trees in paradise, unchanging summer and winter, whose leaves do not fall. Whoever becomes acquainted with them will not experience death. Later interpreters have tried to identify the five trees with virtues, with senses, with cosmic principles — the text does not tell us. What it tells us is the effect: knowing them means not experiencing death. This is the same refrain running through Thomas — the promise is not that you will not die biologically but that death will lose its ultimate character. Paradise here is not a location you go to. It is a reality you become acquainted with. The garden Jesus is pointing at is the same one Adam was removed from — and the path back is through recognition of who you already were before you came into being.",Gospel of Thomas 19,Lambdin translation
1232,Y,Thomas,Gospel of Thomas 23,"Jesus said, ""I shall choose you, one out of a thousand, and two out of ten thousand, and they shall stand as a single one.""",One Out of a Thousand,The narrow gate again. Few find it. And those few become one.,"Only a rare few will walk the awakening path — and when they do, they discover they are already one.","The math is stark. One out of a thousand. Two out of ten thousand. Jesus is not being pessimistic. He is being honest about who chooses the narrow road. The Sermon on the Mount says the same thing in different words — small is the gate, narrow the road, and few find it. The wide road is easier because the ego prefers it. Most people, most of the time, will drift with the crowd.

But the more mysterious part is the last phrase — and they shall stand as a single one. The Coptic word behind this can also be translated as the solitary, the single, the whole one — *monachos*, the same root that later gave us monk. The ones who find the way are not just few. They become undivided within themselves and undivided from each other. They stand as one. This is the same territory as Thomas 22 — when you make the two into one — and Thomas 49, blessed are the solitary. The Jesus Way is a path of inner integration. The scattered self, pulled in a hundred directions by desire and fear, gets gathered up. And in that integration, you discover you are one with the source and one with everyone else who has made the same journey. Few find it. Those who do find they were never separate to begin with.",Gospel of Thomas 23,Lambdin translation
1233,Y,Thomas,Gospel of Thomas 27,"<Jesus said,> ""If you do not fast as regards the world, you will not find the kingdom. If you do not observe the Sabbath as a Sabbath, you will not see the father.""",Fast From the World,"Fast from the world, not from food. Keep sabbath in your soul, not on a calendar.","The real fast is withdrawal from the world's grip, and the real sabbath is inner rest in the Father.","Two commands that sound external and turn out to be entirely internal. If you do not fast as regards the world, you will not find the kingdom. Fasting here is not skipping meals. It is disengaging from the values, appetites, and anxieties that the world runs on — status, accumulation, revenge, control. The Ebionim community lived this literally, holding possessions in common, refusing the imperial economy. Fasting from the world means loosening its hooks in you.

And the sabbath — if you do not observe the Sabbath as a Sabbath, you will not see the Father. Not the seventh-day ritual the scribes had encrusted with rules. A real sabbath, a genuine rest in God, an inner cessation of striving. Jesus repeatedly clashed with the religious authorities over their sabbath legalism — he healed on it, plucked grain on it, said the sabbath was made for humanity not humanity for the sabbath. Here he strips it back to what it always was — a taste of the kingdom, a day when you remember you are not a machine, when you sink into the presence of God and let the ego stop building. Fast from the world's grip. Sabbath in the Father's rest. Two disciplines, both inner, both essential to seeing what Jesus was pointing at.",Gospel of Thomas 27,Lambdin translation
1234,Y,Thomas,Gospel of Thomas 28,"Jesus said, ""I took my place in the midst of the world, and I appeared to them in flesh. I found all of them intoxicated; I found none of them thirsty. And my soul became afflicted for the sons of men, because they are blind in their hearts and do not have sight; for empty they came into the world, and empty too they seek to leave the world. But for the moment they are intoxicated. When they shake off their wine, then they will repent.""",Drunk and Blind,He found humanity intoxicated — full of everything except the thirst that would have led them home.,Humanity is drunk on distraction and empty of the thirst that would awaken us to the kingdom.,"This is one of the most sober diagnoses of the human condition in any sayings tradition. Jesus takes his place in the midst of the world. He appears in flesh. And what does he find. Everyone intoxicated. Not one of them thirsty. His soul is grieved for them — they are blind in their hearts. They came into the world empty and they will leave the world empty, having filled the space in between with wine that dulls them into unconsciousness.

The intoxication is not literal drunkenness. It is the trance of ordinary life — chasing, worrying, comparing, consuming, arguing about small things, missing the whole point. The tragedy is that thirst is what would have led them to the living water. Jesus said elsewhere blessed are those who hunger and thirst for righteousness — because they are the ones ready to be filled. Here, in Thomas, the diagnosis is that most people never even feel the thirst. They numb it before it can wake them. But the saying ends with quiet hope — when they shake off their wine, then they will repent. *Metanoia*. Turn. Wake up. The condition is not permanent. It just requires sobering up. The kingdom is right here waiting for anyone who becomes thirsty enough to look.",Gospel of Thomas 28,Lambdin translation
1235,Y,Thomas,Gospel of Thomas 29,"Jesus said, ""If the flesh came into being because of spirit, it is a wonder. But if spirit came into being because of the body, it is a wonder of wonders. Indeed, I am amazed at how this great wealth has made its home in this poverty.""",Great Wealth in Poverty,That the infinite would make its home in a body — this is the wonder of wonders.,"The astonishing thing is not that flesh exists, but that infinite spirit chose to dwell in it.","Jesus muses aloud like a philosopher. If flesh came into being because of spirit, that would be a wonder — matter emerging from mind, the physical born of the invisible. But if spirit came into being because of the body, that would be a wonder of wonders — the reverse would be almost unthinkable. He is not settling the question. He is holding up the mystery. Then the punchline: I am amazed at how this great wealth has made its home in this poverty.

The great wealth is spirit. The poverty is flesh. The wonder Jesus keeps returning to is incarnation — that the divine reality would take up residence in something as fragile and needy as a human body. This is not a putdown of the body. It is astonishment at the arrangement. And it applies to every person, not just to Jesus. You are the great wealth housed in poverty. The kingdom of God has taken up residence inside your ordinary skin. Paul, in a rare Jesus Way moment, echoes this — treasure in earthen vessels. But where later theology would use this to elevate a special divine incarnation in Jesus alone, Thomas keeps it universal. The wonder is what has happened to every human being. Recognize it, and everything changes.",Gospel of Thomas 29,Lambdin translation
1236,Y,Thomas,Gospel of Thomas 37,"His disciples said, ""When will you become revealed to us and when shall we see you?"" Jesus said, ""When you disrobe without being ashamed and take up your garments and place them under your feet like little children and tread on them, then will you see the son of the living one, and you will not be afraid""",Disrobe Without Shame,Strip off the shame you were taught. Tread on it like a child. Then you'll see.,You will see the living one when you shed the shame that hides your true self.,"The disciples ask when Jesus will be revealed to them. His answer is not about the timing of his return. It is about what has to happen in them before they can see. Disrobe without being ashamed. Take up your garments and tread on them like children. Then you will see the son of the living one, and you will not be afraid.

The garments here are the acquired self — the persona, the shame, the layers Adam and Eve put on after eating the fruit. Genesis 3 says the first thing that happened after the fall was that they knew they were naked and hid. Shame entered the world. Jesus is pointing at the reverse move. Return to the pre-shame state. Become like little children — the same phrase that runs through the synoptics (Mt 18:3; Mk 10:15). A child before shame has no need to hide anything. Not the body, not the fears, not the mistakes. When you can stand fully seen and unashamed, you will see the living one — because you will finally have removed the layers that were preventing recognition. This is not about literal nakedness. It is about the psychological and spiritual undressing that lets the true self appear. Then, the promise says, fear itself will be gone.",Gospel of Thomas 37,Lambdin translation
1237,Y,Thomas,Gospel of Thomas 40,"Jesus said, ""A grapevine has been planted outside of the father, but being unsound, it will be pulled up by its roots and destroyed.""",Grapevine Outside the Father,Anything not rooted in the source will not last. Nothing you build outside the Father survives.,Whatever grows apart from the source is unsound and will not endure.,"The image is agricultural and unambiguous. A grapevine planted outside the Father is unsound. It will be pulled up by its roots and destroyed. Not because God is destructive. Because life without connection to the source cannot sustain itself. The synoptics carry a parallel in the parable of the wheat and the weeds, and John 15 develops the same image at length — I am the vine, you are the branches, apart from me you can do nothing.

What is planted outside the Father. Any project, any teaching, any life orientation, any institution that grows from ego rather than from love. It may flourish for a season. But it lacks the root that would carry it through. The Nazarene community read this diagnostically about the religious establishment of their day — the temple system, the scribal accretions, the sacrificial economy — as vines planted outside the Father, ultimately doomed. It applies just as clearly to any modern arrangement that has drifted from the source. The test is simple. Is it rooted in love of God and love of neighbor. If not, no matter how big it gets, it will not last. Time itself is the pulling-up-by-the-roots. Everything unsound eventually fails on its own.",Gospel of Thomas 40,Lambdin translation
1238,Y,Thomas,Gospel of Thomas 42,"Jesus said, ""Become passers-by.""",Become Passers-By,Two words. The whole path in miniature. Don't grip. Don't cling. Pass by.,"Live like someone passing through — attached to nothing, free to keep moving toward the source.","Two words in the original Coptic. *Šōpe ĕtĕtnparage*. Become passers-by. It is the shortest saying in Thomas and one of the most demanding. Jesus is not telling his disciples to be indifferent or emotionally distant. He is telling them not to grip. Do not build monuments to yourself. Do not accumulate. Do not settle into the world as if it were your permanent home. Pass through.

The synoptics carry the same teaching in a hundred other forms. Foxes have holes, birds have nests, the Son of Man has nowhere to lay his head. Do not store up treasures on earth. Sell your possessions. Take nothing for the journey. The Nazarene and Ebionim communities structured their whole existence around this — voluntary poverty, communal sharing, no personal ownership, ready to move. Passing-by is the physical and psychological posture of someone whose real home is elsewhere. And where is that home. The kingdom, the light, the source, the Father. Because the kingdom is not a future destination but a present reality within, becoming a passer-by is what frees you to actually live in it now. Attachment is what keeps you standing still in a place you were only supposed to walk through.",Gospel of Thomas 42,Lambdin translation
1239,Y,Thomas,Gospel of Thomas 43,"His disciples said to him, ""Who are you, that you should say these things to us?"" <Jesus said to them,> ""You do not realize who I am from what I say to you, but you have become like the Jews, for they (either) love the tree and hate its fruit (or) love the fruit and hate the tree.""",Love the Tree or Its Fruit,You cannot love the fruit and hate the tree. Or love the tree and hate its fruit. Both go together.,You cannot separate a teaching from the life that produces it — or love the life and reject the teaching.,"The disciples ask a strange question — who are you, that you should say these things to us. Jesus's answer is sharper than expected. You do not know me from what I say to you. You have become like those who love the tree and hate its fruit, or love the fruit and hate the tree. This is a diagnosis of religious inconsistency. People want the teaching without the teacher, or the teacher as a personality without the teaching that made him what he is. Neither works.

The tree and the fruit are one system. Jesus said elsewhere that a good tree bears good fruit and a bad tree bears bad fruit — you know a tree by its fruit (Mt 7:16-20). Here he turns it back on his listeners. If you honor the fruit — the healings, the miracles, the wisdom — you must also honor the tree that produced it, which is the life he lived and the way he taught. If you love him as a personality but ignore what he actually said, you have hated the fruit. If you cherry-pick the teachings but detach them from him, you have hated the tree. Modern Christianity has managed both mistakes. The Jesus Way requires holding tree and fruit together. Take the whole thing — the teacher, the teaching, the life, the community, the way. Or admit you have not really understood any of it.",Gospel of Thomas 43,Lambdin translation
1240,Y,Thomas,Gospel of Thomas 48,"Jesus said, ""If two make peace with each other in this one house, they will say to the mountain, 'Move Away,' and it will move away.""",Two at Peace,"When two people in one house make peace, mountains move. That's not metaphor. That's the mechanism.",Reconciliation between two people releases power sufficient to move what looks immovable.,"The mountain-moving saying appears in three variations across the tradition. Matthew 17:20 attributes the power to faith the size of a mustard seed. Matthew 21:21 ties it to faith without doubt. Thomas 48 makes it something different and, if you sit with it, more practical. Two people. One house. If they make peace with each other — the mountain moves.

This is the horizontal reading of a teaching usually taken vertically. It is not just individual faith that unlocks the power. It is reconciliation. When two people who were at odds — spouses, siblings, colleagues, community members — make actual peace, something is released that can move what looks immovable. This tracks with the whole Jesus Way. Where two or three gather in my name, I am there. Love your neighbor as yourself. First be reconciled to your brother, then bring your gift. The mechanism of the kingdom is relational. Isolated piety does not move mountains. Reconciled community does. Thomas 106 makes the same claim — when you make the two into one, you will become sons of Adam, and when you say mountain move, it will move. The message is consistent. Peace between people is the power source. That is not mysticism. That is how the kingdom actually operates.",Gospel of Thomas 48,Lambdin translation
1241,Y,Thomas,Gospel of Thomas 49,"Jesus said, ""Blessed are the solitary and elect, for you will find the kingdom. For you are from it, and to it you will return.""",The Solitary Will Find It,You came from the kingdom. You'll return to it. And the ones who become whole find it first.,The undivided self recognizes its origin in the kingdom and its return to it.,"Blessed are the solitary and elect, for you will find the kingdom. Solitary here does not mean lonely or antisocial. The Coptic word behind it, *monachos*, means single, unified, whole — the same root behind Thomas 22's making the two into one. The solitary are the ones who have integrated the divided self, who no longer live pulled between competing loyalties, who have become simple in the deep sense of the word.

And the reason they find the kingdom is given in the next line. You are from it, and to it you will return. The kingdom is your origin and your destination. You are not trying to earn entry into an unfamiliar country. You are trying to remember the place you came from. The mystical logic of Thomas keeps circling this. Thomas 50 will spell it out — we came from the light. Thomas 18 said find the beginning and you find the end. This is the same teaching in yet another key. The scattered self loses the way because it cannot hold still long enough to recognize where it actually is. The solitary — the integrated — recognizes home. And going home is what the whole path is for.",Gospel of Thomas 49,Lambdin translation
1242,Y,Thomas,Gospel of Thomas 50,"Jesus said, ""If they say to you, 'Where did you come from?', say to them, 'We came from the light, the place where the light came into being on its own accord and established itself and became manifest through their image.' If they say to you, 'Is it you?', say, 'We are its children, we are the elect of the living father.' If they ask you, 'What is the sign of your father in you?', say to them, 'It is movement and repose.'""",Children of the Light,Where did you come from? The light. Who are you? Its children. What is the sign? Movement and repose.,Your true identity is child of the light — and its signature in you is both action and rest.,"This is a catechism of the awakened. When the world challenges you, here is what to say. Where did you come from? From the light, the place where the light came into being on its own accord, established itself, and became manifest through their image. Notice the language — self-arising light. Not created light. The source. And that source made itself visible in image — the *imago dei* of Genesis, the divine likeness stamped on humanity.

Is it you? We are its children, the elect of the living Father. Not adopted strangers. Actual children. Sharing the nature of what we came from. And the sign, the mark, the evidence of the Father's presence in you? Movement and repose. Two words held in balance. Action and stillness. Engagement and contemplation. The mystical rhythm of the awakened life — able to move powerfully into the world in service of love, and able to rest deeply in the Father when the movement is done. Neither restless activism nor detached withdrawal. Both at once. Jesus himself modeled this — teaching all day, then withdrawing to pray. Feeding the crowds, then getting into a boat alone. Movement and repose. That is what a child of the light looks like in the world.",Gospel of Thomas 50,Lambdin translation
1243,Y,Thomas,Gospel of Thomas 51,"His disciples said to him, ""When will the repose of the dead come about, and when will the new world come?"" He said to them, ""What you look forward to has already come, but you do not recognize it.""",It Has Already Come,You keep looking forward to the new world. It's already here. You just aren't recognizing it.,"What most people wait for as future has already arrived — the failure is recognition, not timing.","The disciples ask when the rest of the dead will come and when the new world will begin. Jesus's answer is one of the clearest statements of realized eschatology in any tradition. What you look forward to has already come, but you do not recognize it. This is not a promise for later. It is a diagnosis of now. The kingdom, the new creation, the resurrection life, the age to come — it is already present, and the problem is your eyes.

This is exactly what the synoptic Jesus says in Luke 17:20-21 — the kingdom of God is not coming with observable signs; the kingdom of God is within you and among you. And in Thomas 113 — the Father's kingdom is spread out on the earth, and people do not see it. Later Christianity gradually pushed the kingdom into the future — heaven after death, second coming at the end of time, apocalyptic rescue. Paul's letters accelerated this shift. But the earliest Jesus material keeps insisting the opposite. It is here. Right now. What you are waiting for is already surrounding you. The failure is not one of timing but of recognition — the eye that has not yet learned to see the kingdom you are already standing in. *Metanoia* is the turning that makes the recognition possible.",Gospel of Thomas 51,Lambdin translation
1244,Y,Thomas,Gospel of Thomas 52,"His disciples said to him, ""Twenty-four prophets spoke in Israel, and all of them spoke in you."" He said to them, ""You have omitted the one living in your presence and have spoken (only) of the dead.""",The Living Among You,Twenty-four prophets spoke of him. And they're still only talking about the dead one you're missing right now.,Reverence for past prophets is worthless if you cannot recognize the living presence right in front of you.,"The disciples try to compliment Jesus by placing him in the line of the twenty-four prophets of Israel — the traditional count of the Hebrew Bible's prophetic books. All of them spoke of you. Jesus is not flattered. You have omitted the one living in your presence and have spoken only of the dead. It is a sharp corrective. Do not bury me under a stack of ancestors. Notice me now.

This is a permanent temptation in religion. It is easier to venerate dead prophets than to listen to living ones. The Pharisees built tombs for the prophets their fathers had killed while missing the prophet standing in front of them (Mt 23:29-31; Lk 11:47-48). Two thousand years later, Christians study a two-thousand-year-old Jesus while ignoring the living Christ within — the same presence he told his followers is already among them, closer than breath. The Jesus Way is not archaeology. It is contact. The living one is available now, and the danger of any tradition is that reverence for the past can become an elaborate way of avoiding the present. Do not talk about the dead when the living is standing right here.",Gospel of Thomas 52,Lambdin translation
1245,Y,Thomas,Gospel of Thomas 53,"His disciples said to him, ""Is circumcision beneficial or not?"" He said to them, ""If it were beneficial, their father would beget them already circumcised from their mother. Rather, the true circumcision in spirit has become completely profitable.""",Circumcision in Spirit,"If circumcision mattered, babies would arrive that way. What matters is the circumcision of the heart.",External religious markers count for nothing; only the inward circumcision of the heart is real.,"The disciples ask a live question of the first century — is circumcision beneficial. Jesus's answer is deadpan and devastating. If it were beneficial, their father would beget them already circumcised from their mother. The argument from design cuts the ritual off at the knees. God did not include it in the equipment. Rather, the true circumcision in spirit has become completely profitable.

This is not new territory. The Hebrew Bible itself repeatedly relocates circumcision from the flesh to the heart. Deuteronomy 10:16 — circumcise the foreskin of your heart. Deuteronomy 30:6 — the Lord your God will circumcise your heart. Jeremiah 4:4 — circumcise yourselves to the Lord, remove the foreskin of your hearts. Jesus is standing squarely in that prophetic tradition. The external mark was never the point. The internal transformation always was. This becomes explosive in the first-century context because circumcision was the boundary marker of Jewish identity, the ritual that separated insider from outsider. Jesus, like the prophets before him, refuses to let the boundary be physical. What God wants is not a cut in the flesh but a change in the heart — the same *metanoia* running through everything he taught. The Jerusalem community around James eventually had to fight this out (Acts 15), and even then the argument continued. Thomas 53 preserves the original answer with no compromise.",Gospel of Thomas 53,Lambdin translation
1246,Y,Thomas,Gospel of Thomas 56,"Jesus said, ""Whoever has come to understand the world has found (only) a corpse, and whoever has found a corpse is superior to the world.""",The World is a Corpse,See the world for what it is and you are no longer owned by it. Understanding is the first act of freedom.,"Once you truly understand the world of appearances, you see it is lifeless, and that seeing lifts you above it.","This is a Thomas saying with the bite of Ecclesiastes. Once you look through the world of power, status, and possession, you find nothing living there — just a shell that outlives whoever chased it. Solomon called it *hevel* — vapor, breath. Thomas calls it a corpse. Same insight. The world people are scrambling to own is already dead; only the scramble keeps it looking alive. To understand this is to stop feeding the illusion.

The paradox is the second half. Whoever finds the corpse is superior to it. Seeing clearly is the whole liberation — no ritual, no priest, no sacrifice required. This lines up with Jesus's constant warning against storing up treasure on earth (Mt 6:19), against gaining the whole world and losing your *psyche* (Mk 8:36), and with his instruction to the rich young man to let it all go (Mk 10:21). The Nazarene and Ebionim communities lived from this understanding — voluntary poverty, shared goods, no allegiance to Rome or Temple. Thomas 56 is the philosophical spine of that way of life. Once the world is unmasked, its grip breaks. That is the beginning of the kingdom.",Gospel of Thomas 56,Lambdin translation
1247,Y,Thomas,Gospel of Thomas 58,"Jesus said, ""Blessed is the man who has suffered and found life.""",Blessed is the One Who Has Suffered,Suffering is not the point. What you find on the other side of it is.,"Suffering that leads to real life is a blessing, because it burns away what was never you to begin with.","This is a Thomas beatitude that never made it into Matthew's collection, but it belongs alongside them. Jesus is not glorifying pain — he is naming what suffering can do when it is received rather than resisted. It strips away the false self. It ends the illusion that the ego can control outcomes. When the constructed identity collapses under weight it cannot carry, what remains is the life that was underneath the whole time. That is why the saying blesses the one who *has* suffered — past tense — and found life. The finding is the point.

This maps onto everything Jesus said about losing your *psyche* to find it (Mt 10:39; Mk 8:35; Lk 17:33; Jn 12:25 — five attestations, one of the most repeated teachings in the record). It is also the pattern of the cross itself — not death for its own sake, but death of the ego-self as the doorway to real life. James, the brother of Jesus, put it the same way: consider it pure joy when you face trials, because the testing produces something (Jas 1:2-4). The Two Ways tradition (Deut 30; Didache 1; 1QS 3-4) assumes the same — the narrow road runs through hardship because that is where the false self runs out of road. Blessed is the one who kept walking.",Gospel of Thomas 58,Lambdin translation
1248,Y,Thomas,Gospel of Thomas 59,"Jesus said, ""Take heed of the living one while you are alive, lest you die and seek to see him and be unable to do so.""",While You Are Alive,"You will not find after death what you refused to seek while living. The kingdom has a threshold, and it is here.","Seek the living presence of God now while you are able, because the search cannot be deferred to after you die.","This is one of Thomas's most sober sayings. Jesus is not threatening hell. He is stating a fact about consciousness. The window for waking up is this life. Whatever capacity you build now for perceiving the living one — the presence of God within and around you — is the capacity you carry forward. Whatever you fail to cultivate is not automatically handed to you later. The search has to happen while there is still someone here to search.

This pairs directly with Jesus's core teaching that the kingdom is within you and around you right now (Lk 17:21; Thomas 3, 113). It is not a location you arrive at after death; it is a reality you learn to perceive while alive. The Lord's Prayer is present tense — *thy kingdom come*, on earth as in heaven. Deuteronomy 30 put it the same way: choose life *today*, so that you may live. The Two Ways tradition never speaks of the choice as postponable. Jesus is echoing that same urgency. Do not sleepwalk through the one life in which the door is standing open. Take heed. Look. The living one is here now — but only if you look now.",Gospel of Thomas 59,Lambdin translation
1249,Y,Thomas,Gospel of Thomas 60,"<They saw> a Samaritan carrying a lamb on his way to Judea. He said to his disciples, ""That man is round about the lamb."" They said to him, ""So that he may kill it and eat it."" He said to them, ""While it is alive, he will not eat it, but only when he has killed it and it has become a corpse."" They said to him, ""He cannot do so otherwise."" He said to them, ""You too, look for a place for yourself within repose, lest you become a corpse and be eaten.""",Do Not Become a Corpse,"Whatever you feed on, you become. Find your rest in the living, or you will be eaten by what you served.","Live in an inner state of repose grounded in the living God, or you become spiritually dead and consumed by the world.","The disciples watch a Samaritan carry a lamb toward Judea, and they know the lamb will end up on a plate. Jesus turns it into a mirror. The lamb has to die to be eaten — and Jesus is telling his followers not to die that same death. Do not become a corpse. Do not let yourself go so cold, so cut off from the living center, that the world can swallow you whole. Find your place within *repose* — the still, alive presence of God — while there is still time to find it.

The saying works on two layers. There is a plain reading — a nod, perhaps, to the sacrificial economy the Nazarene community rejected. The Gospel of the Ebionites (preserved by Epiphanius, *Panarion* 30.16.5) has Jesus saying *I have come to abolish the sacrifices*, and Hosea 6:6 stands behind everything he taught about mercy over slaughter. The lamb on its way to Judea evokes the whole Temple machine. But the deeper layer is inward. Whatever you rest in becomes what you are. Rest in fear, in grievance, in ambition, in the world's noise — and those things eat you from the inside until nothing living is left. Rest in the living one and you cannot be consumed. Jesus is inviting his students into the same interior stillness he lived from himself.",Gospel of Thomas 60,Lambdin translation
1250,Y,Thomas,Gospel of Thomas 67,"Jesus said, ""If one who knows the all still feels a personal deficiency, he is completely deficient.""",Knowing the All,"If you have touched the fullness of God and still feel empty, you have not touched it at all.",Anyone who claims to know the whole and still feels lacking has not actually known it.,"This saying is a diagnostic. Jesus is not shaming the deficient — he is describing what real awakening produces. When you have actually perceived the fullness of God (the *pleroma*, the all, what Paul in a rare moment of clarity called the fullness in whom you are complete), you cannot simultaneously feel a personal lack. The two states are mutually exclusive. So if the sense of deficiency is still driving you — needing to be seen, needing more, needing to be right — the knowing has not landed. It is still theoretical.

This lines up with Jesus's teaching on the kingdom as an inner reality (Lk 17:21; Thomas 3, 113). It also echoes Psalm 23 — the Lord is my shepherd, *I shall not want*. Contentment is the marker. It is not a mood you talk yourself into; it is the natural residue of actually perceiving that everything is already held in God. Paul, on a good day, said the same thing (Phil 4:11-13). The Nazarene and Ebionim communities lived from this assumption — no possessions, no anxiety about tomorrow, all needs met from the common purse and from providence. If you know the all and still feel the ache of not enough, keep going. Something has not yet arrived.",Gospel of Thomas 67,Lambdin translation
1251,Y,Thomas,Gospel of Thomas 70,"Jesus said, ""That which you have will save you if you bring it forth from yourselves. That which you do not have within you will kill you if you do not have it within you.""",Bring It Forth,The kingdom is not something you download from outside. It is something you deliver from inside — or it kills you.,"What lives within you must be brought out to save you, and what is not there cannot save you at all.","This is one of Thomas's sharpest lines. There is no external rescue. Whatever will save you has to already be in you — and it has to be brought forth, expressed, lived, given away. Hidden, it does nothing. Undeveloped, it does nothing. The parable of the talents makes the same point (Mt 25:14-30) — the servant who buried his gift is the one who lost everything. The kingdom does not arrive from the sky. It rises from the inside and out into the world through your life. That is the whole shape of Jesus's way.

And the second half is the warning. What you do not have inside you will kill you if you do not have it inside you. Not a threat — a physics. If forgiveness is not in you, unforgiveness will corrode you. If love is not in you, fear will eat you. If trust — *pistis* — is not in you, anxiety will run the whole show. This is the same principle as reciprocity (Lk 6:37-38): what you give is what you get, and what is not in you cannot flow through you. The kingdom is within you (Lk 17:21). Bring it out. Everything Jesus taught in the Sermon on the Mount was a manual for doing exactly that.",Gospel of Thomas 70,Lambdin translation
1252,Y,Thomas,Gospel of Thomas 74,"He said, ""O Lord, there are many around the drinking trough, but there is nothing in the cistern.""",Nothing in the Cistern,A crowd around the trough. A dry well underneath. Presence without depth is the perennial danger.,"Many gather around the source, but the source itself has run dry when there is nothing living underneath.","This little saying reads like a lament, spoken to the Lord by someone in the community — perhaps a disciple, perhaps Jesus himself. Many are drawn to the outward form of the teaching. Few have done the interior work that fills the cistern in the first place. Crowds around a trough with no water underneath is a picture of religion without transformation. It is a picture of Jesus's own following at points in his ministry — thousands gathered for bread and healing, hundreds by the end, eleven at the cross.

The imagery is drawn straight from Jeremiah. God's complaint through the prophet was that his people had done two evils — they had forsaken him, the *fountain of living waters*, and hewn out for themselves cisterns, *broken cisterns that can hold no water* (Jer 2:13). Thomas 74 is that same complaint compressed into one line. The Nazarene community centered its life on living water — flowing, immersive, un-stored — over against the still, stagnant water of the Temple mikvaot. Jesus uses the same language with the Samaritan woman (Jn 4:10-14) and in the Temple itself (Jn 7:38). The teaching is unchanged. Do not gather around a dry cistern and call it faith. Go to the source that flows.",Gospel of Thomas 74,Lambdin translation
1253,Y,Thomas,Gospel of Thomas 80,"Jesus said, ""He who has recognized the world has found the body, but he who has found the body is superior to the world.""",Found the Body,Understand the world and you find only a body. Find the body and you already stand above it.,Recognizing the world for what it materially is puts you above being ruled by it.,"Thomas 80 is a near-twin of Thomas 56 — the same insight in slightly different key. Where 56 says *corpse*, 80 says *body*. Both are contrasting the world of matter and appearance with the awareness that perceives it. When you have actually recognized the world — its impermanence, its emptiness of the deep life you were looking for — you have found the body. And whoever has found the body is superior to it. Perception itself is the liberation.

This is not world-hating. Jesus was not a Gnostic in the later sense — he blessed bread, healed bodies, ate with sinners, celebrated weddings. The point is not that matter is evil. The point is that matter is not where the living one lives. Confusing the surface for the source is the whole problem. The kingdom is within (Lk 17:21). Life is with the Father. The world is real, but it is a body, not the soul. When you see the world for what it is, you stop asking the world to give you what only God can give. That is the freedom. Storing up treasure in heaven (Mt 6:19-21) is not about the afterlife — it is about where you locate your center of gravity right now.",Gospel of Thomas 80,Lambdin translation
1254,Y,Thomas,Gospel of Thomas 81,"Jesus said, ""Let him who has grown rich be king, and let him who possesses power renounce it.""",Renounce Power,"If you have grown rich, take the throne. If you have taken the throne, put it down. Kingdom logic runs upside-down.",Real spiritual authority comes to those who let go of the power the world hands them.,"This is Thomas turning the world's operating system on its head. Let the rich one become king — sure, take the crown you have been chasing. But whoever actually holds power, renounce it. The saying is not endorsing wealth and rule. It is exposing them. If you climb the ladder all the way to the top, the only sane thing to do at the summit is to step off. The path of the world ends in a renunciation, or it ends in ruin. There is no third option.

This is the same pattern as Jesus's teaching that the greatest among you must be the servant of all (Mk 10:42-45; Mt 20:25-28; Lk 22:25-27 — three attestations, plus John's foot-washing in Jn 13). It is the pattern of the rich young man who could not let go (Mk 10:17-22). It is the shape of Jesus's own life — refusing the wilderness temptation to rule the kingdoms of the world (Mt 4:8-10). The Ebionim — *the poor ones* — were living this deliberately, selling possessions and pooling everything (Acts 2:44-45; 4:32-35; 1QS 6). Power ungiven becomes a prison. Power given away becomes the kingdom. Jesus modelled it to the end.",Gospel of Thomas 81,Lambdin translation
1255,Y,Thomas,Gospel of Thomas 83,"Jesus said, ""The images are manifest to man, but the light in them remains concealed in the image of the light of the father. He will become manifest, but his image will remain concealed by his light.""",The Light in the Image,Everything visible is carrying a hidden light. The Father shows himself and hides himself in the same act.,The visible forms of the world contain a concealed divine light that reveals God even while veiling him.,"This is Thomas at its most contemplative. Images — every visible form, every face, every leaf — are manifest to us. But the light inside them, the light of the Father that gives them being, stays concealed inside the image. And when that light does become manifest, the image itself becomes the veil. God shows and hides in a single motion. This is how the presence works. You cannot look directly at the sun; you see it in what it lights up. You cannot look directly at God; you see God in what God is making right now.

This is the same theology as Psalm 19 — the heavens declare the glory of God, and no speech is used. It is the same as Romans 1:20 — the invisible things are seen through the things that are made. Jesus taught the same in his own way: consider the lilies (Mt 6:28); the kingdom is like a mustard seed, like leaven, like a treasure hidden in a field (Mt 13). The Father is not far away hiding behind the world. The Father is present in it and through it — visible if you have the eyes for it, invisible if you do not. Blessed are the pure in heart, for they shall see God (Mt 5:8). The seeing is a capacity, not a location.",Gospel of Thomas 83,Lambdin translation
1256,Y,Thomas,Gospel of Thomas 84,"Jesus said, ""When you see your likeness, you rejoice. But when you see your images which came into being before you, and which neither die not become manifest, how much you will have to bear!""",The Images That Came Before You,You rejoice at your reflection. Wait until you see the self that was before the reflection began.,The transient likeness you love is easy; the eternal image behind it will be harder to bear.,"You look in the mirror and enjoy what you see — the face, the personality, the story of yourself you have curated. That likeness is comfortable. Jesus is pointing to something else. There is an image of you that came into being before you did — the eternal blueprint, the *imago Dei*, what Genesis 1:27 calls the image and likeness of God. That image does not die and does not become manifest in the ordinary way. To meet it is to meet what you actually are underneath the personality. And it will cost you.

Meeting your true self is what Jesus meant by finding your *psyche* by losing it (Mt 10:39; Mk 8:35). The constructed identity has to go for the real one to be seen. That is why he said *how much you will have to bear* — the process is hard. The Nazarene practices of immersion, silence, poverty, and community existed to strip the false self back to the eternal one. Thomas 84 is describing the same journey the Sermon on the Mount describes from a different angle. The good news is that the image is already there. You did not have to create it. You only have to stop hiding from it.",Gospel of Thomas 84,Lambdin translation
1257,Y,Thomas,Gospel of Thomas 85,"Jesus said, ""Adam came into being from a great power and a great wealth, but he did not become worthy of you. For had he been worthy, he would not have experienced death.""",Adam Was Not Worthy,The first human had every advantage and still fell. You have something Adam did not — and you are meant to surpass him.,Adam had great power and wealth but was not worthy of the awakening now offered to Jesus's disciples.,"This is a hard saying to hear at first. Adam — the archetype of humanity — came into being with every advantage. Great power. Great wealth. Made in the image, walking with God in the garden. And still he did not become worthy of what Jesus is offering his disciples. If he had been worthy, he would not have experienced death. The saying is not condemning Adam personally. It is naming the whole condition Jesus came to answer. The first human fell asleep. The second human — the *bar enasha*, the human one — came to wake everyone up.

This is why Paul, at least here, was tracking with something Jesus said: the first Adam became a living being, the last Adam a life-giving spirit (1 Cor 15:45). Jesus is not offering a return to Eden. He is offering something Adam never had — full, conscious participation in the Father, on this side of the fall. The Nazarene apocalyptic worldview held that a new humanity was arriving, and this saying assumes it. You are meant to surpass Adam. That is the invitation. Not through effort, not through law-keeping, but through the awakening (*metanoia*) Jesus is holding out. What Adam lost by unconsciousness, you are meant to inherit by consciousness.",Gospel of Thomas 85,Lambdin translation
1258,Y,Thomas,Gospel of Thomas 87,"Jesus said, ""Wretched is the body that is dependant upon a body, and wretched is the soul that is dependent on these two.""",Body Depending on Body,"When flesh clings to flesh and soul clings to both, everything is upside-down. Rest in what does not decay.",A life whose body depends on other bodies and whose soul depends on those bodies is a life in bondage.,"The saying is stacked. A body that depends on another body — needing another person to complete it, to define it, to prop it up — is already in trouble. A soul that depends on those two dependent bodies is in even worse trouble. Jesus is describing the whole chain of misplaced dependency that runs modern life: needing the other person, needing their approval, and staking your inner state on that dependency. Wretched. Not because bodies are evil, but because bodies cannot bear the weight of being your source.

This is the same teaching as the Sermon on the Mount's instruction to seek first the kingdom (Mt 6:33). The Father is the source. When you are grounded in that reality, other relationships become gifts rather than lifelines. When you are ungrounded, they become the lifeline you drown clinging to. The Nazarene community structured itself around this — no clinging to family that owned you (Lk 14:26), no clinging to possessions (Mk 10:21), no clinging to status. Not because relationships and things are bad, but because a soul propped up by them cannot rest. Rest belongs to whoever is grounded in the living one (Thomas 60). Wretched is what happens when the whole tower is built on borrowed foundations.",Gospel of Thomas 87,Lambdin translation
1259,Y,Thomas,Gospel of Thomas 88,"Jesus said, ""The angels and the prophets will come to you and give to you those things you (already) have. And you too, give them those things which you have, and say to yourselves, 'When will they come and take what is theirs?'""",Give What You Have,The angels and prophets bring you what is already yours. Pass it on and ask when what belongs to them will be claimed.,"Give away what you already possess spiritually, and expect that what is yours to receive will find you.","This is an odd, luminous saying. Angels and prophets come and give you things you already have — the truth was in you before they arrived; they only reflect it back and confirm it. That is the whole function of a genuine teacher, and it is what Jesus said about himself elsewhere: the kingdom is within you (Lk 17:21). The teacher does not implant the kingdom. The teacher points you to what is already there. So when the angels and prophets deliver, they are giving you your own.

And then the turn: you too, give what you have. And ask yourselves — when will they come and take what is theirs? Meaning, when will the deep receiving happen that answers the giving? The saying reads like a picture of reciprocity in the spiritual economy. Give and it will be given (Lk 6:38). Freely you have received, freely give (Mt 10:8). What you send out returns, and what is yours to receive is waiting on your capacity to make room. This is the same operating system as the Golden Rule, applied to inner life. The measure you give is the measure you get. Angels and prophets included.",Gospel of Thomas 88,Lambdin translation
1260,Y,Thomas,Gospel of Thomas 97,"Jesus said, ""The kingdom of the father is like a certain woman who was carrying a jar full of meal. While she was walking on the road, still some distance from home, the handle of the jar broke and the meal emptied out behind her on the road. She did not realize it; she had noticed no accident. When she reached her house, she set the jar down and found it empty.""",The Empty Jar,The kingdom does not always slip away with a bang. Sometimes it just leaks out behind you while you walk.,"The kingdom can be lost quietly through inattention, without any dramatic failure, until you arrive home and find nothing left.","This is one of Thomas's most disturbing parables, and it belongs beside Jesus's other warnings about inattention. A woman walks home from the mill with a jar of meal. The handle breaks. Meal trickles out behind her the whole way home. She notices nothing. She sets the jar down. It is empty. That is the whole story. No enemy stole from her. No storm broke the jar. Her own inattention did the work. When she finally looked, everything was gone.

The kingdom is like this. Not always dramatic loss — often just a slow leak, one distracted day at a time, one small compromise, one unnoticed drift, until the interior life you thought you had is not there anymore. Jesus warned the same thing in different keys: watch and pray, stay awake, keep your lamp trimmed (Mt 25:1-13; Mk 13:33-37; Lk 12:35-40 — multiple attestations). The Two Ways is not a one-time choice. It is a daily walk on which attention is the whole practice. Paul's confess-and-you're-saved formula (Rom 10:9) has no answer to this parable, because the leak keeps happening whether you have said the words or not. Only *staying awake* keeps the jar full.",Gospel of Thomas 97,Lambdin translation
1261,Y,Thomas,Gospel of Thomas 98,"Jesus said, ""The kingdom of the father is like a certain man who wanted to kill a powerful man. In his own house he drew his sword and stuck it into the wall in order to find out whether his hand could carry through. Then he slew the powerful man.""",Testing the Sword,Practice at home what you intend to do in the world. The kingdom is built the same way.,The kingdom is like someone who first tests his capacity privately before acting on it publicly.,"This is one of the strangest kingdom parables in any gospel, and it does not appear in the canon. A man wants to kill a powerful man. Before he tries, he stabs his sword into his own wall to see whether his hand can carry the blow through. It can. So he goes and does the deed. The violent frame is startling — but the kingdom principle underneath is one Jesus taught in gentler forms. Count the cost before you build the tower. Do not go to war without first sitting down to see if you can win (Lk 14:28-32).

What you intend to do in the world, practice at home first. What you cannot yet do interiorly, you will not be able to do exteriorly. The person who wants to love enemies has to test the sword — first in prayer, in small provocations, in the household — before facing the real adversary. The kingdom is not built by sudden bursts of heroism; it is built by tested capacity. The Nazarene community's whole formation process assumed this — years of discipline before responsibility (1QS 6-7 lays out the same pattern). Jesus wants disciples who have already made the interior stroke. When the moment comes in the world, the arm is ready.",Gospel of Thomas 98,Lambdin translation
1262,Y,Thomas,Gospel of Thomas 102,"Jesus said, ""Woe to the pharisees, for they are like a dog sleeping in the manger of oxen, for neither does he eat nor does he let the oxen eat.""",Dog in the Manger,"They will not enter, and they will not let anyone else in either. That is the whole indictment.",The Pharisees block others from what they themselves refuse to receive.,"This saying has close cousins in the canonical woes. Woe to you experts in the law, Jesus says in Luke 11:52, because you have taken away the key to knowledge — you did not enter yourselves, and you hindered those who were entering. Matthew 23:13 says the same: you shut the kingdom of heaven in people's faces; you neither enter yourselves nor let those enter who are trying to. Thomas 102 gives the picture in one homely image. A dog lies in the manger of the oxen. He is not going to eat the hay. He will not let the oxen eat it either. Pure obstruction with no benefit to anyone, including himself.

This is a searing description of religion that guards a door it will not walk through. The Pharisees knew the tradition better than anyone. They studied it, argued it, defended it. But they did not enter the reality it pointed to — the mercy, the love, the kingdom within. And their gatekeeping stopped others too. Jesus reserved his sharpest anger for this pattern (Mt 23 as a whole; Mk 7:6-13 on tradition versus the commandment). The 613 laws of the scribes — what Jeremiah 8:8 called *the lying pen of the scribes* — became the manger the dog lay in. The way Jesus taught was the exact opposite: an open door, low bar, kingdom already available. If you are not going to enter, at least get out of the way.",Gospel of Thomas 102,Lambdin translation
1263,Y,Thomas,Gospel of Thomas 105,"Jesus said, ""He who knows the father and the mother will be called the son of a harlot.""",Son of a Harlot,"Know your true origin, and the world will insult you for it. The insult is the mark of the awakening.",Whoever knows the true source of their being will be slandered by a world that only recognizes worldly parentage.,"This is one of Thomas's cryptic sayings, and it takes some unfolding. In first-century Palestine, calling someone the *son of a harlot* was the gravest insult — an attack on legitimacy, honor, family name, standing in the community. Jesus says: whoever knows the true father and mother — the divine origin, the source beyond biological parentage — will get called exactly that. Because to know your true origin is to sit lightly to your worldly one, and a world that only understands worldly lineage cannot help but slander you for it.

The undertone is autobiographical. Jesus himself was called precisely that by his opponents (Jn 8:41 — *we are not born of fornication*, an insinuation cast his way). His teaching that his true family were those who did the will of the Father (Mk 3:31-35; Mt 12:46-50; Lk 8:19-21) reframed lineage entirely. To *know the father and the mother* in Thomas's sense is to know God as the source and creation as the mother — a Nazarene understanding echoed elsewhere in Thomas (Thomas 101, 105). Anyone who lives from that knowing will be misread by the world. That misreading — being called what you are not — is one of the marks of walking the narrow road. Blessed are you when they insult you falsely for my sake (Mt 5:11).",Gospel of Thomas 105,Lambdin translation
1264,Y,Thomas,Gospel of Thomas 108,"Jesus said, ""He who will drink from my mouth will become like me. I myself shall become he, and the things that are hidden will be revealed to him.""",Drink From My Mouth,The teacher and the student become one. That is the whole point of a rabbi and a talmid.,Whoever fully receives Jesus's teaching becomes like him and receives revelation of what is hidden.,"This is the *talmid* relationship spelled out in one line. In the first-century rabbinic world, a disciple did not just learn the rabbi's ideas — the disciple *became* the rabbi. Same walk, same speech, same responses to trouble. Jesus said it plainly in Matthew 10:24-25 and Luke 6:40: it is enough for the disciple to be like his teacher. John 13:15 — I have given you an example. Thomas 108 says the same thing in more intimate language. Whoever drinks from my mouth — receives the teaching directly, without filter, without dilution — becomes like me. And *I myself shall become he*. The two collapse into one shared reality.

This is the whole New Testament vision of Christ, reduced to a single mystical sentence. Not worship the teacher from a safe distance. Become the teacher. Live the way he lived. That was Jesus's whole plan — to reproduce the Christ-life in his disciples so the kingdom would keep going after him (Jn 14:12 — greater works than these). Deification came in 325 at Nicaea and turned the invitation into an object of adoration; the earlier Jewish-Christian understanding — preserved in Thomas, in the Hebrew Gospel, and in the Ebionim tradition — kept the emphasis where Jesus put it. Drink from the mouth. Become like the teacher. Then what was hidden becomes revealed — because you are now looking from inside.",Gospel of Thomas 108,Lambdin translation
1265,Y,Thomas,Gospel of Thomas 110,"Jesus said, ""Whoever finds the world and becomes rich, let him renounce the world.""",Renounce the World,"If you have found the world and grown rich in it, the next move is to let it go. Otherwise it owns you.",Whoever succeeds in the world's terms must then renounce the world to stay free.,"This is Thomas 81 in slightly different wording, and it points to the same reality. You can succeed on the world's terms — accumulate, achieve, get everything you were told to want. And once you have, the only sane response is to let it go. Not because the world is evil, but because possession without renunciation reverses the ownership. What you clutch begins to clutch you. Jesus watched a rich young man discover this in real time (Mk 10:17-22). He had kept the commandments. He had done well. The one thing he lacked was the freedom to let go. And he walked away grieved.

The Nazarene / Ebionim community made this the entry requirement. Sell what you have. Give to the poor. Follow (Mk 10:21; Acts 2:44-45; 4:32-35; 1QS 6). The community's very name — Ebionim, *the poor ones* — announced what they had renounced and what they had chosen instead. This is not asceticism for its own sake. It is the practical requirement of a heart that can actually love God and neighbor without divided loyalties. You cannot serve God and *mammon* (Mt 6:24). If you have grown rich, renounce. The renouncing is the doorway.",Gospel of Thomas 110,Lambdin translation
1266,Y,Thomas,Gospel of Thomas 111,"Jesus said, ""The heavens and the earth will be rolled up in your presence. And the one who lives from the living one will not see death."" Does not Jesus say, ""Whoever finds himself is superior to the world?""",Whoever Finds Himself,"Heaven and earth roll up in your presence when you know who you are. Find the self, transcend the world.",Whoever lives from the living source and finds their true self is beyond death and above the world.,"This saying is two teachings stitched together. First — the heavens and the earth will be rolled up in your presence. Not a cosmic destruction from outside, but a shift in what you see. When you awaken, the whole system of appearances loses the ultimacy it seemed to have. It rolls up like a scroll (echoing Isaiah 34:4 and used again in Revelation 6:14 — but here re-cast interiorly). The one who lives from the living one will not see death. This is Jesus's core promise, in many keys — whoever keeps my word will never taste death (Jn 8:51-52); everyone living and believing in me shall never die (Jn 11:26); the kingdom is within (Lk 17:21).

And then Thomas 111 turns and asks the disciples to answer their own question. *Does not Jesus say, whoever finds himself is superior to the world?* Finding yourself — the true self, the eternal image (Thomas 84), not the constructed personality — is the whole liberation. From that vantage the world no longer looms. It rolls up. The Nazarene apocalyptic hope of a new heaven and new earth got translated by Jesus into an interior event that begins here and now. The end of the world is already happening in every awakened heart.",Gospel of Thomas 111,Lambdin translation
1267,Y,Thomas,Gospel of Thomas 112,"Jesus said, ""Woe to the flesh that depends on the soul; woe to the soul that depends on the flesh.""",Flesh and Soul,Neither is meant to lean on the other. Both were meant to lean on God.,A flesh that leans on soul and a soul that leans on flesh are both in trouble — both were made to rest in God.,"This paired *woe* is deceptively simple. Woe to the flesh that depends on the soul. Woe to the soul that depends on the flesh. Neither dependency works. If your body-life is trying to draw its meaning from your interior life, and your interior life is trying to draw its meaning from your body-life, the whole system collapses into itself. Both flesh and soul were made to rest in the Father — the *living one* Thomas keeps naming. Any other arrangement is bondage.

This is not the Greek dualism that later Christianity absorbed, where flesh is bad and spirit is good. Jesus was Jewish. He blessed bread and fish, he touched lepers, he wept at graves. Body and soul are both good. What he is warning against is the wrong hierarchy — either using the interior to prop up the exterior (spiritualizing to justify appetite) or using the exterior to prop up the interior (looking to appearances to give you an identity). Both are backwards. The right order is what Jesus prayed: our Father, thy will, thy kingdom, on earth as in heaven (Mt 6:9-10). Body and soul both aligned upward, both grounded in the source. That is the way the whole life stops being wretched and starts being kingdom.",Gospel of Thomas 112,Lambdin translation
1268,Y,Thomas,Gospel of Thomas 114,"Simon Peter said to him, ""Let Mary leave us, for women are not worthy of life."" Jesus said, ""I myself shall lead her in order to make her male, so that she too may become a living spirit resembling you males. For every woman who will make herself male will enter the kingdom of heaven."" The Gospel According to Thomas",Mary Made Living Spirit,Peter tries to exclude Mary. Jesus refuses. Whoever awakens the living spirit — man or woman — is in the kingdom.,Jesus defends Mary against Peter's exclusion and declares that every woman who awakens the living spirit within enters the kingdom.,"This is the most controversial saying in Thomas, and the most misread. Peter says let Mary leave us, for women are not worthy of life — a straight statement of the patriarchal assumption of the era. Jesus refuses. He says he himself will lead her, so that she too becomes a *living spirit* like the male disciples. In first-century language, *male* was code for the fully-realized human — active, awake, participating. *Female*, in this same rhetorical frame, meant the un-awakened, the receptive-only, the not-yet. Jesus is not erasing Mary. He is dignifying her. He is telling Peter that she has the same access to becoming a living spirit that any of them do. The saying is Jesus's refusal to let his community exclude women — a refusal consistent with everything the gospels report about him.

Jesus consistently included women in ways scandalous to his culture. Mary Magdalene funded his ministry (Lk 8:1-3). The Samaritan woman became the first evangelist (Jn 4). Mary of Bethany sat at his feet as a disciple (Lk 10:38-42). Women were the first witnesses to the resurrection (Mk 16; Mt 28; Lk 24; Jn 20). The Gospel of Mary shows her teaching the male disciples what the Savior told her. Thomas 114 is the earliest scene of the tension between Peter and Mary that runs through several of the extra-canonical gospels — and Jesus, in every version, sides with Mary. The saying that sounds sexist on modern ears is in fact Jesus dismantling Peter's sexism by insisting Mary belongs.",Gospel of Thomas 114,Lambdin translation
1269,Y,Mary,Gospel of Mary 7:1-8:11,"""Every nature, every form, every creature exists in and with each other, but they'll dissolve again into their own roots, because the nature of matter dissolves into its nature alone. Anyone who has ears to hear should hear! ... Sin doesn't exist, but you're the ones who make sin when you act in accordance with the nature of adultery, which is called 'sin.' That's why the Good came among you, up to the things of every nature in order to restore it within its root. ... That's why you get sick and die, because you love what tricks you. Anyone who can understand should understand! Matter gave birth to a passion that has no image because it came from what's contrary to nature. Then confusion arises in the whole body. That's why I told you to be content at heart. If you're discontented, find contentment in the presence of the various images of nature.""",What Matter Cannot Hold,Sin does not exist as a thing. It is what you make when you act against your true nature.,"Every created form returns to its root, sin is not a substance but an action against nature, and inner contentment is the medicine.","This is a rich teaching from the Savior in the Gospel of Mary — dialogue material recorded in the community around Mary Magdalene after the resurrection. The Savior begins with metaphysics. Every nature, every form, every creature holds together in mutual dependence and eventually dissolves back into its own root. Matter returns to matter. Nothing here is being demonized — this is simply how the material order works. Then the pivot that jumps off the page: *sin does not exist*. Not as a substance, not as a stain, not as a thing baked into you at birth. Sin is what you *make* when you act contrary to your true nature. It is a verb, not a noun. This is exactly the Jesus Way understanding of sin — harm you do, not a metaphysical debt you owe.

The Good — the Christ presence — came among people to restore every nature back into its root, back into alignment with what it was made to be. Sickness and death arise, the Savior says, from loving what tricks you — attachment to what cannot hold you. The prescription is to *be content at heart*. That is the same instruction Paul got in a lucid moment (Phil 4:11) and the same instruction the Psalms return to (Ps 23, Ps 131). Contentment is not passivity. It is the interior state that has stopped chasing what matter cannot deliver. This teaching contradicts the entire later doctrine of original sin as an inherited stain requiring blood atonement. There is no such stain here. There is only the ongoing invitation to return to root and rest.",Gospel of Mary 7:1-8:11,"Gospel of Mary interlinear (Berlin Codex BG 8502,1)"
1270,Y,Mary,Gospel of Mary 8:12-21,"""Peace be with you! Acquire my peace. Be careful not to let anyone mislead you by saying, 'Look over here!' or 'Look over there!' Because the Son of Humanity exists within you. Follow him! Those who seek him will find him. Go then and preach the gospel about the kingdom. Don't lay down any rules beyond what I've given you, nor make a law like the lawgiver, lest you be bound by it.""",Peace Be With You,The Son of Humanity is within you. Follow him. And do not build a new law where he refused to build one.,"Jesus commissions the disciples with peace, tells them the kingdom is within, and forbids adding rules or laws beyond what he taught.","This is the Savior's parting instruction in the Gospel of Mary, and it is one of the most concentrated summaries of the Jesus Way anywhere in the early literature. Peace be with you. Acquire my peace — meaning it is a state to be cultivated, not just a greeting. Then the warning against being misled by anyone pointing outward — do not look over here, do not look over there. Why? Because *the Son of Humanity exists within you*. This is the *bar enasha*, the human one, present as an interior reality. It is Luke 17:21 in different wording, and Thomas 3, and Thomas 113. The whole gospel of Jesus in one line — the kingdom, the Christ, the son of the human, is within.

Then the commission. Go preach the gospel about the kingdom — the good news that the kingdom is here, now, within and among people. And then the extraordinary command: *do not lay down any rules beyond what I've given you, nor make a law like the lawgiver, lest you be bound by it.* This is Jesus telling his disciples not to become new Moses figures generating new legal codes. The law he gave was already reduced to its essence — love God, love neighbor (Mk 12:29-31). Do not add to it. The tragedy of church history is that this instruction was largely ignored — Paul built new theology, later councils built creeds and canons, and Christianity accumulated exactly the kind of legal apparatus the Savior warned against. Peace comes from the interior source. Rules built on top of it are the very trap he came to open.",Gospel of Mary 8:12-21,"Gospel of Mary interlinear (Berlin Codex BG 8502,1)"
1271,Y,Mary,Gospel of Mary 10:14-23,"""You're blessed because you didn't waver at the sight of me. For where the mind is, there is the treasure."" (To Mary's vision query:) ""They don't see in the soul or in the spirit, but the mind which exists between the two is what sees the vision.""",Where the Mind Is,"The mind is what sees. Not the eyes, not the flesh — the faculty between soul and spirit that turns toward the treasure and beholds it.","You see spiritual reality with the mind that stands between soul and spirit, and where that mind is fixed, there your treasure lies.","Mary Magdalene has just told the disciples that the risen teacher appeared to her in a vision. Peter and Andrew scoff. But in the fragment that survives, Jesus first blesses Mary for not wavering at the sight of him and gives the reason: where the mind is, there is the treasure. It is the same principle Jesus states in the Sermon on the Mount — where your treasure is, there your heart will be — turned around and sharpened. What you fix your mind on is what you have. Attention is possession. If your mind is fixed on the kingdom, you are in the kingdom. If it is fixed on lack, grievance, or fear, that is your treasure and that is where you live.

Then the anatomy of vision. The disciples ask how anyone actually sees the Lord in a vision — with soul or with spirit? Jesus answers that it is neither. It is the *nous* — the mind that stands between soul and spirit — that beholds. This is the same *nous* that undergoes *metanoia* — transformation of consciousness. It is not the reasoning intellect and it is not raw emotion. It is the inner faculty that can turn and see. The Gospel of Mary, preserved only in a fifth-century Coptic codex with pages missing, sits inside the same stream as Thomas 3 and Luke 17:21: the kingdom is inward, and it is seen by an inward organ. Mary is not making up a private mysticism — she is reporting what the teacher taught, and she is being told, plainly, that she got it right and the men who mocked her did not.",Gospel of Mary 10:14-23,"Gospel of Mary interlinear (Berlin Codex BG 8502,1)"
1272,Y,Peter,Gospel of Peter 5:19,"""My power, O power, thou hast forsaken me!""","My Power, My Power","The Gospel of Peter's cry from the cross — not ""my God"" but ""my power"" — the divine strength within, spoken of as departing at the moment of death.","In the Gospel of Peter's cross scene, Jesus calls out to the divine power within him as it withdraws at the moment of death.","The Gospel of Peter is a second-century passion narrative, known only in a fragment found at Akhmim in Egypt in 1886, and quoted by Bishop Serapion around 190 AD before he pulled it from his church for its unorthodox flavor. In its crucifixion scene, the cry from the cross is not the Psalm 22 line the canonical gospels give — *Eloi, Eloi, lama sabachthani* — but a different sentence: my power, O power, thou hast forsaken me. Then, the text says, he was taken up. The wording matters. Peter is not reporting the Aramaic of Psalm 22. He is describing an inward event — the *dynamis*, the divine power that had rested on Jesus through his ministry, departing at the moment of death.

Early Jewish-Christian groups read this line without embarrassment. For the Ebionim and the Nazarenes, Jesus was the human one — *bar enasha* — anointed and empowered by the Spirit from his baptism forward, the prophet-like-Moses of Deuteronomy 18. The power was real and it was God's, but it rested on a human being. What Peter's fragment preserves is that older way of speaking, before Nicaea in 325 AD collapsed the distinction and made Jesus co-eternal deity. It is the same instinct that shows up when Jesus turns healing back on the person — *your* faith has made you whole — and when he tells the disciples they will do greater works than these. The power is available. It rested on him, and the invitation of the Jesus way is that it can rest on you.",Gospel of Peter 5:19,Gospel of Peter (M.R. James translation)
1273,Y,Ebionites,Gospel of the Ebionites (Panarion 30.16.4-5),"I am come to do away with sacrifices, and if you cease not sacrificing, the wrath of God will not cease from you.",I Come to Abolish Sacrifices,"""I am come to do away with sacrifices.""","Jesus came to end the sacrificial system, not to complete it with his own blood.","This is the sentence the Jesus Way keeps returning to, preserved outside the canon by the Ebionim — the poor ones, the community that traced its lineage through James the brother of Jesus and never left Jerusalem. Epiphanius quotes it in the 370s while attacking them, which is exactly why it survived: he needed to prove they were heretics for saying it. *I have come to do away with sacrifices, and if you cease not sacrificing, the wrath of God will not cease from you.* No sacrificial theology. No blood atonement. No lamb required. The Temple's whole economy — priest, altar, animal, blood, receipt — is what Jesus came to end. And the community closest to him in blood and geography preserved that teaching against every incentive to soften it.

The saying is not an outlier — it is the Nazarene position, spoken plainly. The Hebrew prophets Jesus quoted had said it first: God takes no delight in sacrifice (Ps 40:6, Ps 51:16), never asked for it (Jer 7:22), desires mercy and not sacrifice (Hos 6:6 — which Jesus quotes twice, Mt 9:13 and 12:7). Amos 5, Isaiah 1, Micah 6, Ps 40 all carry the same message. When Jesus cleansed the Temple with Jeremiah 7:11 on his lips, he was enacting this teaching, not improvising. And when Paul later built a theology on Jesus's blood as the required sacrifice (Rom 3:25, Heb 9:22), he wrote the opposite of what the Ebionim, closest to the source, said Jesus actually taught. Epiphanius accused the Ebionites of perverting Jesus's words only a hundred years after his death; the more likely reading is that they kept them, and the church that persecuted them changed them.",Gospel of the Ebionites Panarion 30.16.4-5 | Hos 6:6; Jer 7:22; Ps 40:6; Ps 51:16; Amos 5:21-24; Micah 6:6-8; Isa 1:11-17 | Related: Mt 9:13; Mt 12:7 (Jesus citing Hos 6:6),"Epiphanius, Panarion 30.16.4-5"
